id,value
07-01-2026 09:15||NIFTY27JAN2624100PE,0.1638316966250915
07-01-2026 09:15||NIFTY27JAN2625500CE,0.1160271567821878
07-01-2026 09:15||NIFTY27JAN2625800CE,0.1008424682008999
07-01-2026 09:20||NIFTY27JAN2624000PE,0.1712090625672145
07-01-2026 09:20||NIFTY27JAN2624200PE,0.1594993395893368
07-01-2026 09:20||NIFTY27JAN2624800PE,0.1287981233748907
07-01-2026 09:20||NIFTY27JAN2625000PE,0.1185957144299673
07-01-2026 09:20||NIFTY27JAN2625300CE,0.0864366805186212
07-01-2026 09:20||NIFTY27JAN2625400CE,0.1034417515394455
07-01-2026 09:20||NIFTY27JAN2625800CE,0.1045402118914485
07-01-2026 09:20||NIFTY27JAN2625900CE,0.1009818790173523
07-01-2026 09:25||NIFTY27JAN2624300PE,0.1535271811489958
07-01-2026 09:25||NIFTY27JAN2625100PE,0.1124972116708423
07-01-2026 09:25||NIFTY27JAN2625300CE,0.0989059956114148
07-01-2026 09:25||NIFTY27JAN2626500CE,0.0850791089739907
07-01-2026 09:30||NIFTY27JAN2623900PE,0.1762125040814323
07-01-2026 09:30||NIFTY27JAN2624300PE,0.1523998487090112
07-01-2026 09:30||NIFTY27JAN2625900CE,0.0997314416318298
07-01-2026 09:30||NIFTY27JAN2626400CE,0.0896755798488059
07-01-2026 09:35||NIFTY27JAN2623900PE,0.1767531841174535
07-01-2026 09:35||NIFTY27JAN2624600PE,0.1371647941027787
07-01-2026 09:35||NIFTY27JAN2625100PE,0.1115986644517232
07-01-2026 09:35||NIFTY27JAN2625900CE,0.1009342859237982
07-01-2026 09:35||NIFTY27JAN2626100CE,0.0960145601906211
07-01-2026 09:40||NIFTY27JAN2625100PE,0.1106511420657225
07-01-2026 09:40||NIFTY27JAN2625600CE,0.0864000164826274
07-01-2026 09:40||NIFTY27JAN2625800CE,0.0877904451386679
07-01-2026 09:40||NIFTY27JAN2625900CE,0.0849151506606174
07-01-2026 09:40||NIFTY27JAN2626200CE,0.0841979755945278
07-01-2026 09:45||NIFTY27JAN2625000PE,0.1163334512072145
07-01-2026 09:45||NIFTY27JAN2625200CE,0.1224218826609277
07-01-2026 09:45||NIFTY27JAN2625900CE,0.0985097498010652
07-01-2026 09:45||NIFTY27JAN2626400CE,0.0895802690135053
07-01-2026 09:50||NIFTY27JAN2623800PE,0.1806601466820986
07-01-2026 09:50||NIFTY27JAN2624500PE,0.1411326367621744
07-01-2026 09:50||NIFTY27JAN2624900PE,0.1208152795005971
07-01-2026 09:50||NIFTY27JAN2625200CE,0.1239218539076505
07-01-2026 09:50||NIFTY27JAN2625500CE,0.1119023077672416
07-01-2026 09:50||NIFTY27JAN2625600CE,0.10712447547556
07-01-2026 09:50||NIFTY27JAN2626400CE,0.0881234636125529
07-01-2026 09:55||NIFTY27JAN2624300PE,0.1517741540072607
07-01-2026 09:55||NIFTY27JAN2624700PE,0.1303649992173081
07-01-2026 09:55||NIFTY27JAN2625000PE,0.1152852471613659
07-01-2026 09:55||NIFTY27JAN2625500CE,0.1276258466823986
07-01-2026 09:55||NIFTY27JAN2625800CE,0.1083291542745476
07-01-2026 09:55||NIFTY27JAN2625900CE,0.1057274847267901
07-01-2026 10:00||NIFTY27JAN2624600PE,0.1375797610290625
07-01-2026 10:00||NIFTY27JAN2625000PE,0.1174733857967945
07-01-2026 10:00||NIFTY27JAN2625900CE,0.0986451909346174
07-01-2026 10:00||NIFTY27JAN2626100CE,0.0943282915860689
07-01-2026 10:00||NIFTY27JAN2626500CE,0.0877239285619538
07-01-2026 10:05||NIFTY27JAN2625200CE,0.0914074682641194
07-01-2026 10:05||NIFTY27JAN2625500CE,0.1126094461690272
07-01-2026 10:05||NIFTY27JAN2626300CE,0.0940498143906666
07-01-2026 10:10||NIFTY27JAN2623800PE,0.182943338268558
07-01-2026 10:10||NIFTY27JAN2623900PE,0.1765208302980639
07-01-2026 10:10||NIFTY27JAN2624200PE,0.1604511637153859
07-01-2026 10:10||NIFTY27JAN2625500CE,0.1039580905394874
07-01-2026 10:10||NIFTY27JAN2625600CE,0.102538994134498
07-01-2026 10:10||NIFTY27JAN2625700CE,0.1022106191211102
07-01-2026 10:10||NIFTY27JAN2625900CE,0.1017556324682897
07-01-2026 10:10||NIFTY27JAN2626000CE,0.0998141537606203
07-01-2026 10:15||NIFTY27JAN2623900PE,0.17786827723511
07-01-2026 10:15||NIFTY27JAN2625700CE,0.0892986749914131
07-01-2026 10:15||NIFTY27JAN2626100CE,0.0865710197202113
07-01-2026 10:15||NIFTY27JAN2626200CE,0.0857640444210521
07-01-2026 10:15||NIFTY27JAN2626500CE,0.0838357332479248
07-01-2026 10:20||NIFTY27JAN2624000PE,0.1735469058556654
07-01-2026 10:20||NIFTY27JAN2624200PE,0.1612343464060985
07-01-2026 10:20||NIFTY27JAN2624300PE,0.1553510327402973
07-01-2026 10:20||NIFTY27JAN2624500PE,0.1452452628377681
07-01-2026 10:20||NIFTY27JAN2625500CE,0.1152910237941035
07-01-2026 10:20||NIFTY27JAN2625700CE,0.1033791654149088
07-01-2026 10:20||NIFTY27JAN2626100CE,0.0906797026750035
07-01-2026 10:25||NIFTY27JAN2624000PE,0.1723199074815886
07-01-2026 10:25||NIFTY27JAN2624100PE,0.1662753905140131
07-01-2026 10:25||NIFTY27JAN2625600CE,0.0979718138018732
07-01-2026 10:25||NIFTY27JAN2625700CE,0.0948105067889099
07-01-2026 10:25||NIFTY27JAN2626100CE,0.0894275153383097
07-01-2026 10:30||NIFTY27JAN2624200PE,0.1593630400418565
07-01-2026 10:30||NIFTY27JAN2625100PE,0.1101785985787777
07-01-2026 10:30||NIFTY27JAN2625500CE,0.1139438721024553
07-01-2026 10:30||NIFTY27JAN2625600CE,0.1095794275939509
07-01-2026 10:30||NIFTY27JAN2626000CE,0.0972543920248004
07-01-2026 10:30||NIFTY27JAN2626200CE,0.0919153577470837
07-01-2026 10:30||NIFTY27JAN2626300CE,0.0897240282862231
07-01-2026 10:35||NIFTY27JAN2623800PE,0.181312375870507
07-01-2026 10:35||NIFTY27JAN2624200PE,0.1588428851394213
07-01-2026 10:35||NIFTY27JAN2624500PE,0.1427926957844467
07-01-2026 10:35||NIFTY27JAN2625000PE,0.116445483647523
07-01-2026 10:35||NIFTY27JAN2625400CE,0.122238490878871
07-01-2026 10:35||NIFTY27JAN2625500CE,0.1165329652553972
07-01-2026 10:35||NIFTY27JAN2626100CE,0.0948065248330461
07-01-2026 10:35||NIFTY27JAN2626300CE,0.090824971444259
07-01-2026 10:40||NIFTY27JAN2623900PE,0.1766960777494368
07-01-2026 10:40||NIFTY27JAN2624900PE,0.1224234426723068
07-01-2026 10:40||NIFTY27JAN2625100PE,0.1111992281192036
07-01-2026 10:40||NIFTY27JAN2625200CE,0.1399631161463832
07-01-2026 10:40||NIFTY27JAN2625400CE,0.124449929454236
07-01-2026 10:40||NIFTY27JAN2625600CE,0.103344092229631
07-01-2026 10:40||NIFTY27JAN2625800CE,0.1013164156820266
07-01-2026 10:40||NIFTY27JAN2626100CE,0.0926857643074878
07-01-2026 10:40||NIFTY27JAN2626300CE,0.088870179138832
07-01-2026 10:45||NIFTY27JAN2624000PE,0.1715033467618268
07-01-2026 10:45||NIFTY27JAN2625100PE,0.1111929980885843
07-01-2026 10:45||NIFTY27JAN2625300CE,0.118357832060161
07-01-2026 10:45||NIFTY27JAN2626000CE,0.0955085588462823
07-01-2026 10:45||NIFTY27JAN2626400CE,0.0871609766482368
07-01-2026 10:50||NIFTY27JAN2623900PE,0.176423563531549
07-01-2026 10:50||NIFTY27JAN2624200PE,0.1595855838362297
07-01-2026 10:50||NIFTY27JAN2625600CE,0.111439557311408
07-01-2026 10:50||NIFTY27JAN2625800CE,0.1052446608478554
07-01-2026 10:55||NIFTY27JAN2624300PE,0.1548770088702537
07-01-2026 10:55||NIFTY27JAN2624900PE,0.1239277168662681
07-01-2026 10:55||NIFTY27JAN2625500CE,0.1035921005878674
07-01-2026 11:00||NIFTY27JAN2624200PE,0.1609138218903793
07-01-2026 11:00||NIFTY27JAN2626500CE,0.0882788044807764
07-01-2026 11:05||NIFTY27JAN2624300PE,0.1555677313990703
07-01-2026 11:05||NIFTY27JAN2624600PE,0.1405001249131582
07-01-2026 11:05||NIFTY27JAN2624800PE,0.1300164001746049
07-01-2026 11:05||NIFTY27JAN2625200CE,0.1162346737291936
07-01-2026 11:05||NIFTY27JAN2626000CE,0.0963123064713514
07-01-2026 11:05||NIFTY27JAN2626200CE,0.090263478046292
07-01-2026 11:10||NIFTY27JAN2624400PE,0.1497831592532729
07-01-2026 11:10||NIFTY27JAN2624800PE,0.1289344560733904
07-01-2026 11:10||NIFTY27JAN2625200CE,0.1354137336994465
07-01-2026 11:10||NIFTY27JAN2625500CE,0.1109354107998909
07-01-2026 11:10||NIFTY27JAN2625700CE,0.0976943186555669
07-01-2026 11:10||NIFTY27JAN2625900CE,0.0926631800767967
07-01-2026 11:10||NIFTY27JAN2626300CE,0.0867794598277388
07-01-2026 11:15||NIFTY27JAN2624000PE,0.1717889826453645
07-01-2026 11:15||NIFTY27JAN2624800PE,0.127700288070273
07-01-2026 11:15||NIFTY27JAN2625400CE,0.1322395687096838
07-01-2026 11:15||NIFTY27JAN2626100CE,0.0950582240765276
07-01-2026 11:15||NIFTY27JAN2626300CE,0.0908590486084136
07-01-2026 11:20||NIFTY27JAN2623800PE,0.1818366098282198
07-01-2026 11:20||NIFTY27JAN2624200PE,0.1596712100679281
07-01-2026 11:20||NIFTY27JAN2624900PE,0.1222011338177203
07-01-2026 11:20||NIFTY27JAN2625300CE,0.1190260198614766
07-01-2026 11:20||NIFTY27JAN2625700CE,0.0995363222068412
07-01-2026 11:20||NIFTY27JAN2626000CE,0.0935565983479725
07-01-2026 11:25||NIFTY27JAN2623800PE,0.1812819605434667
07-01-2026 11:25||NIFTY27JAN2624400PE,0.1482020872728712
07-01-2026 11:25||NIFTY27JAN2624800PE,0.1269693870265464
07-01-2026 11:25||NIFTY27JAN2625300CE,0.1273919646219592
07-01-2026 11:25||NIFTY27JAN2625700CE,0.1063770042698344
07-01-2026 11:25||NIFTY27JAN2625800CE,0.1026015724384176
07-01-2026 11:25||NIFTY27JAN2625900CE,0.0986337006090022
07-01-2026 11:25||NIFTY27JAN2626000CE,0.096909322682202
07-01-2026 11:25||NIFTY27JAN2626200CE,0.0916894721529324
07-01-2026 11:30||NIFTY27JAN2624300PE,0.1536015158299824
07-01-2026 11:30||NIFTY27JAN2624400PE,0.1481263459480584
07-01-2026 11:35||NIFTY27JAN2624900PE,0.1228276860625241
07-01-2026 11:35||NIFTY27JAN2626300CE,0.0873100967225011
07-01-2026 11:40||NIFTY27JAN2624000PE,0.1716579642624456
07-01-2026 11:40||NIFTY27JAN2624500PE,0.1431204045643765
07-01-2026 11:40||NIFTY27JAN2625200CE,0.149016042871616
07-01-2026 11:40||NIFTY27JAN2625900CE,0.1019296339935514
07-01-2026 11:45||NIFTY27JAN2624000PE,0.1712374598992214
07-01-2026 11:45||NIFTY27JAN2625000PE,0.1159882768796434
07-01-2026 11:45||NIFTY27JAN2625500CE,0.1159304663845953
07-01-2026 11:45||NIFTY27JAN2625600CE,0.1108092104486642
07-01-2026 11:45||NIFTY27JAN2626400CE,0.0886423068748981
07-01-2026 11:50||NIFTY27JAN2624000PE,0.1712399413493795
07-01-2026 11:50||NIFTY27JAN2624600PE,0.1369767947266887
07-01-2026 11:50||NIFTY27JAN2625700CE,0.1016620375278942
07-01-2026 11:50||NIFTY27JAN2626400CE,0.0854967169375814
07-01-2026 11:55||NIFTY27JAN2623900PE,0.1753312073800657
07-01-2026 11:55||NIFTY27JAN2625200CE,0.152068110098005
07-01-2026 11:55||NIFTY27JAN2625400CE,0.1236912877977626
07-01-2026 11:55||NIFTY27JAN2626100CE,0.0926736282545181
07-01-2026 11:55||NIFTY27JAN2626300CE,0.0887083785667726
07-01-2026 12:00||NIFTY27JAN2624300PE,0.1523575764004351
07-01-2026 12:00||NIFTY27JAN2624500PE,0.1413631087284621
07-01-2026 12:00||NIFTY27JAN2625500CE,0.116505360674587
07-01-2026 12:00||NIFTY27JAN2625600CE,0.1088591362957956
07-01-2026 12:00||NIFTY27JAN2626400CE,0.0873157749720923
07-01-2026 12:05||NIFTY27JAN2624200PE,0.1577176299110015
07-01-2026 12:05||NIFTY27JAN2624300PE,0.1523515870359979
07-01-2026 12:05||NIFTY27JAN2625300CE,0.141181436735126
07-01-2026 12:05||NIFTY27JAN2625900CE,0.1013028457355982
07-01-2026 12:05||NIFTY27JAN2626000CE,0.0995458711924762
07-01-2026 12:05||NIFTY27JAN2626300CE,0.0905373047042072
07-01-2026 12:05||NIFTY27JAN2626400CE,0.0890183357358035
07-01-2026 12:10||NIFTY27JAN2624000PE,0.1692524963095605
07-01-2026 12:10||NIFTY27JAN2625200CE,0.1555080187492246
07-01-2026 12:10||NIFTY27JAN2625600CE,0.1135547470837468
07-01-2026 12:10||NIFTY27JAN2626500CE,0.0878445224163334
07-01-2026 12:15||NIFTY27JAN2624300PE,0.1512616047453958
07-01-2026 12:15||NIFTY27JAN2625000PE,0.115815127965447
07-01-2026 12:15||NIFTY27JAN2625100PE,0.1106318959731774
07-01-2026 12:15||NIFTY27JAN2625300CE,0.1474583138545963
07-01-2026 12:15||NIFTY27JAN2625500CE,0.1210856344705659
07-01-2026 12:15||NIFTY27JAN2625600CE,0.1137389063144182
07-01-2026 12:20||NIFTY27JAN2624000PE,0.1690139395554874
07-01-2026 12:20||NIFTY27JAN2624400PE,0.1457921993756645
07-01-2026 12:20||NIFTY27JAN2625100PE,0.1085972322556344
07-01-2026 12:20||NIFTY27JAN2626100CE,0.0957607485082125
07-01-2026 12:25||NIFTY27JAN2624400PE,0.1462466459799315
07-01-2026 12:25||NIFTY27JAN2624600PE,0.1354172379892218
07-01-2026 12:25||NIFTY27JAN2624700PE,0.1304156519137314
07-01-2026 12:25||NIFTY27JAN2625300CE,0.1337330882353861
07-01-2026 12:25||NIFTY27JAN2626300CE,0.0901139572381758
07-01-2026 12:30||NIFTY27JAN2623800PE,0.1798407197663501
07-01-2026 12:30||NIFTY27JAN2624000PE,0.1694734674490272
07-01-2026 12:30||NIFTY27JAN2624100PE,0.1633369186204608
07-01-2026 12:30||NIFTY27JAN2624500PE,0.1411234009177301
07-01-2026 12:30||NIFTY27JAN2624600PE,0.1354139986141425
07-01-2026 12:30||NIFTY27JAN2625200CE,0.1378672486917297
07-01-2026 12:30||NIFTY27JAN2626300CE,0.0914253778150501
07-01-2026 12:35||NIFTY27JAN2625100PE,0.1094937706189971
07-01-2026 12:35||NIFTY27JAN2625300CE,0.1308507296725564
07-01-2026 12:35||NIFTY27JAN2625400CE,0.1235946690532261
07-01-2026 12:35||NIFTY27JAN2626300CE,0.0910628498111637
07-01-2026 12:35||NIFTY27JAN2626500CE,0.0881901141752331
07-01-2026 12:40||NIFTY27JAN2625100PE,0.1089679484277067
07-01-2026 12:40||NIFTY27JAN2625700CE,0.1003295144839831
07-01-2026 12:45||NIFTY27JAN2623800PE,0.1785646453553116
07-01-2026 12:45||NIFTY27JAN2624000PE,0.1669590823397264
07-01-2026 12:45||NIFTY27JAN2624900PE,0.1192143175687463
07-01-2026 12:45||NIFTY27JAN2625000PE,0.1141247564892239
07-01-2026 12:45||NIFTY27JAN2625800CE,0.1023750473039649
07-01-2026 12:45||NIFTY27JAN2626400CE,0.0874115276690784
07-01-2026 12:50||NIFTY27JAN2624400PE,0.1452825452451093
07-01-2026 12:50||NIFTY27JAN2624700PE,0.1290623900218694
07-01-2026 12:50||NIFTY27JAN2625100PE,0.1089307169230705
07-01-2026 12:50||NIFTY27JAN2626300CE,0.0904269737878748
07-01-2026 12:55||NIFTY27JAN2623800PE,0.1796198858796082
07-01-2026 12:55||NIFTY27JAN2623900PE,0.173684399445427
07-01-2026 12:55||NIFTY27JAN2625100PE,0.1086369490370886
07-01-2026 12:55||NIFTY27JAN2625200CE,0.1316280466935157
07-01-2026 12:55||NIFTY27JAN2625300CE,0.1278303529382495
07-01-2026 13:00||NIFTY27JAN2624000PE,0.1688518420258667
07-01-2026 13:00||NIFTY27JAN2624400PE,0.1459322605599742
07-01-2026 13:00||NIFTY27JAN2624600PE,0.1347716856341578
07-01-2026 13:00||NIFTY27JAN2625300CE,0.1262309569343053
07-01-2026 13:00||NIFTY27JAN2625800CE,0.1047749667443977
07-01-2026 13:05||NIFTY27JAN2623900PE,0.1739716871251963
07-01-2026 13:05||NIFTY27JAN2624700PE,0.1298387297200855
07-01-2026 13:05||NIFTY27JAN2625200CE,0.1251098792678385
07-01-2026 13:05||NIFTY27JAN2625400CE,0.1177827423295456
07-01-2026 13:05||NIFTY27JAN2626100CE,0.0934636857721522
07-01-2026 13:10||NIFTY27JAN2624400PE,0.1460047714762856
07-01-2026 13:10||NIFTY27JAN2624700PE,0.1300766285854124
07-01-2026 13:10||NIFTY27JAN2625400CE,0.1183205870078239
07-01-2026 13:10||NIFTY27JAN2625900CE,0.0966311753862965
07-01-2026 13:10||NIFTY27JAN2626400CE,0.086840570946932
07-01-2026 13:15||NIFTY27JAN2624600PE,0.1345631393428866
07-01-2026 13:15||NIFTY27JAN2625400CE,0.122840856076963
07-01-2026 13:15||NIFTY27JAN2625500CE,0.1193805313884262
07-01-2026 13:15||NIFTY27JAN2625700CE,0.1082435725555176
07-01-2026 13:15||NIFTY27JAN2625800CE,0.1038827643883936
07-01-2026 13:15||NIFTY27JAN2626400CE,0.0878958533652984
07-01-2026 13:20||NIFTY27JAN2624000PE,0.1682824288363415
07-01-2026 13:20||NIFTY27JAN2624500PE,0.14014745562196
07-01-2026 13:20||NIFTY27JAN2624800PE,0.1245519546484461
07-01-2026 13:20||NIFTY27JAN2624900PE,0.1191424584669381
07-01-2026 13:20||NIFTY27JAN2625000PE,0.1140265810351855
07-01-2026 13:20||NIFTY27JAN2626300CE,0.0872906934018465
07-01-2026 13:25||NIFTY27JAN2624200PE,0.1553709967352194
07-01-2026 13:25||NIFTY27JAN2624600PE,0.1329711818962668
07-01-2026 13:25||NIFTY27JAN2624700PE,0.1277166095203288
07-01-2026 13:25||NIFTY27JAN2625100PE,0.1069320706149298
07-01-2026 13:25||NIFTY27JAN2626300CE,0.0889392320235303
07-01-2026 13:25||NIFTY27JAN2626400CE,0.0874745913916502
07-01-2026 13:25||NIFTY27JAN2626500CE,0.0861732286820547
07-01-2026 13:30||NIFTY27JAN2624000PE,0.1670443046212105
07-01-2026 13:30||NIFTY27JAN2624400PE,0.1441252154841443
07-01-2026 13:30||NIFTY27JAN2624600PE,0.1329773884902889
07-01-2026 13:30||NIFTY27JAN2624900PE,0.1173880077235334
07-01-2026 13:30||NIFTY27JAN2625300CE,0.1364450315754539
07-01-2026 13:30||NIFTY27JAN2625700CE,0.1095985968735861
07-01-2026 13:30||NIFTY27JAN2625800CE,0.104169002511904
07-01-2026 13:30||NIFTY27JAN2626500CE,0.0870565902073571
07-01-2026 13:35||NIFTY27JAN2623900PE,0.1721192835914448
07-01-2026 13:35||NIFTY27JAN2624200PE,0.1554471122551877
07-01-2026 13:35||NIFTY27JAN2624300PE,0.1499757510727398
07-01-2026 13:35||NIFTY27JAN2625100PE,0.1071430521549805
07-01-2026 13:35||NIFTY27JAN2625200CE,0.133257478613458
07-01-2026 13:35||NIFTY27JAN2625300CE,0.1377896952215354
07-01-2026 13:40||NIFTY27JAN2624300PE,0.1498233201629853
07-01-2026 13:40||NIFTY27JAN2625000PE,0.112906828968333
07-01-2026 13:40||NIFTY27JAN2625700CE,0.1092109994376543
07-01-2026 13:40||NIFTY27JAN2626100CE,0.0942842128383311
07-01-2026 13:45||NIFTY27JAN2623900PE,0.1710293769839483
07-01-2026 13:45||NIFTY27JAN2624200PE,0.1546040001758509
07-01-2026 13:45||NIFTY27JAN2624600PE,0.1325329521924491
07-01-2026 13:45||NIFTY27JAN2625200CE,0.1382693599814559
07-01-2026 13:45||NIFTY27JAN2625400CE,0.1361975116892775
07-01-2026 13:50||NIFTY27JAN2623800PE,0.1782047398475771
07-01-2026 13:50||NIFTY27JAN2623900PE,0.1717752073807003
07-01-2026 13:50||NIFTY27JAN2624100PE,0.1611516246141861
07-01-2026 13:55||NIFTY27JAN2624400PE,0.1442982840939922
07-01-2026 13:55||NIFTY27JAN2625100PE,0.1073349649581331
07-01-2026 13:55||NIFTY27JAN2625300CE,0.1329789190245986
07-01-2026 13:55||NIFTY27JAN2625800CE,0.1074623689573007
07-01-2026 13:55||NIFTY27JAN2626400CE,0.0895427353184585
07-01-2026 14:00||NIFTY27JAN2623800PE,0.177352870882113
07-01-2026 14:00||NIFTY27JAN2623900PE,0.1709457812792706
07-01-2026 14:00||NIFTY27JAN2625400CE,0.1198579574913333
07-01-2026 14:00||NIFTY27JAN2625500CE,0.1188702092852037
07-01-2026 14:00||NIFTY27JAN2625900CE,0.1009648119437944
07-01-2026 14:00||NIFTY27JAN2626200CE,0.0926104155595086
07-01-2026 14:05||NIFTY27JAN2624000PE,0.1681804880450247
07-01-2026 14:05||NIFTY27JAN2624200PE,0.1561626162248548
07-01-2026 14:05||NIFTY27JAN2624400PE,0.1448488695595283
07-01-2026 14:05||NIFTY27JAN2625900CE,0.0985434117595975
07-01-2026 14:05||NIFTY27JAN2626000CE,0.0961487963300455
07-01-2026 14:05||NIFTY27JAN2626300CE,0.0889964174947728
07-01-2026 14:10||NIFTY27JAN2623800PE,0.1777958282864275
07-01-2026 14:10||NIFTY27JAN2624000PE,0.1685223875325208
07-01-2026 14:10||NIFTY27JAN2624700PE,0.1295346953155911
07-01-2026 14:10||NIFTY27JAN2626100CE,0.0914220713605935
07-01-2026 14:10||NIFTY27JAN2626200CE,0.0895172364654106
07-01-2026 14:10||NIFTY27JAN2626400CE,0.0863417075143761
07-01-2026 14:15||NIFTY27JAN2625200CE,0.1228361410101642
07-01-2026 14:15||NIFTY27JAN2625600CE,0.1077234585552057
07-01-2026 14:15||NIFTY27JAN2625900CE,0.0946751500811363
07-01-2026 14:15||NIFTY27JAN2626200CE,0.0891695787497646
07-01-2026 14:20||NIFTY27JAN2623800PE,0.1774128566278235
07-01-2026 14:20||NIFTY27JAN2624500PE,0.1397556633672049
07-01-2026 14:20||NIFTY27JAN2625400CE,0.1163276049954548
07-01-2026 14:20||NIFTY27JAN2625700CE,0.1066009285207391
07-01-2026 14:20||NIFTY27JAN2626300CE,0.087975482650297
07-01-2026 14:25||NIFTY27JAN2623900PE,0.1710658299271115
07-01-2026 14:25||NIFTY27JAN2625400CE,0.1178615051391511
07-01-2026 14:25||NIFTY27JAN2625700CE,0.1067067619838662
07-01-2026 14:25||NIFTY27JAN2625900CE,0.0979418477973461
07-01-2026 14:25||NIFTY27JAN2626300CE,0.0892269020697298
07-01-2026 14:30||NIFTY27JAN2624800PE,0.1244378925970229
07-01-2026 14:30||NIFTY27JAN2625100PE,0.10781655334103
07-01-2026 14:30||NIFTY27JAN2625300CE,0.1170413818118901
07-01-2026 14:30||NIFTY27JAN2626300CE,0.0864900782843896
07-01-2026 14:35||NIFTY27JAN2624000PE,0.167227017730233
07-01-2026 14:35||NIFTY27JAN2624100PE,0.1613970104259084
07-01-2026 14:35||NIFTY27JAN2624400PE,0.1450362485114774
07-01-2026 14:35||NIFTY27JAN2624700PE,0.1284093378185678
07-01-2026 14:35||NIFTY27JAN2625000PE,0.1131707356633396
07-01-2026 14:35||NIFTY27JAN2626400CE,0.088064247140605
07-01-2026 14:35||NIFTY27JAN2626500CE,0.086575663408126
07-01-2026 14:40||NIFTY27JAN2623800PE,0.1780804776327052
07-01-2026 14:40||NIFTY27JAN2624100PE,0.1632969446596857
07-01-2026 14:40||NIFTY27JAN2625100PE,0.1077119548394259
07-01-2026 14:40||NIFTY27JAN2625400CE,0.1190053368962392
07-01-2026 14:40||NIFTY27JAN2626200CE,0.0919532204778843
07-01-2026 14:45||NIFTY27JAN2623800PE,0.17836084938787
07-01-2026 14:45||NIFTY27JAN2624000PE,0.1697291753351949
07-01-2026 14:45||NIFTY27JAN2624200PE,0.1580444780546916
07-01-2026 14:45||NIFTY27JAN2624500PE,0.1412299569167613
07-01-2026 14:45||NIFTY27JAN2624900PE,0.1196641271681723
07-01-2026 14:50||NIFTY27JAN2623900PE,0.1720302386971929
07-01-2026 14:50||NIFTY27JAN2624900PE,0.1186004525426051
07-01-2026 14:50||NIFTY27JAN2625600CE,0.1140903012669901
07-01-2026 14:50||NIFTY27JAN2626400CE,0.0892937820275775
07-01-2026 14:50||NIFTY27JAN2626500CE,0.0875100017655286
07-01-2026 14:55||NIFTY27JAN2624100PE,0.1644056236441509
07-01-2026 14:55||NIFTY27JAN2624300PE,0.1524710939130461
07-01-2026 14:55||NIFTY27JAN2624600PE,0.1357101762460209
07-01-2026 14:55||NIFTY27JAN2625900CE,0.0974038353511418
07-01-2026 14:55||NIFTY27JAN2626300CE,0.0881633816584044
07-01-2026 15:00||NIFTY27JAN2623900PE,0.173453385153312
07-01-2026 15:00||NIFTY27JAN2625100PE,0.1086379103223787
07-01-2026 15:00||NIFTY27JAN2625700CE,0.1011118226739827
07-01-2026 15:00||NIFTY27JAN2626000CE,0.0935287976195328
07-01-2026 15:00||NIFTY27JAN2626400CE,0.0861842501353526
07-01-2026 15:05||NIFTY27JAN2624200PE,0.159255392161624
07-01-2026 15:05||NIFTY27JAN2624500PE,0.1423374411051164
07-01-2026 15:05||NIFTY27JAN2625400CE,0.1092992138551172
07-01-2026 15:05||NIFTY27JAN2626000CE,0.0926877436962866
07-01-2026 15:05||NIFTY27JAN2626400CE,0.0855804490516145
07-01-2026 15:10||NIFTY27JAN2623800PE,0.1787612957107888
07-01-2026 15:10||NIFTY27JAN2624000PE,0.1713141910658297
07-01-2026 15:10||NIFTY27JAN2624400PE,0.1484495682627085
07-01-2026 15:10||NIFTY27JAN2624500PE,0.1434331038086344
07-01-2026 15:10||NIFTY27JAN2626500CE,0.0850395804120928
07-01-2026 15:15||NIFTY27JAN2624200PE,0.1599295053725151
07-01-2026 15:15||NIFTY27JAN2624900PE,0.1221097049127493
07-01-2026 15:15||NIFTY27JAN2625100PE,0.1106709657949949
07-01-2026 15:15||NIFTY27JAN2625600CE,0.093584262791843
07-01-2026 15:20||NIFTY27JAN2624100PE,0.1661150896655793
07-01-2026 15:20||NIFTY27JAN2625900CE,0.0917535346904866
07-01-2026 15:20||NIFTY27JAN2626300CE,0.0856708488594148
07-01-2026 15:25||NIFTY27JAN2624700PE,0.1313398423180214
07-01-2026 15:25||NIFTY27JAN2625500CE,0.1072258397175959
07-01-2026 15:25||NIFTY27JAN2626100CE,0.0886652640148198
07-01-2026 15:25||NIFTY27JAN2626400CE,0.0850111006910311
07-01-2026 15:25||NIFTY27JAN2626500CE,0.0842970571114745
08-01-2026 09:15||NIFTY27JAN2624100PE,0.165692150280264
08-01-2026 09:15||NIFTY27JAN2624300PE,0.1539181807469634
08-01-2026 09:15||NIFTY27JAN2625100PE,0.1096929930727855
08-01-2026 09:15||NIFTY27JAN2625300CE,0.0937813778623953
08-01-2026 09:15||NIFTY27JAN2626300CE,0.0872033195690068
08-01-2026 09:20||NIFTY27JAN2623800PE,0.1823175515472964
08-01-2026 09:20||NIFTY27JAN2624100PE,0.1657687627655526
08-01-2026 09:20||NIFTY27JAN2624800PE,0.125909854963321
08-01-2026 09:20||NIFTY27JAN2624900PE,0.1204955354605061
08-01-2026 09:20||NIFTY27JAN2625300CE,0.0803420604567047
08-01-2026 09:20||NIFTY27JAN2625900CE,0.0867739763045802
08-01-2026 09:20||NIFTY27JAN2626000CE,0.086136156168161
08-01-2026 09:20||NIFTY27JAN2626400CE,0.0821110713954804
08-01-2026 09:20||NIFTY27JAN2626500CE,0.0820834137243442
08-01-2026 09:25||NIFTY27JAN2623900PE,0.1767734384181592
08-01-2026 09:25||NIFTY27JAN2624100PE,0.1641854117686961
08-01-2026 09:25||NIFTY27JAN2624200PE,0.1587406948427772
08-01-2026 09:25||NIFTY27JAN2625300CE,0.084292106140862
08-01-2026 09:25||NIFTY27JAN2626200CE,0.0839415016751682
08-01-2026 09:25||NIFTY27JAN2626400CE,0.0826069665521588
08-01-2026 09:30||NIFTY27JAN2624100PE,0.1641388575480782
08-01-2026 09:30||NIFTY27JAN2624700PE,0.1285884686000127
08-01-2026 09:30||NIFTY27JAN2624800PE,0.1239665620830152
08-01-2026 09:30||NIFTY27JAN2624900PE,0.1184248058258971
08-01-2026 09:30||NIFTY27JAN2625000PE,0.1135488525401672
08-01-2026 09:30||NIFTY27JAN2626200CE,0.0880932655351994
08-01-2026 09:30||NIFTY27JAN2626300CE,0.086454008301355
08-01-2026 09:35||NIFTY27JAN2623900PE,0.1730225765423937
08-01-2026 09:35||NIFTY27JAN2624100PE,0.162982500320968
08-01-2026 09:35||NIFTY27JAN2624400PE,0.1444022222254422
08-01-2026 09:35||NIFTY27JAN2625300CE,0.1358330451934168
08-01-2026 09:35||NIFTY27JAN2625400CE,0.1216712296598996
08-01-2026 09:35||NIFTY27JAN2626100CE,0.0957439552809756
08-01-2026 09:35||NIFTY27JAN2626200CE,0.0932065108019522
08-01-2026 09:35||NIFTY27JAN2626500CE,0.0878935415592961
08-01-2026 09:40||NIFTY27JAN2623800PE,0.1819653160353548
08-01-2026 09:40||NIFTY27JAN2624800PE,0.1257321107643353
08-01-2026 09:40||NIFTY27JAN2624900PE,0.1205733952019094
08-01-2026 09:40||NIFTY27JAN2625000PE,0.1151612971081553
08-01-2026 09:40||NIFTY27JAN2625200CE,0.1076000491543514
08-01-2026 09:40||NIFTY27JAN2625700CE,0.0941406453304067
08-01-2026 09:40||NIFTY27JAN2626200CE,0.0860398844916182
08-01-2026 09:40||NIFTY27JAN2626400CE,0.0841881040586663
08-01-2026 09:45||NIFTY27JAN2624200PE,0.1586252677866799
08-01-2026 09:45||NIFTY27JAN2624600PE,0.135197526521339
08-01-2026 09:45||NIFTY27JAN2625400CE,0.1077548490303871
08-01-2026 09:45||NIFTY27JAN2625900CE,0.0922832694461248
08-01-2026 09:45||NIFTY27JAN2626500CE,0.0851676648624744
08-01-2026 09:50||NIFTY27JAN2624400PE,0.1463385722010718
08-01-2026 09:50||NIFTY27JAN2625100PE,0.1084970175874081
08-01-2026 09:50||NIFTY27JAN2625500CE,0.1173378193647465
08-01-2026 09:50||NIFTY27JAN2625600CE,0.1089694682649877
08-01-2026 09:50||NIFTY27JAN2626400CE,0.0896319769872981
08-01-2026 09:55||NIFTY27JAN2624200PE,0.160125757194561
08-01-2026 09:55||NIFTY27JAN2624600PE,0.1366906534598544
08-01-2026 09:55||NIFTY27JAN2625000PE,0.1155617370348296
08-01-2026 09:55||NIFTY27JAN2625100PE,0.1099563393666626
08-01-2026 09:55||NIFTY27JAN2625300CE,0.1083274168742129
08-01-2026 09:55||NIFTY27JAN2626000CE,0.0909343358340978
08-01-2026 09:55||NIFTY27JAN2626200CE,0.0874333900354158
08-01-2026 10:00||NIFTY27JAN2624600PE,0.1360287059440446
08-01-2026 10:00||NIFTY27JAN2625900CE,0.0888405592775531
08-01-2026 10:00||NIFTY27JAN2626100CE,0.0859863591947762
08-01-2026 10:00||NIFTY27JAN2626200CE,0.0852202508235065
08-01-2026 10:05||NIFTY27JAN2624800PE,0.1247880497750335
08-01-2026 10:05||NIFTY27JAN2625500CE,0.1031910379102958
08-01-2026 10:05||NIFTY27JAN2625800CE,0.091605685844849
08-01-2026 10:05||NIFTY27JAN2626000CE,0.0872721416884288
08-01-2026 10:05||NIFTY27JAN2626500CE,0.0828452628085579
08-01-2026 10:10||NIFTY27JAN2624100PE,0.163850800059935
08-01-2026 10:10||NIFTY27JAN2625000PE,0.1134723022388489
08-01-2026 10:10||NIFTY27JAN2625100PE,0.1080447323292857
08-01-2026 10:10||NIFTY27JAN2625200CE,0.1348112699933398
08-01-2026 10:10||NIFTY27JAN2625600CE,0.1059071734150349
08-01-2026 10:10||NIFTY27JAN2625800CE,0.1004143661021229
08-01-2026 10:10||NIFTY27JAN2626400CE,0.0866622193659358
08-01-2026 10:15||NIFTY27JAN2625100PE,0.1088828586162966
08-01-2026 10:15||NIFTY27JAN2625700CE,0.0943298841271541
08-01-2026 10:15||NIFTY27JAN2625800CE,0.0924806023854805
08-01-2026 10:15||NIFTY27JAN2626500CE,0.0822583339323302
08-01-2026 10:20||NIFTY27JAN2625200CE,0.1234365608396373
08-01-2026 10:20||NIFTY27JAN2626400CE,0.0861481569989374
08-01-2026 10:25||NIFTY27JAN2623900PE,0.173212950712929
08-01-2026 10:25||NIFTY27JAN2624000PE,0.169160499751493
08-01-2026 10:25||NIFTY27JAN2624400PE,0.1453255778846214
08-01-2026 10:25||NIFTY27JAN2624800PE,0.1238348794001412
08-01-2026 10:25||NIFTY27JAN2625000PE,0.1134085799218674
08-01-2026 10:25||NIFTY27JAN2625100PE,0.1080623391983282
08-01-2026 10:25||NIFTY27JAN2625200CE,0.124687650153174
08-01-2026 10:25||NIFTY27JAN2625500CE,0.1109161878117051
08-01-2026 10:25||NIFTY27JAN2625600CE,0.1034166236335231
08-01-2026 10:25||NIFTY27JAN2625700CE,0.1028283383595787
08-01-2026 10:25||NIFTY27JAN2626100CE,0.0919000116232886
08-01-2026 10:25||NIFTY27JAN2626500CE,0.0861566603883695
08-01-2026 10:30||NIFTY27JAN2623800PE,0.1790382207561075
08-01-2026 10:30||NIFTY27JAN2624000PE,0.169644245324643
08-01-2026 10:30||NIFTY27JAN2624400PE,0.145873605819651
08-01-2026 10:30||NIFTY27JAN2624500PE,0.1406316372922441
08-01-2026 10:30||NIFTY27JAN2626000CE,0.0949292892655829
08-01-2026 10:30||NIFTY27JAN2626400CE,0.0878930113362082
08-01-2026 10:30||NIFTY27JAN2626500CE,0.0868490735068788
08-01-2026 10:35||NIFTY27JAN2624000PE,0.1699627275251456
08-01-2026 10:35||NIFTY27JAN2624200PE,0.1572805583864763
08-01-2026 10:35||NIFTY27JAN2625800CE,0.094974756702007
08-01-2026 10:35||NIFTY27JAN2626300CE,0.0864081891338342
08-01-2026 10:35||NIFTY27JAN2626500CE,0.0846722129056217
08-01-2026 10:40||NIFTY27JAN2624000PE,0.1688010177262798
08-01-2026 10:40||NIFTY27JAN2624300PE,0.1506131796903897
08-01-2026 10:40||NIFTY27JAN2625000PE,0.1135461688043785
08-01-2026 10:40||NIFTY27JAN2625500CE,0.1132073902797886
08-01-2026 10:40||NIFTY27JAN2625900CE,0.0952370646094096
08-01-2026 10:40||NIFTY27JAN2626100CE,0.0914984414116269
08-01-2026 10:40||NIFTY27JAN2626300CE,0.0884608749974669
08-01-2026 10:40||NIFTY27JAN2626400CE,0.0876517089628587
08-01-2026 10:45||NIFTY27JAN2623900PE,0.1728486864864994
08-01-2026 10:45||NIFTY27JAN2624200PE,0.1565166070502056
08-01-2026 10:45||NIFTY27JAN2625200CE,0.1230379661941922
08-01-2026 10:45||NIFTY27JAN2625300CE,0.1260206637511675
08-01-2026 10:45||NIFTY27JAN2625600CE,0.1023462360642503
08-01-2026 10:45||NIFTY27JAN2626400CE,0.0867641667160168
08-01-2026 10:45||NIFTY27JAN2626500CE,0.0859435014779178
08-01-2026 10:50||NIFTY27JAN2623900PE,0.1727055001597568
08-01-2026 10:50||NIFTY27JAN2625500CE,0.1047947230487514
08-01-2026 10:50||NIFTY27JAN2625800CE,0.0961648771713458
08-01-2026 10:50||NIFTY27JAN2626100CE,0.0904621638327167
08-01-2026 10:50||NIFTY27JAN2626500CE,0.0854313173150805
08-01-2026 10:55||NIFTY27JAN2624000PE,0.1681761970620078
08-01-2026 10:55||NIFTY27JAN2624700PE,0.1285055436387417
08-01-2026 10:55||NIFTY27JAN2624800PE,0.1237560860447171
08-01-2026 10:55||NIFTY27JAN2625100PE,0.1087137843701163
08-01-2026 10:55||NIFTY27JAN2625400CE,0.1135585248095666
08-01-2026 10:55||NIFTY27JAN2625600CE,0.1030043195743935
08-01-2026 11:00||NIFTY27JAN2623800PE,0.1797865699990325
08-01-2026 11:00||NIFTY27JAN2623900PE,0.1741996578132781
08-01-2026 11:00||NIFTY27JAN2624000PE,0.1685357095631975
08-01-2026 11:00||NIFTY27JAN2624300PE,0.1507185778200832
08-01-2026 11:00||NIFTY27JAN2624600PE,0.1343955640276095
08-01-2026 11:00||NIFTY27JAN2625000PE,0.1141257557630909
08-01-2026 11:00||NIFTY27JAN2625100PE,0.1090768294576132
08-01-2026 11:00||NIFTY27JAN2626200CE,0.0902038672859553
08-01-2026 11:00||NIFTY27JAN2626500CE,0.086707003054815
08-01-2026 11:05||NIFTY27JAN2623800PE,0.1800874252549362
08-01-2026 11:05||NIFTY27JAN2624200PE,0.1559988837304088
08-01-2026 11:05||NIFTY27JAN2624400PE,0.1447091658489538
08-01-2026 11:05||NIFTY27JAN2624800PE,0.1246362441436067
08-01-2026 11:05||NIFTY27JAN2625400CE,0.1140845893217468
08-01-2026 11:05||NIFTY27JAN2626000CE,0.0946279048695616
08-01-2026 11:05||NIFTY27JAN2626200CE,0.0911206510964643
08-01-2026 11:05||NIFTY27JAN2626300CE,0.089421369024148
08-01-2026 11:10||NIFTY27JAN2624000PE,0.16798130113545
08-01-2026 11:10||NIFTY27JAN2624200PE,0.1560501429943136
08-01-2026 11:10||NIFTY27JAN2624400PE,0.1446274349470498
08-01-2026 11:10||NIFTY27JAN2624600PE,0.1351568635145588
08-01-2026 11:10||NIFTY27JAN2624700PE,0.129720230537268
08-01-2026 11:10||NIFTY27JAN2625200CE,0.1314592548656266
08-01-2026 11:10||NIFTY27JAN2625600CE,0.1030962115960277
08-01-2026 11:10||NIFTY27JAN2625900CE,0.0952859756216456
08-01-2026 11:10||NIFTY27JAN2626000CE,0.09356598562971
08-01-2026 11:15||NIFTY27JAN2624100PE,0.1642433156556404
08-01-2026 11:15||NIFTY27JAN2624200PE,0.158363564726875
08-01-2026 11:15||NIFTY27JAN2624900PE,0.1203881039779873
08-01-2026 11:15||NIFTY27JAN2625200CE,0.1308862334107283
08-01-2026 11:15||NIFTY27JAN2626200CE,0.0902823380483482
08-01-2026 11:15||NIFTY27JAN2626400CE,0.0876297877638161
08-01-2026 11:20||NIFTY27JAN2624300PE,0.1537085015172503
08-01-2026 11:20||NIFTY27JAN2625700CE,0.0977996675084552
08-01-2026 11:20||NIFTY27JAN2626400CE,0.088721572834118
08-01-2026 11:20||NIFTY27JAN2626500CE,0.0876804372116698
08-01-2026 11:25||NIFTY27JAN2623800PE,0.1789952934877704
08-01-2026 11:25||NIFTY27JAN2624300PE,0.1532570334753782
08-01-2026 11:25||NIFTY27JAN2624400PE,0.1471930383885265
08-01-2026 11:25||NIFTY27JAN2624700PE,0.1310212282215519
08-01-2026 11:25||NIFTY27JAN2625400CE,0.118459226065153
08-01-2026 11:25||NIFTY27JAN2626200CE,0.0941705870749696
08-01-2026 11:30||NIFTY27JAN2623800PE,0.1793791972869267
08-01-2026 11:30||NIFTY27JAN2624100PE,0.1644730905637542
08-01-2026 11:30||NIFTY27JAN2624200PE,0.158731006020853
08-01-2026 11:30||NIFTY27JAN2625200CE,0.1365935946759696
08-01-2026 11:30||NIFTY27JAN2625400CE,0.1167187901220995
08-01-2026 11:30||NIFTY27JAN2625500CE,0.1165298499328683
08-01-2026 11:30||NIFTY27JAN2625800CE,0.1022094820566491
08-01-2026 11:30||NIFTY27JAN2626000CE,0.0974441946590621
08-01-2026 11:30||NIFTY27JAN2626100CE,0.095299708697105
08-01-2026 11:35||NIFTY27JAN2623800PE,0.1792487080860699
08-01-2026 11:35||NIFTY27JAN2624100PE,0.1638863179204644
08-01-2026 11:35||NIFTY27JAN2624400PE,0.1461264978955163
08-01-2026 11:35||NIFTY27JAN2624500PE,0.1410271050684941
08-01-2026 11:35||NIFTY27JAN2624700PE,0.1300454220644893
08-01-2026 11:35||NIFTY27JAN2624900PE,0.1192426795924651
08-01-2026 11:35||NIFTY27JAN2625200CE,0.1331232253201641
08-01-2026 11:35||NIFTY27JAN2625300CE,0.1408377205344076
08-01-2026 11:35||NIFTY27JAN2626500CE,0.0909981231629277
08-01-2026 11:40||NIFTY27JAN2624100PE,0.1646341088556492
08-01-2026 11:40||NIFTY27JAN2624200PE,0.1586297274436679
08-01-2026 11:40||NIFTY27JAN2624400PE,0.1469810846676138
08-01-2026 11:40||NIFTY27JAN2624900PE,0.1201020908293761
08-01-2026 11:40||NIFTY27JAN2625600CE,0.104185624634165
08-01-2026 11:40||NIFTY27JAN2625800CE,0.098200646452976
08-01-2026 11:45||NIFTY27JAN2624200PE,0.1580637632780552
08-01-2026 11:45||NIFTY27JAN2625500CE,0.108655722208998
08-01-2026 11:45||NIFTY27JAN2625900CE,0.0954372062487829
08-01-2026 11:45||NIFTY27JAN2626100CE,0.0924209610883247
08-01-2026 11:50||NIFTY27JAN2623800PE,0.1793067134281965
08-01-2026 11:50||NIFTY27JAN2625700CE,0.1048725692941009
08-01-2026 11:50||NIFTY27JAN2625800CE,0.1009885704571307
08-01-2026 11:50||NIFTY27JAN2626500CE,0.0906204721255854
08-01-2026 11:55||NIFTY27JAN2624200PE,0.1585842851402761
08-01-2026 11:55||NIFTY27JAN2624700PE,0.1306803409650365
08-01-2026 11:55||NIFTY27JAN2625100PE,0.1109737170222504
08-01-2026 11:55||NIFTY27JAN2625400CE,0.1062281177935823
08-01-2026 11:55||NIFTY27JAN2625600CE,0.0998791837681699
08-01-2026 11:55||NIFTY27JAN2625800CE,0.0946434450825082
08-01-2026 12:00||NIFTY27JAN2624500PE,0.1413177121199304
08-01-2026 12:00||NIFTY27JAN2624700PE,0.1311836570556996
08-01-2026 12:00||NIFTY27JAN2625000PE,0.1172636262188073
08-01-2026 12:00||NIFTY27JAN2625500CE,0.1076517952807859
08-01-2026 12:00||NIFTY27JAN2626300CE,0.091344903748724
08-01-2026 12:05||NIFTY27JAN2624000PE,0.1707456048874193
08-01-2026 12:05||NIFTY27JAN2624200PE,0.15674613951502
08-01-2026 12:05||NIFTY27JAN2624500PE,0.1389171453786655
08-01-2026 12:05||NIFTY27JAN2624900PE,0.1198464617972441
08-01-2026 12:05||NIFTY27JAN2625300CE,0.1353121984611811
08-01-2026 12:05||NIFTY27JAN2625800CE,0.1096151933167465
08-01-2026 12:05||NIFTY27JAN2625900CE,0.1068003687359105
08-01-2026 12:05||NIFTY27JAN2626400CE,0.0972671822483963
08-01-2026 12:10||NIFTY27JAN2624000PE,0.1711230909855033
08-01-2026 12:10||NIFTY27JAN2624400PE,0.1468111593819077
08-01-2026 12:15||NIFTY27JAN2624100PE,0.1672042250395012
08-01-2026 12:15||NIFTY27JAN2624400PE,0.1491018577894236
08-01-2026 12:15||NIFTY27JAN2625200CE,0.1260763415690157
08-01-2026 12:15||NIFTY27JAN2625400CE,0.1163458798833843
08-01-2026 12:15||NIFTY27JAN2625500CE,0.1125930983027999
08-01-2026 12:15||NIFTY27JAN2625700CE,0.1045972532132097
08-01-2026 12:20||NIFTY27JAN2624800PE,0.1289152998647851
08-01-2026 12:20||NIFTY27JAN2625800CE,0.1038690305475788
08-01-2026 12:20||NIFTY27JAN2626300CE,0.0952165838664246
08-01-2026 12:25||NIFTY27JAN2624100PE,0.1687389451219736
08-01-2026 12:25||NIFTY27JAN2624400PE,0.1511184342364684
08-01-2026 12:25||NIFTY27JAN2624900PE,0.1232703789603136
08-01-2026 12:25||NIFTY27JAN2625700CE,0.1075005636146941
08-01-2026 12:25||NIFTY27JAN2626000CE,0.0995384125974145
08-01-2026 12:30||NIFTY27JAN2624200PE,0.1637784306501198
08-01-2026 12:30||NIFTY27JAN2624300PE,0.1592207566903816
08-01-2026 12:30||NIFTY27JAN2625100PE,0.1136970514170541
08-01-2026 12:30||NIFTY27JAN2625700CE,0.1025125203225896
08-01-2026 12:30||NIFTY27JAN2626000CE,0.09620510562249
08-01-2026 12:35||NIFTY27JAN2624800PE,0.1278779356206585
08-01-2026 12:35||NIFTY27JAN2625000PE,0.1168992295674579
08-01-2026 12:35||NIFTY27JAN2625400CE,0.1223842337169873
08-01-2026 12:35||NIFTY27JAN2625500CE,0.1205456024725422
08-01-2026 12:35||NIFTY27JAN2625800CE,0.1068994710841333
08-01-2026 12:35||NIFTY27JAN2626100CE,0.0993425485958505
08-01-2026 12:35||NIFTY27JAN2626200CE,0.0979731174338637
08-01-2026 12:40||NIFTY27JAN2624100PE,0.1670389620945228
08-01-2026 12:40||NIFTY27JAN2624400PE,0.1505304726628513
08-01-2026 12:40||NIFTY27JAN2624800PE,0.1273856682125443
08-01-2026 12:40||NIFTY27JAN2625000PE,0.1171472144152226
08-01-2026 12:40||NIFTY27JAN2625200CE,0.1343928378355928
08-01-2026 12:40||NIFTY27JAN2626000CE,0.1015633424424928
08-01-2026 12:45||NIFTY27JAN2624400PE,0.151558925432806
08-01-2026 12:45||NIFTY27JAN2624600PE,0.1383733389943167
08-01-2026 12:45||NIFTY27JAN2625000PE,0.1179165000007842
08-01-2026 12:45||NIFTY27JAN2625300CE,0.1283134367790232
08-01-2026 12:45||NIFTY27JAN2625800CE,0.103042738412183
08-01-2026 12:45||NIFTY27JAN2626200CE,0.0962530944080385
08-01-2026 12:45||NIFTY27JAN2626300CE,0.0949231128348738
08-01-2026 12:50||NIFTY27JAN2623800PE,0.1839411939850567
08-01-2026 12:50||NIFTY27JAN2624900PE,0.1222290975081722
08-01-2026 12:50||NIFTY27JAN2625600CE,0.1128416434401093
08-01-2026 12:50||NIFTY27JAN2626300CE,0.0973147334785943
08-01-2026 12:50||NIFTY27JAN2626400CE,0.0959856907070055
08-01-2026 12:55||NIFTY27JAN2624200PE,0.1626231952112116
08-01-2026 12:55||NIFTY27JAN2624300PE,0.1573654088642277
08-01-2026 12:55||NIFTY27JAN2624400PE,0.1499594523850371
08-01-2026 12:55||NIFTY27JAN2626100CE,0.0987018578744081
08-01-2026 13:00||NIFTY27JAN2624200PE,0.162285994830247
08-01-2026 13:00||NIFTY27JAN2624500PE,0.1436295829281262
08-01-2026 13:00||NIFTY27JAN2624600PE,0.1365797175484587
08-01-2026 13:00||NIFTY27JAN2624700PE,0.1304728577304173
08-01-2026 13:00||NIFTY27JAN2625000PE,0.1164303692711003
08-01-2026 13:00||NIFTY27JAN2625100PE,0.1106717303112428
08-01-2026 13:00||NIFTY27JAN2625400CE,0.1236612968727976
08-01-2026 13:00||NIFTY27JAN2625800CE,0.1088019572620404
08-01-2026 13:05||NIFTY27JAN2623800PE,0.1860105060194166
08-01-2026 13:05||NIFTY27JAN2624600PE,0.138225660648028
08-01-2026 13:05||NIFTY27JAN2625700CE,0.1061607600562856
08-01-2026 13:05||NIFTY27JAN2625800CE,0.1026045418533126
08-01-2026 13:05||NIFTY27JAN2626000CE,0.1004296496779209
08-01-2026 13:05||NIFTY27JAN2626100CE,0.0979570879397348
08-01-2026 13:05||NIFTY27JAN2626200CE,0.0963310966227636
08-01-2026 13:05||NIFTY27JAN2626300CE,0.0950203223433289
08-01-2026 13:10||NIFTY27JAN2624100PE,0.1682586773507236
08-01-2026 13:10||NIFTY27JAN2624900PE,0.1214850390604143
08-01-2026 13:10||NIFTY27JAN2625400CE,0.1201915970641699
08-01-2026 13:10||NIFTY27JAN2625700CE,0.1075055464829364
08-01-2026 13:10||NIFTY27JAN2625800CE,0.1040780384823973
08-01-2026 13:10||NIFTY27JAN2626100CE,0.0987617993597637
08-01-2026 13:10||NIFTY27JAN2626200CE,0.0970937217933029
08-01-2026 13:15||NIFTY27JAN2624300PE,0.1581136536991217
08-01-2026 13:15||NIFTY27JAN2625000PE,0.1177507103474422
08-01-2026 13:15||NIFTY27JAN2625900CE,0.1011271351175474
08-01-2026 13:15||NIFTY27JAN2626300CE,0.0943546308922165
08-01-2026 13:20||NIFTY27JAN2623800PE,0.1846501546585355
08-01-2026 13:20||NIFTY27JAN2624000PE,0.1745070617063596
08-01-2026 13:20||NIFTY27JAN2624400PE,0.1510824990483244
08-01-2026 13:20||NIFTY27JAN2625000PE,0.1175101873954394
08-01-2026 13:20||NIFTY27JAN2625300CE,0.1253131971951472
08-01-2026 13:20||NIFTY27JAN2625400CE,0.1190059273362562
08-01-2026 13:20||NIFTY27JAN2626200CE,0.0960823691704604
08-01-2026 13:25||NIFTY27JAN2624600PE,0.1386493226596341
08-01-2026 13:25||NIFTY27JAN2624900PE,0.1232272317523336
08-01-2026 13:25||NIFTY27JAN2625400CE,0.1178201584588356
08-01-2026 13:25||NIFTY27JAN2625500CE,0.1135501111408852
08-01-2026 13:25||NIFTY27JAN2625900CE,0.0990986097516923
08-01-2026 13:25||NIFTY27JAN2626000CE,0.0975707980386688
08-01-2026 13:25||NIFTY27JAN2626100CE,0.0950469310626027
08-01-2026 13:30||NIFTY27JAN2624300PE,0.1542474042307295
08-01-2026 13:30||NIFTY27JAN2624400PE,0.1476175973152729
08-01-2026 13:30||NIFTY27JAN2625600CE,0.1159605910321951
08-01-2026 13:30||NIFTY27JAN2625700CE,0.1133458349271363
08-01-2026 13:30||NIFTY27JAN2626100CE,0.1005212371130905
08-01-2026 13:30||NIFTY27JAN2626500CE,0.0955607235257293
08-01-2026 13:35||NIFTY27JAN2624600PE,0.1365367560336237
08-01-2026 13:35||NIFTY27JAN2624700PE,0.1299214823809265
08-01-2026 13:35||NIFTY27JAN2624800PE,0.1253622924411215
08-01-2026 13:35||NIFTY27JAN2624900PE,0.1196086235318139
08-01-2026 13:40||NIFTY27JAN2624100PE,0.1668193322772193
08-01-2026 13:40||NIFTY27JAN2624800PE,0.1254279237340486
08-01-2026 13:40||NIFTY27JAN2624900PE,0.1195279009746373
08-01-2026 13:40||NIFTY27JAN2625300CE,0.1225585556786609
08-01-2026 13:40||NIFTY27JAN2625600CE,0.1132371850809208
08-01-2026 13:40||NIFTY27JAN2625700CE,0.1100352841627016
08-01-2026 13:40||NIFTY27JAN2626000CE,0.1019649975455464
08-01-2026 13:40||NIFTY27JAN2626200CE,0.0974018897379089
08-01-2026 13:40||NIFTY27JAN2626300CE,0.0959363716124127
08-01-2026 13:45||NIFTY27JAN2624600PE,0.1362744956553824
08-01-2026 13:45||NIFTY27JAN2624700PE,0.1297029920769909
08-01-2026 13:45||NIFTY27JAN2625100PE,0.1090882361809428
08-01-2026 13:45||NIFTY27JAN2625600CE,0.1113135537800622
08-01-2026 13:45||NIFTY27JAN2625700CE,0.1079325757948958
08-01-2026 13:50||NIFTY27JAN2624600PE,0.135593017079784
08-01-2026 13:50||NIFTY27JAN2625500CE,0.1200642171852182
08-01-2026 13:55||NIFTY27JAN2624200PE,0.1612712706552098
08-01-2026 13:55||NIFTY27JAN2624600PE,0.1357536158468179
08-01-2026 13:55||NIFTY27JAN2625000PE,0.1147689732424089
08-01-2026 13:55||NIFTY27JAN2625200CE,0.1236799691664933
08-01-2026 13:55||NIFTY27JAN2625700CE,0.1066131092410019
08-01-2026 14:00||NIFTY27JAN2623800PE,0.1836539582654626
08-01-2026 14:00||NIFTY27JAN2623900PE,0.177341583042151
08-01-2026 14:00||NIFTY27JAN2625300CE,0.1129482320842812
08-01-2026 14:00||NIFTY27JAN2625400CE,0.1122559630091862
08-01-2026 14:00||NIFTY27JAN2625900CE,0.097786686268468
08-01-2026 14:00||NIFTY27JAN2626000CE,0.0963743481027288
08-01-2026 14:00||NIFTY27JAN2626100CE,0.0942716148407313
08-01-2026 14:00||NIFTY27JAN2626200CE,0.0931513410529139
08-01-2026 14:00||NIFTY27JAN2626300CE,0.0917570818677585
08-01-2026 14:05||NIFTY27JAN2623900PE,0.1774456409176223
08-01-2026 14:05||NIFTY27JAN2624500PE,0.1425323450154298
08-01-2026 14:05||NIFTY27JAN2625300CE,0.1142524306433036
08-01-2026 14:05||NIFTY27JAN2626000CE,0.0964778612458784
08-01-2026 14:05||NIFTY27JAN2626200CE,0.0929540377791104
08-01-2026 14:05||NIFTY27JAN2626300CE,0.0915124054854316
08-01-2026 14:05||NIFTY27JAN2626500CE,0.0905454351277751
08-01-2026 14:10||NIFTY27JAN2624800PE,0.1247078413475777
08-01-2026 14:10||NIFTY27JAN2625000PE,0.1144032052159884
08-01-2026 14:10||NIFTY27JAN2625200CE,0.1327107433009178
08-01-2026 14:10||NIFTY27JAN2625300CE,0.1192691945847506
08-01-2026 14:10||NIFTY27JAN2625700CE,0.1090929720952119
08-01-2026 14:15||NIFTY27JAN2623800PE,0.1825931392005493
08-01-2026 14:15||NIFTY27JAN2624200PE,0.1606104942790856
08-01-2026 14:15||NIFTY27JAN2624300PE,0.15425454074855
08-01-2026 14:15||NIFTY27JAN2625000PE,0.1137649665815833
08-01-2026 14:15||NIFTY27JAN2625200CE,0.1248303147981593
08-01-2026 14:15||NIFTY27JAN2625600CE,0.1133445622241105
08-01-2026 14:15||NIFTY27JAN2626100CE,0.0963616913106718
08-01-2026 14:15||NIFTY27JAN2626400CE,0.091322356686634
08-01-2026 14:20||NIFTY27JAN2624500PE,0.1416802137821071
08-01-2026 14:20||NIFTY27JAN2625000PE,0.1144153263529612
08-01-2026 14:20||NIFTY27JAN2625700CE,0.10423095369363
08-01-2026 14:20||NIFTY27JAN2626400CE,0.0892644239096406
08-01-2026 14:25||NIFTY27JAN2624600PE,0.1357752083632749
08-01-2026 14:25||NIFTY27JAN2624800PE,0.1249693214178099
08-01-2026 14:25||NIFTY27JAN2625200CE,0.1332558902262396
08-01-2026 14:25||NIFTY27JAN2625600CE,0.1058654267189087
08-01-2026 14:25||NIFTY27JAN2625900CE,0.0979319654221892
08-01-2026 14:25||NIFTY27JAN2626000CE,0.0959960248610152
08-01-2026 14:30||NIFTY27JAN2624500PE,0.1407215131552345
08-01-2026 14:30||NIFTY27JAN2626200CE,0.099030000989161
08-01-2026 14:30||NIFTY27JAN2626400CE,0.0947523869626649
08-01-2026 14:30||NIFTY27JAN2626500CE,0.0946001361713903
08-01-2026 14:35||NIFTY27JAN2624200PE,0.1597084310140878
08-01-2026 14:35||NIFTY27JAN2624800PE,0.1240175713638056
08-01-2026 14:35||NIFTY27JAN2625100PE,0.1074543053325213
08-01-2026 14:35||NIFTY27JAN2626100CE,0.0949423370905792
08-01-2026 14:40||NIFTY27JAN2624200PE,0.1594985523489268
08-01-2026 14:40||NIFTY27JAN2624600PE,0.1348587979412423
08-01-2026 14:40||NIFTY27JAN2625000PE,0.1135876619010444
08-01-2026 14:40||NIFTY27JAN2625300CE,0.1226543615390773
08-01-2026 14:40||NIFTY27JAN2625400CE,0.1219232307503775
08-01-2026 14:40||NIFTY27JAN2625500CE,0.1127230350309504
08-01-2026 14:40||NIFTY27JAN2626200CE,0.0929803640076636
08-01-2026 14:40||NIFTY27JAN2626300CE,0.0910790578789499
08-01-2026 14:45||NIFTY27JAN2624000PE,0.1704416196339233
08-01-2026 14:45||NIFTY27JAN2624700PE,0.1278042096024326
08-01-2026 14:45||NIFTY27JAN2625000PE,0.1134745071622294
08-01-2026 14:45||NIFTY27JAN2625300CE,0.1227894045216921
08-01-2026 14:45||NIFTY27JAN2625700CE,0.1062971839378099
08-01-2026 14:50||NIFTY27JAN2624100PE,0.1653320031542537
08-01-2026 14:50||NIFTY27JAN2624300PE,0.1538687417885352
08-01-2026 14:50||NIFTY27JAN2625100PE,0.107215524017341
08-01-2026 14:50||NIFTY27JAN2625400CE,0.1122567887383241
08-01-2026 14:50||NIFTY27JAN2625500CE,0.1088366851601469
08-01-2026 14:50||NIFTY27JAN2626000CE,0.0935208278567169
08-01-2026 14:50||NIFTY27JAN2626200CE,0.0904801691567041
08-01-2026 14:55||NIFTY27JAN2626300CE,0.0906002927220838
08-01-2026 15:00||NIFTY27JAN2623900PE,0.1745584235049152
08-01-2026 15:00||NIFTY27JAN2624000PE,0.1693691486307484
08-01-2026 15:00||NIFTY27JAN2624900PE,0.1169746355877649
08-01-2026 15:00||NIFTY27JAN2625100PE,0.1081401443655286
08-01-2026 15:00||NIFTY27JAN2625200CE,0.1335192140823114
08-01-2026 15:00||NIFTY27JAN2625600CE,0.0998931039180675
08-01-2026 15:00||NIFTY27JAN2625700CE,0.096858149422468
08-01-2026 15:00||NIFTY27JAN2626300CE,0.0884824215533895
08-01-2026 15:00||NIFTY27JAN2626400CE,0.0876322630254678
08-01-2026 15:05||NIFTY27JAN2624400PE,0.1433283332036995
08-01-2026 15:05||NIFTY27JAN2624800PE,0.1204101855432188
08-01-2026 15:05||NIFTY27JAN2624900PE,0.1153965978092143
08-01-2026 15:05||NIFTY27JAN2626000CE,0.0987509200271391
08-01-2026 15:05||NIFTY27JAN2626100CE,0.0959548093733015
08-01-2026 15:05||NIFTY27JAN2626200CE,0.0949274165383207
08-01-2026 15:10||NIFTY27JAN2624000PE,0.1679640594679286
08-01-2026 15:10||NIFTY27JAN2624200PE,0.1554637227074314
08-01-2026 15:10||NIFTY27JAN2624600PE,0.1311701411160062
08-01-2026 15:10||NIFTY27JAN2625100PE,0.1057465397421818
08-01-2026 15:10||NIFTY27JAN2625700CE,0.1037065576670742
08-01-2026 15:10||NIFTY27JAN2626100CE,0.0940396986849871
08-01-2026 15:10||NIFTY27JAN2626300CE,0.0916298933095297
08-01-2026 15:10||NIFTY27JAN2626500CE,0.0905243957710984
08-01-2026 15:15||NIFTY27JAN2624800PE,0.1207199419735716
08-01-2026 15:15||NIFTY27JAN2625100PE,0.1060607322806251
08-01-2026 15:15||NIFTY27JAN2625500CE,0.1109443869289793
08-01-2026 15:15||NIFTY27JAN2626100CE,0.0934482192173057
08-01-2026 15:20||NIFTY27JAN2624000PE,0.1676554273511377
08-01-2026 15:20||NIFTY27JAN2624500PE,0.1370092174096876
08-01-2026 15:20||NIFTY27JAN2624800PE,0.1209352600465562
08-01-2026 15:20||NIFTY27JAN2625000PE,0.1112142910836465
08-01-2026 15:20||NIFTY27JAN2625600CE,0.1053483950010327
08-01-2026 15:20||NIFTY27JAN2626100CE,0.0921370449986666
08-01-2026 15:20||NIFTY27JAN2626400CE,0.0900848644791014
08-01-2026 15:20||NIFTY27JAN2626500CE,0.0896350135370166
08-01-2026 15:25||NIFTY27JAN2623800PE,0.1791516396769073
08-01-2026 15:25||NIFTY27JAN2624100PE,0.1608558691545533
08-01-2026 15:25||NIFTY27JAN2624300PE,0.1493913670934069
08-01-2026 15:25||NIFTY27JAN2624600PE,0.1318970495411379
08-01-2026 15:25||NIFTY27JAN2625100PE,0.1073556126747717
08-01-2026 15:25||NIFTY27JAN2625800CE,0.0950692595992963
08-01-2026 15:25||NIFTY27JAN2626100CE,0.0914138485792619
09-01-2026 09:15||NIFTY27JAN2624400PE,0.1447114661366059
09-01-2026 09:15||NIFTY27JAN2625000PE,0.1122725244909553
09-01-2026 09:15||NIFTY27JAN2625400CE,0.1286895946602527
09-01-2026 09:15||NIFTY27JAN2625500CE,0.1225172608503482
09-01-2026 09:15||NIFTY27JAN2625800CE,0.106806876401638
09-01-2026 09:15||NIFTY27JAN2626300CE,0.0939497664879793
09-01-2026 09:20||NIFTY27JAN2624100PE,0.1633754299463858
09-01-2026 09:20||NIFTY27JAN2624200PE,0.1574011679947347
09-01-2026 09:20||NIFTY27JAN2624800PE,0.1247663746488106
09-01-2026 09:20||NIFTY27JAN2625000PE,0.1157301948145411
09-01-2026 09:20||NIFTY27JAN2625300CE,0.1057193465662687
09-01-2026 09:25||NIFTY27JAN2624100PE,0.159654139791167
09-01-2026 09:25||NIFTY27JAN2625000PE,0.1120984873586891
09-01-2026 09:25||NIFTY27JAN2625400CE,0.1202140929251144
09-01-2026 09:25||NIFTY27JAN2626100CE,0.0936633643207268
09-01-2026 09:30||NIFTY27JAN2624300PE,0.1489429871869222
09-01-2026 09:30||NIFTY27JAN2624500PE,0.1363603264638286
09-01-2026 09:30||NIFTY27JAN2624600PE,0.1308607490837966
09-01-2026 09:30||NIFTY27JAN2625300CE,0.1252801124678791
09-01-2026 09:30||NIFTY27JAN2625400CE,0.1179103005978561
09-01-2026 09:30||NIFTY27JAN2626100CE,0.0930447120663114
09-01-2026 09:30||NIFTY27JAN2626400CE,0.0905178023915303
09-01-2026 09:35||NIFTY27JAN2624800PE,0.1199207043806374
09-01-2026 09:35||NIFTY27JAN2626000CE,0.0989395692446212
09-01-2026 09:35||NIFTY27JAN2626200CE,0.0946663091627242
09-01-2026 09:40||NIFTY27JAN2625500CE,0.1336080052811934
09-01-2026 09:40||NIFTY27JAN2625600CE,0.1277659973680438
09-01-2026 09:40||NIFTY27JAN2625700CE,0.1241131640014806
09-01-2026 09:40||NIFTY27JAN2625900CE,0.1138521129482726
09-01-2026 09:45||NIFTY27JAN2624000PE,0.1658897188642655
09-01-2026 09:45||NIFTY27JAN2624300PE,0.1478005532040319
09-01-2026 09:45||NIFTY27JAN2624400PE,0.1413355198886494
09-01-2026 09:45||NIFTY27JAN2624700PE,0.1235235951921868
09-01-2026 09:45||NIFTY27JAN2624900PE,0.113571040033699
09-01-2026 09:45||NIFTY27JAN2625600CE,0.1234457631441666
09-01-2026 09:45||NIFTY27JAN2625900CE,0.1060292662241569
09-01-2026 09:50||NIFTY27JAN2624100PE,0.158994686425007
09-01-2026 09:50||NIFTY27JAN2624400PE,0.1417912975097936
09-01-2026 09:50||NIFTY27JAN2624600PE,0.1300001550789563
09-01-2026 09:50||NIFTY27JAN2624700PE,0.1241210778087081
09-01-2026 09:50||NIFTY27JAN2624900PE,0.1140141565857067
09-01-2026 09:50||NIFTY27JAN2625300CE,0.1358628144544089
09-01-2026 09:50||NIFTY27JAN2625600CE,0.118952859552098
09-01-2026 09:50||NIFTY27JAN2626000CE,0.1029152823924873
09-01-2026 09:50||NIFTY27JAN2626100CE,0.0997909276376044
09-01-2026 09:50||NIFTY27JAN2626400CE,0.0945941606703609
09-01-2026 09:55||NIFTY27JAN2623800PE,0.1783869750491968
09-01-2026 09:55||NIFTY27JAN2624800PE,0.1216767386757865
09-01-2026 09:55||NIFTY27JAN2624900PE,0.116369957779123
09-01-2026 09:55||NIFTY27JAN2625000PE,0.111942863984476
09-01-2026 09:55||NIFTY27JAN2625200CE,0.13959886027769
09-01-2026 10:00||NIFTY27JAN2624100PE,0.1621934322329604
09-01-2026 10:00||NIFTY27JAN2624300PE,0.1502135108287312
09-01-2026 10:00||NIFTY27JAN2625100PE,0.105168723803347
09-01-2026 10:00||NIFTY27JAN2625500CE,0.1057918197152295
09-01-2026 10:00||NIFTY27JAN2626100CE,0.0920387685109231
09-01-2026 10:05||NIFTY27JAN2624500PE,0.1361684760532225
09-01-2026 10:05||NIFTY27JAN2624800PE,0.1200519965327295
09-01-2026 10:05||NIFTY27JAN2625600CE,0.1209751109766547
09-01-2026 10:05||NIFTY27JAN2626100CE,0.098844192023613
09-01-2026 10:10||NIFTY27JAN2624400PE,0.1435400682184699
09-01-2026 10:10||NIFTY27JAN2626300CE,0.0909733006355008
09-01-2026 10:10||NIFTY27JAN2626400CE,0.089930738226609
09-01-2026 10:15||NIFTY27JAN2625100PE,0.1064403250200929
09-01-2026 10:15||NIFTY27JAN2625600CE,0.1075189669213057
09-01-2026 10:15||NIFTY27JAN2626200CE,0.0925526925626036
09-01-2026 10:15||NIFTY27JAN2626300CE,0.0914301233278456
09-01-2026 10:20||NIFTY27JAN2623900PE,0.17236438868559
09-01-2026 10:20||NIFTY27JAN2624000PE,0.1673116546315859
09-01-2026 10:20||NIFTY27JAN2625200CE,0.127910599497915
09-01-2026 10:20||NIFTY27JAN2625700CE,0.1123257072224173
09-01-2026 10:25||NIFTY27JAN2624200PE,0.1552207171462702
09-01-2026 10:25||NIFTY27JAN2625000PE,0.1104298694414655
09-01-2026 10:25||NIFTY27JAN2625600CE,0.1195315559857774
09-01-2026 10:25||NIFTY27JAN2626200CE,0.0976672385618138
09-01-2026 10:25||NIFTY27JAN2626500CE,0.0941740514876922
09-01-2026 10:30||NIFTY27JAN2624300PE,0.1501426999339431
09-01-2026 10:30||NIFTY27JAN2624900PE,0.1165056843390416
09-01-2026 10:35||NIFTY27JAN2624300PE,0.1487652942379813
09-01-2026 10:35||NIFTY27JAN2624800PE,0.120475138639462
09-01-2026 10:35||NIFTY27JAN2626300CE,0.0914621147820991
09-01-2026 10:40||NIFTY27JAN2624000PE,0.1669070444663947
09-01-2026 10:40||NIFTY27JAN2624700PE,0.1245836835240657
09-01-2026 10:40||NIFTY27JAN2625000PE,0.1102035211859662
09-01-2026 10:40||NIFTY27JAN2625500CE,0.1173937027888944
09-01-2026 10:40||NIFTY27JAN2626000CE,0.0982836184238293
09-01-2026 10:40||NIFTY27JAN2626100CE,0.0953429379946553
09-01-2026 10:40||NIFTY27JAN2626400CE,0.0924235792162163
09-01-2026 10:40||NIFTY27JAN2626500CE,0.0929819674835584
09-01-2026 10:45||NIFTY27JAN2624400PE,0.1426539961613168
09-01-2026 10:45||NIFTY27JAN2625000PE,0.1100188954939811
09-01-2026 10:45||NIFTY27JAN2625200CE,0.1349223079407302
09-01-2026 10:45||NIFTY27JAN2625400CE,0.1181347045855955
09-01-2026 10:45||NIFTY27JAN2625500CE,0.1123721050174489
09-01-2026 10:45||NIFTY27JAN2626300CE,0.0912086339653535
09-01-2026 10:50||NIFTY27JAN2624100PE,0.1614141886997563
09-01-2026 10:50||NIFTY27JAN2625800CE,0.0964375820345545
09-01-2026 10:50||NIFTY27JAN2625900CE,0.0940075120157512
09-01-2026 10:50||NIFTY27JAN2626000CE,0.0926944106542992
09-01-2026 10:50||NIFTY27JAN2626400CE,0.0886453019590861
09-01-2026 10:50||NIFTY27JAN2626500CE,0.0894806592791238
09-01-2026 10:55||NIFTY27JAN2623800PE,0.1763388071936723
09-01-2026 10:55||NIFTY27JAN2624700PE,0.1237734540052232
09-01-2026 10:55||NIFTY27JAN2624900PE,0.1139612048668052
09-01-2026 10:55||NIFTY27JAN2626300CE,0.0914231170717351
09-01-2026 11:00||NIFTY27JAN2624900PE,0.1126450389629207
09-01-2026 11:00||NIFTY27JAN2625000PE,0.1094128359768584
09-01-2026 11:00||NIFTY27JAN2625200CE,0.137237419966892
09-01-2026 11:00||NIFTY27JAN2625700CE,0.1032651352615441
09-01-2026 11:00||NIFTY27JAN2625800CE,0.0999240576287412
09-01-2026 11:05||NIFTY27JAN2624000PE,0.1640968968393517
09-01-2026 11:05||NIFTY27JAN2624400PE,0.1390804044814726
09-01-2026 11:05||NIFTY27JAN2625100PE,0.1034009694003269
09-01-2026 11:05||NIFTY27JAN2625300CE,0.1324474302461077
09-01-2026 11:05||NIFTY27JAN2625500CE,0.1138715103748073
09-01-2026 11:05||NIFTY27JAN2625700CE,0.1046364895181272
09-01-2026 11:10||NIFTY27JAN2623900PE,0.1706626554152529
09-01-2026 11:10||NIFTY27JAN2624700PE,0.1234701990248037
09-01-2026 11:10||NIFTY27JAN2625100PE,0.104521417471589
09-01-2026 11:10||NIFTY27JAN2625200CE,0.115919561822197
09-01-2026 11:10||NIFTY27JAN2625500CE,0.1053029180655625
09-01-2026 11:10||NIFTY27JAN2625800CE,0.0947981857539649
09-01-2026 11:15||NIFTY27JAN2624200PE,0.1524366075913601
09-01-2026 11:15||NIFTY27JAN2624600PE,0.1281569795915466
09-01-2026 11:15||NIFTY27JAN2625700CE,0.1019719803687681
09-01-2026 11:15||NIFTY27JAN2626400CE,0.0910068191863306
09-01-2026 11:20||NIFTY27JAN2625200CE,0.1271203291271881
09-01-2026 11:20||NIFTY27JAN2625500CE,0.1105389337472038
09-01-2026 11:25||NIFTY27JAN2624600PE,0.1279076473196386
09-01-2026 11:25||NIFTY27JAN2625100PE,0.1038615465516601
09-01-2026 11:25||NIFTY27JAN2625600CE,0.1090291266641578
09-01-2026 11:30||NIFTY27JAN2624000PE,0.1638663474684017
09-01-2026 11:30||NIFTY27JAN2624100PE,0.1571609229063223
09-01-2026 11:30||NIFTY27JAN2624500PE,0.1339851842962837
09-01-2026 11:30||NIFTY27JAN2624600PE,0.1284599468499665
09-01-2026 11:30||NIFTY27JAN2624900PE,0.1130850866412299
09-01-2026 11:30||NIFTY27JAN2625000PE,0.1091651706927561
09-01-2026 11:30||NIFTY27JAN2625300CE,0.1215857099258486
09-01-2026 11:30||NIFTY27JAN2626200CE,0.090288518233572
09-01-2026 11:35||NIFTY27JAN2624100PE,0.1572515960895886
09-01-2026 11:35||NIFTY27JAN2624600PE,0.1278578034120939
09-01-2026 11:35||NIFTY27JAN2625200CE,0.1223154316978186
09-01-2026 11:35||NIFTY27JAN2625300CE,0.117410385868566
09-01-2026 11:35||NIFTY27JAN2625700CE,0.100945087613615
09-01-2026 11:35||NIFTY27JAN2625800CE,0.0983618029136187
09-01-2026 11:40||NIFTY27JAN2624600PE,0.1273549914497634
09-01-2026 11:40||NIFTY27JAN2624700PE,0.1214685116441908
09-01-2026 11:40||NIFTY27JAN2625000PE,0.108851279457694
09-01-2026 11:40||NIFTY27JAN2625300CE,0.1178315751028445
09-01-2026 11:40||NIFTY27JAN2625800CE,0.0978525730181203
09-01-2026 11:40||NIFTY27JAN2625900CE,0.0958314908975904
09-01-2026 11:45||NIFTY27JAN2625900CE,0.0971520704668733
09-01-2026 11:45||NIFTY27JAN2626000CE,0.0957852614003012
09-01-2026 11:45||NIFTY27JAN2626200CE,0.0930283471618845
09-01-2026 11:45||NIFTY27JAN2626500CE,0.0952303466145452
09-01-2026 11:50||NIFTY27JAN2625000PE,0.1090434465904196
09-01-2026 11:50||NIFTY27JAN2625200CE,0.1222017828636056
09-01-2026 11:50||NIFTY27JAN2625400CE,0.1121187227238445
09-01-2026 11:50||NIFTY27JAN2625500CE,0.108549556946008
09-01-2026 11:50||NIFTY27JAN2626000CE,0.0967185043860587
09-01-2026 11:50||NIFTY27JAN2626500CE,0.0948300708224812
09-01-2026 11:55||NIFTY27JAN2624200PE,0.1518790882115261
09-01-2026 11:55||NIFTY27JAN2624300PE,0.1441683579426732
09-01-2026 11:55||NIFTY27JAN2624500PE,0.1332904589496897
09-01-2026 11:55||NIFTY27JAN2624900PE,0.1128065585413903
09-01-2026 11:55||NIFTY27JAN2625400CE,0.1143038087127874
09-01-2026 11:55||NIFTY27JAN2625600CE,0.1060733286091276
09-01-2026 11:55||NIFTY27JAN2625800CE,0.0998032691622857
09-01-2026 11:55||NIFTY27JAN2626300CE,0.0934794009393055
09-01-2026 12:00||NIFTY27JAN2623800PE,0.1732598344754526
09-01-2026 12:00||NIFTY27JAN2624400PE,0.137361301676036
09-01-2026 12:00||NIFTY27JAN2624800PE,0.1160229496164107
09-01-2026 12:00||NIFTY27JAN2625600CE,0.1108989988308501
09-01-2026 12:00||NIFTY27JAN2625800CE,0.103680573162338
09-01-2026 12:00||NIFTY27JAN2626300CE,0.0952242285188041
09-01-2026 12:05||NIFTY27JAN2624600PE,0.1279548317237686
09-01-2026 12:05||NIFTY27JAN2625500CE,0.1081713295093605
09-01-2026 12:05||NIFTY27JAN2626000CE,0.0955748163606538
09-01-2026 12:05||NIFTY27JAN2626500CE,0.0944925819740448
09-01-2026 12:10||NIFTY27JAN2624200PE,0.1520877849765948
09-01-2026 12:10||NIFTY27JAN2624300PE,0.1448146592302527
09-01-2026 12:10||NIFTY27JAN2625500CE,0.1059968427885044
09-01-2026 12:10||NIFTY27JAN2625900CE,0.0957910578828022
09-01-2026 12:10||NIFTY27JAN2626300CE,0.093157246948932
09-01-2026 12:15||NIFTY27JAN2623800PE,0.1737969484329448
09-01-2026 12:15||NIFTY27JAN2624100PE,0.1575975011033321
09-01-2026 12:15||NIFTY27JAN2624200PE,0.1513320930777208
09-01-2026 12:15||NIFTY27JAN2624300PE,0.1439547672113794
09-01-2026 12:15||NIFTY27JAN2625400CE,0.1103306190541957
09-01-2026 12:15||NIFTY27JAN2625500CE,0.1074463380507228
09-01-2026 12:15||NIFTY27JAN2625800CE,0.0987662962670491
09-01-2026 12:15||NIFTY27JAN2625900CE,0.096626614478611
09-01-2026 12:15||NIFTY27JAN2626200CE,0.0939034369184206
09-01-2026 12:15||NIFTY27JAN2626300CE,0.0940071919757251
09-01-2026 12:15||NIFTY27JAN2626400CE,0.0946089745354265
09-01-2026 12:15||NIFTY27JAN2626500CE,0.096229579104539
09-01-2026 12:20||NIFTY27JAN2624000PE,0.1634240745713576
09-01-2026 12:20||NIFTY27JAN2624700PE,0.1204057731152285
09-01-2026 12:20||NIFTY27JAN2624800PE,0.1166007558385095
09-01-2026 12:20||NIFTY27JAN2625000PE,0.1080258749076096
09-01-2026 12:25||NIFTY27JAN2624200PE,0.1509695091465242
09-01-2026 12:25||NIFTY27JAN2624400PE,0.1380503076451174
09-01-2026 12:25||NIFTY27JAN2624600PE,0.1266883572289369
09-01-2026 12:25||NIFTY27JAN2625000PE,0.1091925565063595
09-01-2026 12:30||NIFTY27JAN2623800PE,0.173880395357432
09-01-2026 12:30||NIFTY27JAN2624400PE,0.1377798737363267
09-01-2026 12:30||NIFTY27JAN2624900PE,0.1120055190491216
09-01-2026 12:30||NIFTY27JAN2626400CE,0.094635141304458
09-01-2026 12:35||NIFTY27JAN2624100PE,0.1578515856031986
09-01-2026 12:35||NIFTY27JAN2624300PE,0.146280273254999
09-01-2026 12:35||NIFTY27JAN2624700PE,0.1239218696252462
09-01-2026 12:35||NIFTY27JAN2624900PE,0.1147138412567471
09-01-2026 12:35||NIFTY27JAN2625700CE,0.097617462595922
09-01-2026 12:35||NIFTY27JAN2626400CE,0.0955850949591057
09-01-2026 12:40||NIFTY27JAN2624100PE,0.1578897802357876
09-01-2026 12:40||NIFTY27JAN2625800CE,0.0990086798498013
09-01-2026 12:40||NIFTY27JAN2626100CE,0.0957055782304119
09-01-2026 12:45||NIFTY27JAN2623900PE,0.1713329077933865
09-01-2026 12:45||NIFTY27JAN2624100PE,0.1575568715031875
09-01-2026 12:45||NIFTY27JAN2624200PE,0.1516752208862236
09-01-2026 12:45||NIFTY27JAN2625100PE,0.104922810057867
09-01-2026 12:45||NIFTY27JAN2625300CE,0.1071031260213351
09-01-2026 12:45||NIFTY27JAN2625800CE,0.0971847025154848
09-01-2026 12:45||NIFTY27JAN2625900CE,0.095706868028388
09-01-2026 12:45||NIFTY27JAN2626000CE,0.0952611467276585
09-01-2026 12:45||NIFTY27JAN2626400CE,0.0982634810028528
09-01-2026 12:50||NIFTY27JAN2623800PE,0.1744389150461694
09-01-2026 12:50||NIFTY27JAN2624100PE,0.155028882822387
09-01-2026 12:50||NIFTY27JAN2625300CE,0.1210694332862808
09-01-2026 12:50||NIFTY27JAN2625500CE,0.1113306716351492
09-01-2026 12:50||NIFTY27JAN2626200CE,0.0978677208902516
09-01-2026 12:55||NIFTY27JAN2624100PE,0.1569928153019571
09-01-2026 12:55||NIFTY27JAN2624500PE,0.1332100408158859
09-01-2026 12:55||NIFTY27JAN2624800PE,0.117748445071314
09-01-2026 12:55||NIFTY27JAN2625600CE,0.1045965671586455
09-01-2026 12:55||NIFTY27JAN2625700CE,0.1019374983151246
09-01-2026 13:00||NIFTY27JAN2624200PE,0.1513715520994234
09-01-2026 13:00||NIFTY27JAN2624900PE,0.1133229271073536
09-01-2026 13:00||NIFTY27JAN2625200CE,0.1196806677218984
09-01-2026 13:00||NIFTY27JAN2625600CE,0.1041168145722311
09-01-2026 13:00||NIFTY27JAN2625800CE,0.0993331400582819
09-01-2026 13:00||NIFTY27JAN2626400CE,0.0982715976660169
09-01-2026 13:05||NIFTY27JAN2623900PE,0.1691372801407032
09-01-2026 13:05||NIFTY27JAN2624100PE,0.1576690208750953
09-01-2026 13:05||NIFTY27JAN2624300PE,0.1453053304774632
09-01-2026 13:05||NIFTY27JAN2624400PE,0.138966807697716
09-01-2026 13:05||NIFTY27JAN2624700PE,0.1220787494125605
09-01-2026 13:05||NIFTY27JAN2624800PE,0.1179384878869503
09-01-2026 13:05||NIFTY27JAN2624900PE,0.1132146583413067
09-01-2026 13:05||NIFTY27JAN2625000PE,0.1096345154758674
09-01-2026 13:05||NIFTY27JAN2626000CE,0.098431410298072
09-01-2026 13:05||NIFTY27JAN2626400CE,0.0990244884107125
09-01-2026 13:05||NIFTY27JAN2626500CE,0.1007842368660995
09-01-2026 13:10||NIFTY27JAN2624000PE,0.1645986990733216
09-01-2026 13:10||NIFTY27JAN2624100PE,0.1577926755398487
09-01-2026 13:10||NIFTY27JAN2624300PE,0.1454508670321068
09-01-2026 13:10||NIFTY27JAN2625200CE,0.1214011980606075
09-01-2026 13:10||NIFTY27JAN2625900CE,0.098958909450853
09-01-2026 13:10||NIFTY27JAN2626100CE,0.0966943617191319
09-01-2026 13:10||NIFTY27JAN2626400CE,0.0986711960317119
09-01-2026 13:15||NIFTY27JAN2624100PE,0.1582265942634397
09-01-2026 13:15||NIFTY27JAN2624400PE,0.1394774612286202
09-01-2026 13:15||NIFTY27JAN2625000PE,0.1100437173222955
09-01-2026 13:15||NIFTY27JAN2625300CE,0.1174827077785899
09-01-2026 13:15||NIFTY27JAN2625700CE,0.1031006007362258
09-01-2026 13:15||NIFTY27JAN2625800CE,0.1001577320378033
09-01-2026 13:15||NIFTY27JAN2625900CE,0.0987387853141244
09-01-2026 13:15||NIFTY27JAN2626100CE,0.0971003539029303
09-01-2026 13:15||NIFTY27JAN2626200CE,0.0968668388105908
09-01-2026 13:20||NIFTY27JAN2624100PE,0.1567253379478759
09-01-2026 13:20||NIFTY27JAN2625000PE,0.1093166617857422
09-01-2026 13:20||NIFTY27JAN2625200CE,0.1219771887929152
09-01-2026 13:20||NIFTY27JAN2625600CE,0.1040020670837824
09-01-2026 13:25||NIFTY27JAN2624500PE,0.1334567821781401
09-01-2026 13:25||NIFTY27JAN2625100PE,0.1046105723387713
09-01-2026 13:25||NIFTY27JAN2625300CE,0.1166689857279727
09-01-2026 13:25||NIFTY27JAN2626200CE,0.0967783475192806
09-01-2026 13:30||NIFTY27JAN2624300PE,0.1465407936810239
09-01-2026 13:30||NIFTY27JAN2624900PE,0.1141289607719218
09-01-2026 13:30||NIFTY27JAN2625900CE,0.0960286251475181
09-01-2026 13:30||NIFTY27JAN2626400CE,0.0972990246010935
09-01-2026 13:35||NIFTY27JAN2623900PE,0.1678188955727999
09-01-2026 13:35||NIFTY27JAN2624100PE,0.1563309499232321
09-01-2026 13:35||NIFTY27JAN2624400PE,0.1389253819884661
09-01-2026 13:35||NIFTY27JAN2624600PE,0.1263499026793099
09-01-2026 13:35||NIFTY27JAN2625100PE,0.1071114372926399
09-01-2026 13:35||NIFTY27JAN2625300CE,0.1206150471251053
09-01-2026 13:35||NIFTY27JAN2625400CE,0.1150985764968636
09-01-2026 13:35||NIFTY27JAN2625900CE,0.1003060280069932
09-01-2026 13:35||NIFTY27JAN2626100CE,0.0973764003419126
09-01-2026 13:40||NIFTY27JAN2624500PE,0.1345003457656524
09-01-2026 13:40||NIFTY27JAN2624800PE,0.1195456553737531
09-01-2026 13:40||NIFTY27JAN2625100PE,0.1027890258374244
09-01-2026 13:40||NIFTY27JAN2625300CE,0.1083067468811066
09-01-2026 13:40||NIFTY27JAN2625500CE,0.101472128590642
09-01-2026 13:40||NIFTY27JAN2626500CE,0.0985919259194579
09-01-2026 13:45||NIFTY27JAN2623900PE,0.1654037793622
09-01-2026 13:45||NIFTY27JAN2624100PE,0.1557978428077614
09-01-2026 13:45||NIFTY27JAN2624300PE,0.1441810788911128
09-01-2026 13:45||NIFTY27JAN2624400PE,0.1382400518310981
09-01-2026 13:45||NIFTY27JAN2625200CE,0.115485413205003
09-01-2026 13:45||NIFTY27JAN2626000CE,0.096974472521239
09-01-2026 13:50||NIFTY27JAN2623800PE,0.1725999949650865
09-01-2026 13:50||NIFTY27JAN2624600PE,0.1268549378135063
09-01-2026 13:50||NIFTY27JAN2624700PE,0.1218003487590147
09-01-2026 13:50||NIFTY27JAN2625400CE,0.1089149302559794
09-01-2026 13:50||NIFTY27JAN2625800CE,0.0981604858878826
09-01-2026 13:50||NIFTY27JAN2626100CE,0.0957293665355786
09-01-2026 13:55||NIFTY27JAN2624000PE,0.1622424327554388
09-01-2026 13:55||NIFTY27JAN2625400CE,0.1149076774694033
09-01-2026 13:55||NIFTY27JAN2625500CE,0.1120700682120432
09-01-2026 13:55||NIFTY27JAN2626400CE,0.1011372861451105
09-01-2026 14:00||NIFTY27JAN2624200PE,0.151165412147068
09-01-2026 14:00||NIFTY27JAN2624300PE,0.1449230855789964
09-01-2026 14:00||NIFTY27JAN2624400PE,0.1389603046251442
09-01-2026 14:00||NIFTY27JAN2625500CE,0.1052739532119302
09-01-2026 14:00||NIFTY27JAN2625800CE,0.0981138167206613
09-01-2026 14:00||NIFTY27JAN2626000CE,0.0964053328858184
09-01-2026 14:05||NIFTY27JAN2624100PE,0.156224343699012
09-01-2026 14:05||NIFTY27JAN2624300PE,0.1439523147120669
09-01-2026 14:05||NIFTY27JAN2624400PE,0.1377053707613833
09-01-2026 14:05||NIFTY27JAN2625200CE,0.1236041249561009
09-01-2026 14:05||NIFTY27JAN2625400CE,0.1148574669595166
09-01-2026 14:10||NIFTY27JAN2624300PE,0.144021200913362
09-01-2026 14:10||NIFTY27JAN2624700PE,0.1221476965654069
09-01-2026 14:10||NIFTY27JAN2625300CE,0.1126612413348747
09-01-2026 14:10||NIFTY27JAN2626300CE,0.0966103034510822
09-01-2026 14:10||NIFTY27JAN2626400CE,0.0984626436352974
09-01-2026 14:10||NIFTY27JAN2626500CE,0.1002025791037637
09-01-2026 14:15||NIFTY27JAN2625500CE,0.1061607706534391
09-01-2026 14:20||NIFTY27JAN2624100PE,0.1561070604195725
09-01-2026 14:20||NIFTY27JAN2624300PE,0.1434596774551126
09-01-2026 14:20||NIFTY27JAN2624400PE,0.13812459004543
09-01-2026 14:20||NIFTY27JAN2625000PE,0.1092656089735119
09-01-2026 14:20||NIFTY27JAN2625200CE,0.1155126251418623
09-01-2026 14:20||NIFTY27JAN2625400CE,0.1084210926570496
09-01-2026 14:20||NIFTY27JAN2625900CE,0.097439207744685
09-01-2026 14:25||NIFTY27JAN2624100PE,0.1567816914768642
09-01-2026 14:25||NIFTY27JAN2624200PE,0.1509192893028039
09-01-2026 14:25||NIFTY27JAN2624300PE,0.1439517182712555
09-01-2026 14:25||NIFTY27JAN2625100PE,0.1048550082244866
09-01-2026 14:25||NIFTY27JAN2625300CE,0.1099299161852869
09-01-2026 14:25||NIFTY27JAN2625600CE,0.1008620903769738
09-01-2026 14:30||NIFTY27JAN2624000PE,0.1628117266505387
09-01-2026 14:30||NIFTY27JAN2624200PE,0.1493387956562513
09-01-2026 14:30||NIFTY27JAN2625900CE,0.1000551979973968
09-01-2026 14:30||NIFTY27JAN2626300CE,0.0989892924115333
09-01-2026 14:35||NIFTY27JAN2624200PE,0.1501070744659918
09-01-2026 14:35||NIFTY27JAN2624300PE,0.1430333901650704
09-01-2026 14:35||NIFTY27JAN2624600PE,0.1263011047496546
09-01-2026 14:35||NIFTY27JAN2625800CE,0.1003181323695639
09-01-2026 14:40||NIFTY27JAN2623800PE,0.1747312524812587
09-01-2026 14:40||NIFTY27JAN2625200CE,0.125526446589353
09-01-2026 14:40||NIFTY27JAN2625600CE,0.1072312338952524
09-01-2026 14:40||NIFTY27JAN2625900CE,0.0996626123103189
09-01-2026 14:40||NIFTY27JAN2626100CE,0.0980345084896331
09-01-2026 14:40||NIFTY27JAN2626400CE,0.1006462600997211
09-01-2026 14:45||NIFTY27JAN2624500PE,0.1328859886596087
09-01-2026 14:45||NIFTY27JAN2624600PE,0.1267652586246431
09-01-2026 14:45||NIFTY27JAN2625300CE,0.1146285270710457
09-01-2026 14:45||NIFTY27JAN2625600CE,0.1043549233208675
09-01-2026 14:50||NIFTY27JAN2623900PE,0.1670942044795623
09-01-2026 14:50||NIFTY27JAN2626000CE,0.0977977170404228
09-01-2026 14:50||NIFTY27JAN2626300CE,0.0978453071819996
09-01-2026 14:55||NIFTY27JAN2623900PE,0.169189276269207
09-01-2026 14:55||NIFTY27JAN2624000PE,0.1637805809452829
09-01-2026 14:55||NIFTY27JAN2624800PE,0.1177662824367072
09-01-2026 14:55||NIFTY27JAN2625600CE,0.1029302868493402
09-01-2026 14:55||NIFTY27JAN2625900CE,0.0973506842278681
09-01-2026 15:00||NIFTY27JAN2624000PE,0.163304908310247
09-01-2026 15:00||NIFTY27JAN2624300PE,0.1437127715316882
09-01-2026 15:00||NIFTY27JAN2625400CE,0.111534043367456
09-01-2026 15:00||NIFTY27JAN2625600CE,0.1056654447744671
09-01-2026 15:00||NIFTY27JAN2625700CE,0.1029520389433975
09-01-2026 15:00||NIFTY27JAN2625800CE,0.1003262850964591
09-01-2026 15:00||NIFTY27JAN2626500CE,0.101172500953973
09-01-2026 15:05||NIFTY27JAN2624200PE,0.1504938303001495
09-01-2026 15:05||NIFTY27JAN2624300PE,0.1440068034435683
09-01-2026 15:05||NIFTY27JAN2625000PE,0.1087374611560952
09-01-2026 15:05||NIFTY27JAN2625100PE,0.1051026666104422
09-01-2026 15:05||NIFTY27JAN2625600CE,0.1056856418704334
09-01-2026 15:05||NIFTY27JAN2626500CE,0.1011203090504994
09-01-2026 15:10||NIFTY27JAN2623800PE,0.1731696618865969
09-01-2026 15:10||NIFTY27JAN2624000PE,0.1633544403394393
09-01-2026 15:10||NIFTY27JAN2624600PE,0.1264206809964899
09-01-2026 15:10||NIFTY27JAN2625000PE,0.1094936243122861
09-01-2026 15:10||NIFTY27JAN2625100PE,0.1069324495323101
09-01-2026 15:10||NIFTY27JAN2625200CE,0.1179371593493652
09-01-2026 15:10||NIFTY27JAN2626200CE,0.0969673358760724
09-01-2026 15:15||NIFTY27JAN2624200PE,0.151276756277139
09-01-2026 15:15||NIFTY27JAN2624300PE,0.1447987973528428
09-01-2026 15:15||NIFTY27JAN2624500PE,0.1338292038671182
09-01-2026 15:15||NIFTY27JAN2624700PE,0.1226139867194468
09-01-2026 15:15||NIFTY27JAN2624900PE,0.113924602611224
09-01-2026 15:15||NIFTY27JAN2625200CE,0.1145047028717323
09-01-2026 15:15||NIFTY27JAN2625900CE,0.0964934158679367
09-01-2026 15:15||NIFTY27JAN2626000CE,0.0963480011952185
09-01-2026 15:20||NIFTY27JAN2623800PE,0.1747409665417653
09-01-2026 15:20||NIFTY27JAN2624700PE,0.1229547572509963
09-01-2026 15:20||NIFTY27JAN2625100PE,0.1060237666278843
09-01-2026 15:20||NIFTY27JAN2625200CE,0.1238063403043865
09-01-2026 15:20||NIFTY27JAN2625300CE,0.1173098249702603
09-01-2026 15:20||NIFTY27JAN2625600CE,0.1053142958900295
09-01-2026 15:20||NIFTY27JAN2625800CE,0.0999936011499321
09-01-2026 15:20||NIFTY27JAN2626100CE,0.0971178922645559
09-01-2026 15:25||NIFTY27JAN2624100PE,0.1577270815049385
09-01-2026 15:25||NIFTY27JAN2624200PE,0.1519813305972116
09-01-2026 15:25||NIFTY27JAN2624400PE,0.1416526017256908
09-01-2026 15:25||NIFTY27JAN2625500CE,0.1159152105426033
09-01-2026 15:25||NIFTY27JAN2626000CE,0.1029102239994645
09-01-2026 15:25||NIFTY27JAN2626100CE,0.1003810062940012
12-01-2026 09:15||NIFTY27JAN2624000PE,0.1756074465203181
12-01-2026 09:15||NIFTY27JAN2624900PE,0.1249764028879918
12-01-2026 09:15||NIFTY27JAN2625200CE,0.127328599811647
12-01-2026 09:15||NIFTY27JAN2626000CE,0.1032677048968886
12-01-2026 09:15||NIFTY27JAN2626100CE,0.1032581622574898
12-01-2026 09:20||NIFTY27JAN2624200PE,0.1628883500375757
12-01-2026 09:20||NIFTY27JAN2624600PE,0.1384059584681201
12-01-2026 09:20||NIFTY27JAN2624800PE,0.1282552043828562
12-01-2026 09:20||NIFTY27JAN2625000PE,0.1180161111806271
12-01-2026 09:20||NIFTY27JAN2625100PE,0.1125995445738002
12-01-2026 09:20||NIFTY27JAN2625200CE,0.1310102189404428
12-01-2026 09:20||NIFTY27JAN2625600CE,0.1123169927596961
12-01-2026 09:20||NIFTY27JAN2625800CE,0.1099394059067629
12-01-2026 09:25||NIFTY27JAN2624700PE,0.1317471406872926
12-01-2026 09:25||NIFTY27JAN2625800CE,0.1144601280026385
12-01-2026 09:25||NIFTY27JAN2626200CE,0.1131455465569406
12-01-2026 09:30||NIFTY27JAN2623900PE,0.1810171534757098
12-01-2026 09:30||NIFTY27JAN2624000PE,0.1753977048151483
12-01-2026 09:30||NIFTY27JAN2624400PE,0.1491957602465953
12-01-2026 09:30||NIFTY27JAN2625200CE,0.1392194418816446
12-01-2026 09:30||NIFTY27JAN2625600CE,0.1221541185392745
12-01-2026 09:30||NIFTY27JAN2625800CE,0.1169033279496729
12-01-2026 09:30||NIFTY27JAN2626000CE,0.114438856012653
12-01-2026 09:35||NIFTY27JAN2623900PE,0.1791470578950783
12-01-2026 09:35||NIFTY27JAN2624500PE,0.1428372023522524
12-01-2026 09:35||NIFTY27JAN2624600PE,0.1363049134624689
12-01-2026 09:35||NIFTY27JAN2624700PE,0.1307574611995468
12-01-2026 09:35||NIFTY27JAN2625000PE,0.1174273980741367
12-01-2026 09:35||NIFTY27JAN2625700CE,0.1180448698310342
12-01-2026 09:35||NIFTY27JAN2625800CE,0.1155178530442541
12-01-2026 09:35||NIFTY27JAN2625900CE,0.1138456140472195
12-01-2026 09:35||NIFTY27JAN2626200CE,0.1129927175022243
12-01-2026 09:35||NIFTY27JAN2626500CE,0.1206460275647373
12-01-2026 09:40||NIFTY27JAN2623900PE,0.1807843993687385
12-01-2026 09:40||NIFTY27JAN2624600PE,0.138272247994967
12-01-2026 09:40||NIFTY27JAN2624700PE,0.1326527619699435
12-01-2026 09:40||NIFTY27JAN2625200CE,0.1362749691131904
12-01-2026 09:40||NIFTY27JAN2625400CE,0.1239070773733594
12-01-2026 09:45||NIFTY27JAN2623900PE,0.1811856673045481
12-01-2026 09:45||NIFTY27JAN2624800PE,0.1260939676060533
12-01-2026 09:45||NIFTY27JAN2625000PE,0.1158631758743428
12-01-2026 09:45||NIFTY27JAN2626400CE,0.1183883317030043
12-01-2026 09:45||NIFTY27JAN2626500CE,0.1214180553921344
12-01-2026 09:50||NIFTY27JAN2625000PE,0.1196851675250297
12-01-2026 09:50||NIFTY27JAN2625400CE,0.126725975683934
12-01-2026 09:50||NIFTY27JAN2625900CE,0.1118055066170761
12-01-2026 09:50||NIFTY27JAN2626000CE,0.1102915392952098
12-01-2026 09:55||NIFTY27JAN2623800PE,0.1885298776907278
12-01-2026 09:55||NIFTY27JAN2625000PE,0.1199271903362406
12-01-2026 09:55||NIFTY27JAN2625100PE,0.1154695338543868
12-01-2026 09:55||NIFTY27JAN2625400CE,0.1171714374912107
12-01-2026 09:55||NIFTY27JAN2625700CE,0.1093252642017789
12-01-2026 09:55||NIFTY27JAN2625900CE,0.1065559668247761
12-01-2026 09:55||NIFTY27JAN2626200CE,0.108167006431818
12-01-2026 09:55||NIFTY27JAN2626400CE,0.1127663676840988
12-01-2026 10:00||NIFTY27JAN2624800PE,0.1254024703193221
12-01-2026 10:00||NIFTY27JAN2625200CE,0.1403829445649171
12-01-2026 10:00||NIFTY27JAN2625700CE,0.1215650050039249
12-01-2026 10:00||NIFTY27JAN2626100CE,0.1128742072000617
12-01-2026 10:00||NIFTY27JAN2626200CE,0.1136463245614737
12-01-2026 10:05||NIFTY27JAN2623900PE,0.1827357546639716
12-01-2026 10:05||NIFTY27JAN2624300PE,0.157574212638331
12-01-2026 10:05||NIFTY27JAN2624600PE,0.138372742044173
12-01-2026 10:05||NIFTY27JAN2624700PE,0.1324474881313189
12-01-2026 10:05||NIFTY27JAN2624800PE,0.1274816019838947
12-01-2026 10:05||NIFTY27JAN2625100PE,0.1143481363874331
12-01-2026 10:10||NIFTY27JAN2624000PE,0.1757028780421543
12-01-2026 10:10||NIFTY27JAN2624100PE,0.1686265313473341
12-01-2026 10:10||NIFTY27JAN2624900PE,0.1222885092621928
12-01-2026 10:10||NIFTY27JAN2625600CE,0.1163192067426674
12-01-2026 10:10||NIFTY27JAN2626300CE,0.1118389990095236
12-01-2026 10:10||NIFTY27JAN2626400CE,0.114575806400937
12-01-2026 10:15||NIFTY27JAN2623800PE,0.1856143732742633
12-01-2026 10:15||NIFTY27JAN2624500PE,0.1423382082257442
12-01-2026 10:15||NIFTY27JAN2624800PE,0.1248004178145101
12-01-2026 10:15||NIFTY27JAN2625000PE,0.119078935223208
12-01-2026 10:15||NIFTY27JAN2625100PE,0.114476838212458
12-01-2026 10:15||NIFTY27JAN2626200CE,0.1129741402941732
12-01-2026 10:15||NIFTY27JAN2626400CE,0.1154660836073312
12-01-2026 10:15||NIFTY27JAN2626500CE,0.1190764327827904
12-01-2026 10:20||NIFTY27JAN2624200PE,0.1631290983560362
12-01-2026 10:20||NIFTY27JAN2624800PE,0.1275308423751417
12-01-2026 10:20||NIFTY27JAN2624900PE,0.122392672684163
12-01-2026 10:20||NIFTY27JAN2625200CE,0.132785714354212
12-01-2026 10:20||NIFTY27JAN2626500CE,0.1170847750258154
12-01-2026 10:25||NIFTY27JAN2623800PE,0.1870353097589984
12-01-2026 10:25||NIFTY27JAN2624300PE,0.1559816131781082
12-01-2026 10:25||NIFTY27JAN2624400PE,0.1498393627429625
12-01-2026 10:25||NIFTY27JAN2624900PE,0.1214182755775647
12-01-2026 10:25||NIFTY27JAN2625200CE,0.1402233548026901
12-01-2026 10:25||NIFTY27JAN2625800CE,0.1129148807143631
12-01-2026 10:25||NIFTY27JAN2625900CE,0.1107996174431931
12-01-2026 10:25||NIFTY27JAN2626000CE,0.1098480524645529
12-01-2026 10:30||NIFTY27JAN2624500PE,0.1455669764030734
12-01-2026 10:30||NIFTY27JAN2625200CE,0.1311582709596892
12-01-2026 10:30||NIFTY27JAN2625800CE,0.1090617164476759
12-01-2026 10:30||NIFTY27JAN2626200CE,0.1078226649141399
12-01-2026 10:35||NIFTY27JAN2624600PE,0.1370868917988746
12-01-2026 10:35||NIFTY27JAN2625400CE,0.1238782284879904
12-01-2026 10:35||NIFTY27JAN2625700CE,0.1136086406326602
12-01-2026 10:35||NIFTY27JAN2626400CE,0.1134813767868353
12-01-2026 10:40||NIFTY27JAN2625000PE,0.1172056285574515
12-01-2026 10:40||NIFTY27JAN2625100PE,0.1133835480309422
12-01-2026 10:40||NIFTY27JAN2625300CE,0.1284345885144222
12-01-2026 10:40||NIFTY27JAN2625400CE,0.1237485146471312
12-01-2026 10:40||NIFTY27JAN2625500CE,0.1195375545743904
12-01-2026 10:40||NIFTY27JAN2626400CE,0.1128147259350666
12-01-2026 10:45||NIFTY27JAN2624400PE,0.1492254467063893
12-01-2026 10:45||NIFTY27JAN2625000PE,0.1160629780305104
12-01-2026 10:45||NIFTY27JAN2626000CE,0.1101051619637005
12-01-2026 10:45||NIFTY27JAN2626200CE,0.1110319556481361
12-01-2026 10:45||NIFTY27JAN2626300CE,0.1120986531860333
12-01-2026 10:50||NIFTY27JAN2623900PE,0.1830839650872999
12-01-2026 10:50||NIFTY27JAN2624900PE,0.1231135644945734
12-01-2026 10:50||NIFTY27JAN2625500CE,0.1126892110412886
12-01-2026 10:50||NIFTY27JAN2625600CE,0.1097381608886059
12-01-2026 10:50||NIFTY27JAN2626200CE,0.1060077914837338
12-01-2026 10:55||NIFTY27JAN2624000PE,0.1761270786093034
12-01-2026 10:55||NIFTY27JAN2624300PE,0.1558299808500684
12-01-2026 10:55||NIFTY27JAN2624400PE,0.1495529747240303
12-01-2026 10:55||NIFTY27JAN2624900PE,0.1216781821662508
12-01-2026 10:55||NIFTY27JAN2625100PE,0.1126432190669137
12-01-2026 10:55||NIFTY27JAN2625500CE,0.1178846185654772
12-01-2026 10:55||NIFTY27JAN2626200CE,0.1085668125760982
12-01-2026 10:55||NIFTY27JAN2626400CE,0.1131621785355048
12-01-2026 11:00||NIFTY27JAN2623800PE,0.1864279118282421
12-01-2026 11:00||NIFTY27JAN2624000PE,0.1755552923304227
12-01-2026 11:00||NIFTY27JAN2624500PE,0.142821506350825
12-01-2026 11:00||NIFTY27JAN2624800PE,0.1265640037506417
12-01-2026 11:00||NIFTY27JAN2624900PE,0.1214451309353882
12-01-2026 11:00||NIFTY27JAN2625000PE,0.1169209290858638
12-01-2026 11:00||NIFTY27JAN2625200CE,0.129634141051599
12-01-2026 11:00||NIFTY27JAN2625400CE,0.1226046450630011
12-01-2026 11:00||NIFTY27JAN2625600CE,0.1153974982799404
12-01-2026 11:00||NIFTY27JAN2626000CE,0.1086231693184826
12-01-2026 11:00||NIFTY27JAN2626300CE,0.1113817353322481
12-01-2026 11:05||NIFTY27JAN2624100PE,0.1672614352284732
12-01-2026 11:05||NIFTY27JAN2624700PE,0.1298255022164584
12-01-2026 11:05||NIFTY27JAN2625200CE,0.131898051386734
12-01-2026 11:05||NIFTY27JAN2625500CE,0.1191911584167163
12-01-2026 11:05||NIFTY27JAN2625600CE,0.115783855927843
12-01-2026 11:05||NIFTY27JAN2625700CE,0.1134915300844915
12-01-2026 11:10||NIFTY27JAN2624400PE,0.1493085390442106
12-01-2026 11:10||NIFTY27JAN2624500PE,0.1433718092090177
12-01-2026 11:10||NIFTY27JAN2625200CE,0.1293422143509542
12-01-2026 11:10||NIFTY27JAN2625800CE,0.1090608569132857
12-01-2026 11:10||NIFTY27JAN2626000CE,0.1068514069773204
12-01-2026 11:15||NIFTY27JAN2625400CE,0.1179640629461389
12-01-2026 11:15||NIFTY27JAN2625700CE,0.1120329730936079
12-01-2026 11:15||NIFTY27JAN2625800CE,0.1099300428823542
12-01-2026 11:20||NIFTY27JAN2624800PE,0.1240582870379425
12-01-2026 11:20||NIFTY27JAN2626400CE,0.1163528331406742
12-01-2026 11:25||NIFTY27JAN2623800PE,0.1808327583293036
12-01-2026 11:25||NIFTY27JAN2624200PE,0.1575481243320206
12-01-2026 11:25||NIFTY27JAN2624300PE,0.1509323314715434
12-01-2026 11:25||NIFTY27JAN2624700PE,0.1280816082494404
12-01-2026 11:25||NIFTY27JAN2625400CE,0.1210221068982641
12-01-2026 11:30||NIFTY27JAN2623900PE,0.1773171573895704
12-01-2026 11:30||NIFTY27JAN2624000PE,0.1714661354373143
12-01-2026 11:35||NIFTY27JAN2624200PE,0.156905192109986
12-01-2026 11:35||NIFTY27JAN2624400PE,0.1453058331571791
12-01-2026 11:35||NIFTY27JAN2624700PE,0.1282824360820794
12-01-2026 11:35||NIFTY27JAN2624900PE,0.1186015838635355
12-01-2026 11:35||NIFTY27JAN2625300CE,0.1247317765574816
12-01-2026 11:35||NIFTY27JAN2625600CE,0.1151698434079885
12-01-2026 11:35||NIFTY27JAN2625800CE,0.1115362874763836
12-01-2026 11:40||NIFTY27JAN2624300PE,0.1520406490080829
12-01-2026 11:40||NIFTY27JAN2624400PE,0.14641451132733
12-01-2026 11:40||NIFTY27JAN2625000PE,0.1162110294971109
12-01-2026 11:40||NIFTY27JAN2625200CE,0.1302668787907794
12-01-2026 11:40||NIFTY27JAN2625300CE,0.1246097644251617
12-01-2026 11:50||NIFTY27JAN2624700PE,0.1281986064420562
12-01-2026 11:50||NIFTY27JAN2625600CE,0.1155208052417068
12-01-2026 11:50||NIFTY27JAN2625800CE,0.1118458575089109
12-01-2026 11:50||NIFTY27JAN2625900CE,0.1105376876518726
12-01-2026 11:55||NIFTY27JAN2624000PE,0.1703566093879778
12-01-2026 11:55||NIFTY27JAN2624900PE,0.11817827876027
12-01-2026 11:55||NIFTY27JAN2625100PE,0.11117097959603
12-01-2026 11:55||NIFTY27JAN2625700CE,0.1137529717371332
12-01-2026 11:55||NIFTY27JAN2626000CE,0.1105374691592453
12-01-2026 11:55||NIFTY27JAN2626500CE,0.1224581677517478
12-01-2026 12:00||NIFTY27JAN2624100PE,0.1633596948213372
12-01-2026 12:00||NIFTY27JAN2624900PE,0.1182417876645262
12-01-2026 12:00||NIFTY27JAN2625100PE,0.1113645060040186
12-01-2026 12:00||NIFTY27JAN2625900CE,0.1098355779374039
12-01-2026 12:05||NIFTY27JAN2624000PE,0.1704051294540666
12-01-2026 12:05||NIFTY27JAN2624900PE,0.1168498138517172
12-01-2026 12:05||NIFTY27JAN2625500CE,0.1191120244693752
12-01-2026 12:05||NIFTY27JAN2625800CE,0.1119238703003383
12-01-2026 12:05||NIFTY27JAN2626000CE,0.110478264444216
12-01-2026 12:10||NIFTY27JAN2623800PE,0.1821447668018825
12-01-2026 12:10||NIFTY27JAN2624200PE,0.1558512968603775
12-01-2026 12:10||NIFTY27JAN2624700PE,0.1254892665475237
12-01-2026 12:10||NIFTY27JAN2624800PE,0.1190571861263769
12-01-2026 12:10||NIFTY27JAN2625000PE,0.1104740131935591
12-01-2026 12:10||NIFTY27JAN2625800CE,0.119146030083815
12-01-2026 12:15||NIFTY27JAN2625100PE,0.1114097124202604
12-01-2026 12:15||NIFTY27JAN2625900CE,0.113804405173775
12-01-2026 12:15||NIFTY27JAN2626200CE,0.1134444430500584
12-01-2026 12:20||NIFTY27JAN2624400PE,0.1488700181299921
12-01-2026 12:20||NIFTY27JAN2624700PE,0.1305056076776249
12-01-2026 12:20||NIFTY27JAN2625100PE,0.1120153640999187
12-01-2026 12:20||NIFTY27JAN2625300CE,0.1414160889958287
12-01-2026 12:20||NIFTY27JAN2625500CE,0.1336214854961599
12-01-2026 12:20||NIFTY27JAN2626400CE,0.1165006341094029
12-01-2026 12:25||NIFTY27JAN2624800PE,0.1300589105070514
12-01-2026 12:25||NIFTY27JAN2625200CE,0.1360328223935464
12-01-2026 12:25||NIFTY27JAN2626300CE,0.1112908180714865
12-01-2026 12:30||NIFTY27JAN2623800PE,0.1882001100681137
12-01-2026 12:30||NIFTY27JAN2624800PE,0.1305325923077578
12-01-2026 12:30||NIFTY27JAN2624900PE,0.1247407985278544
12-01-2026 12:30||NIFTY27JAN2625500CE,0.1340471632942197
12-01-2026 12:30||NIFTY27JAN2625700CE,0.124446330894406
12-01-2026 12:30||NIFTY27JAN2626500CE,0.1194094984822365
12-01-2026 12:35||NIFTY27JAN2624300PE,0.1614596129454437
12-01-2026 12:35||NIFTY27JAN2624600PE,0.1444627278553329
12-01-2026 12:35||NIFTY27JAN2624900PE,0.1280231382945438
12-01-2026 12:35||NIFTY27JAN2625100PE,0.1164775811280216
12-01-2026 12:35||NIFTY27JAN2626000CE,0.1099350085889656
12-01-2026 12:35||NIFTY27JAN2626300CE,0.1103534770533599
12-01-2026 12:40||NIFTY27JAN2624300PE,0.1584426733807793
12-01-2026 12:40||NIFTY27JAN2624400PE,0.1526645449380207
12-01-2026 12:40||NIFTY27JAN2624500PE,0.1462892250589897
12-01-2026 12:40||NIFTY27JAN2625000PE,0.1192629357170003
12-01-2026 12:40||NIFTY27JAN2625300CE,0.1451841176055058
12-01-2026 12:40||NIFTY27JAN2625500CE,0.1367938463668266
12-01-2026 12:40||NIFTY27JAN2626000CE,0.1189138276588768
12-01-2026 12:40||NIFTY27JAN2626200CE,0.1168378499471726
12-01-2026 12:45||NIFTY27JAN2624300PE,0.1644655634662945
12-01-2026 12:45||NIFTY27JAN2624500PE,0.1524328110038805
12-01-2026 12:45||NIFTY27JAN2624800PE,0.1349167420878649
12-01-2026 12:45||NIFTY27JAN2625000PE,0.124641239998388
12-01-2026 12:45||NIFTY27JAN2625300CE,0.1292545007269616
12-01-2026 12:45||NIFTY27JAN2625700CE,0.1139966709646956
12-01-2026 12:45||NIFTY27JAN2625800CE,0.1109048846620159
12-01-2026 12:45||NIFTY27JAN2626000CE,0.1095008874145512
12-01-2026 12:45||NIFTY27JAN2626200CE,0.1096319938412049
12-01-2026 12:45||NIFTY27JAN2626400CE,0.1119196848597477
12-01-2026 12:50||NIFTY27JAN2624500PE,0.1516529142718359
12-01-2026 12:50||NIFTY27JAN2625300CE,0.1357893613749365
12-01-2026 12:50||NIFTY27JAN2625800CE,0.1184938414242987
12-01-2026 12:55||NIFTY27JAN2624500PE,0.150667113537854
12-01-2026 12:55||NIFTY27JAN2624600PE,0.1437502411504104
12-01-2026 12:55||NIFTY27JAN2624700PE,0.1380208385811137
12-01-2026 12:55||NIFTY27JAN2625000PE,0.1240607819889722
12-01-2026 12:55||NIFTY27JAN2625400CE,0.1320110050191434
12-01-2026 12:55||NIFTY27JAN2625900CE,0.1132102307680232
12-01-2026 12:55||NIFTY27JAN2626200CE,0.1108870159502525
12-01-2026 13:00||NIFTY27JAN2624200PE,0.1678784035137858
12-01-2026 13:00||NIFTY27JAN2624500PE,0.1499841519455108
12-01-2026 13:00||NIFTY27JAN2624600PE,0.1430234525557998
12-01-2026 13:00||NIFTY27JAN2625500CE,0.1256867628512933
12-01-2026 13:00||NIFTY27JAN2626000CE,0.1145871368803285
12-01-2026 13:00||NIFTY27JAN2626100CE,0.1141152489639631
12-01-2026 13:00||NIFTY27JAN2626300CE,0.1135943243358113
12-01-2026 13:00||NIFTY27JAN2626500CE,0.1163921326422091
12-01-2026 13:05||NIFTY27JAN2623900PE,0.185414807624982
12-01-2026 13:05||NIFTY27JAN2624200PE,0.1681403057825357
12-01-2026 13:05||NIFTY27JAN2624500PE,0.1501192297064979
12-01-2026 13:05||NIFTY27JAN2624900PE,0.1276463603154322
12-01-2026 13:05||NIFTY27JAN2625300CE,0.1374173366450488
12-01-2026 13:05||NIFTY27JAN2625500CE,0.1305204055041195
12-01-2026 13:05||NIFTY27JAN2626400CE,0.1143873979929738
12-01-2026 13:10||NIFTY27JAN2624700PE,0.1373675287890094
12-01-2026 13:10||NIFTY27JAN2624800PE,0.1328205943755155
12-01-2026 13:10||NIFTY27JAN2626400CE,0.1125760137572274
12-01-2026 13:15||NIFTY27JAN2623800PE,0.1911505883881587
12-01-2026 13:15||NIFTY27JAN2624500PE,0.1516366007570058
12-01-2026 13:15||NIFTY27JAN2624700PE,0.1390222015221693
12-01-2026 13:15||NIFTY27JAN2624800PE,0.1347159337058137
12-01-2026 13:15||NIFTY27JAN2625100PE,0.1178056998124288
12-01-2026 13:15||NIFTY27JAN2625500CE,0.1169854960203649
12-01-2026 13:15||NIFTY27JAN2625800CE,0.1086206481056562
12-01-2026 13:15||NIFTY27JAN2626100CE,0.1073354639764291
12-01-2026 13:15||NIFTY27JAN2626300CE,0.1074215688350897
12-01-2026 13:15||NIFTY27JAN2626400CE,0.109256122301283
12-01-2026 13:20||NIFTY27JAN2624200PE,0.1675016300678597
12-01-2026 13:20||NIFTY27JAN2624300PE,0.1615945334676271
12-01-2026 13:20||NIFTY27JAN2625000PE,0.1233326176720825
12-01-2026 13:20||NIFTY27JAN2625200CE,0.1408378578872626
12-01-2026 13:20||NIFTY27JAN2625500CE,0.1254935370333869
12-01-2026 13:20||NIFTY27JAN2626200CE,0.1109863532810621
12-01-2026 13:20||NIFTY27JAN2626500CE,0.1152120492612089
12-01-2026 13:25||NIFTY27JAN2624300PE,0.1618046137496925
12-01-2026 13:25||NIFTY27JAN2624500PE,0.1506195833256818
12-01-2026 13:25||NIFTY27JAN2624600PE,0.1444005265319589
12-01-2026 13:25||NIFTY27JAN2624800PE,0.1343357977746376
12-01-2026 13:25||NIFTY27JAN2625500CE,0.1160077700581803
12-01-2026 13:25||NIFTY27JAN2625800CE,0.1092680750881411
12-01-2026 13:25||NIFTY27JAN2626000CE,0.1075003660698283
12-01-2026 13:25||NIFTY27JAN2626400CE,0.1107809190341106
12-01-2026 13:25||NIFTY27JAN2626500CE,0.1131845725090722
12-01-2026 13:30||NIFTY27JAN2623900PE,0.1841651955733401
12-01-2026 13:30||NIFTY27JAN2624400PE,0.1547457128509773
12-01-2026 13:30||NIFTY27JAN2624800PE,0.131314435573762
12-01-2026 13:30||NIFTY27JAN2624900PE,0.1264575035077453
12-01-2026 13:30||NIFTY27JAN2625100PE,0.1185720242858397
12-01-2026 13:30||NIFTY27JAN2625300CE,0.1489468212562027
12-01-2026 13:30||NIFTY27JAN2625500CE,0.1373322361484504
12-01-2026 13:30||NIFTY27JAN2625600CE,0.1324158883088989
12-01-2026 13:30||NIFTY27JAN2625700CE,0.1268673720370691
12-01-2026 13:35||NIFTY27JAN2624700PE,0.1392633690334846
12-01-2026 13:35||NIFTY27JAN2624900PE,0.129545559199889
12-01-2026 13:35||NIFTY27JAN2625500CE,0.1191072226541645
12-01-2026 13:35||NIFTY27JAN2625600CE,0.1180848754225303
12-01-2026 13:35||NIFTY27JAN2625900CE,0.110506400572858
12-01-2026 13:40||NIFTY27JAN2623900PE,0.1871714958276026
12-01-2026 13:40||NIFTY27JAN2624000PE,0.1813268044565849
12-01-2026 13:40||NIFTY27JAN2624100PE,0.1754971996195278
12-01-2026 13:40||NIFTY27JAN2624800PE,0.1351601089611693
12-01-2026 13:40||NIFTY27JAN2624900PE,0.129662476499158
12-01-2026 13:40||NIFTY27JAN2625200CE,0.1398015535652889
12-01-2026 13:40||NIFTY27JAN2625400CE,0.1244379513331734
12-01-2026 13:40||NIFTY27JAN2626100CE,0.1074156715631216
12-01-2026 13:40||NIFTY27JAN2626200CE,0.1071534923774183
12-01-2026 13:45||NIFTY27JAN2623800PE,0.1922499156731473
12-01-2026 13:45||NIFTY27JAN2623900PE,0.1873983537824366
12-01-2026 13:45||NIFTY27JAN2624600PE,0.1448054864476664
12-01-2026 13:45||NIFTY27JAN2625100PE,0.1190504560811732
12-01-2026 13:50||NIFTY27JAN2624200PE,0.1697564504256253
12-01-2026 13:50||NIFTY27JAN2625200CE,0.134948116864559
12-01-2026 13:50||NIFTY27JAN2625300CE,0.1325035783080075
12-01-2026 13:50||NIFTY27JAN2625400CE,0.1285776455873664
12-01-2026 13:50||NIFTY27JAN2626200CE,0.1092515954304772
12-01-2026 13:55||NIFTY27JAN2623800PE,0.1935123171160988
12-01-2026 13:55||NIFTY27JAN2624000PE,0.1819786811841709
12-01-2026 13:55||NIFTY27JAN2624100PE,0.1762244690383504
12-01-2026 13:55||NIFTY27JAN2624700PE,0.1392576164240304
12-01-2026 13:55||NIFTY27JAN2624900PE,0.1291746199146549
12-01-2026 13:55||NIFTY27JAN2626100CE,0.1076974091291711
12-01-2026 13:55||NIFTY27JAN2626400CE,0.1089187209830507
12-01-2026 14:00||NIFTY27JAN2624000PE,0.1826501596936093
12-01-2026 14:00||NIFTY27JAN2624400PE,0.1582728310376057
12-01-2026 14:00||NIFTY27JAN2624500PE,0.1521978913006149
12-01-2026 14:00||NIFTY27JAN2624600PE,0.1456047417017956
12-01-2026 14:00||NIFTY27JAN2625000PE,0.1244212965008189
12-01-2026 14:00||NIFTY27JAN2625400CE,0.1236054279744095
12-01-2026 14:00||NIFTY27JAN2625600CE,0.117067883034315
12-01-2026 14:00||NIFTY27JAN2625700CE,0.1142438461717799
12-01-2026 14:00||NIFTY27JAN2626300CE,0.1080430318495439
12-01-2026 14:00||NIFTY27JAN2626400CE,0.1091855399387747
12-01-2026 14:05||NIFTY27JAN2624400PE,0.1573058040831731
12-01-2026 14:05||NIFTY27JAN2624600PE,0.1441614967057861
12-01-2026 14:05||NIFTY27JAN2624800PE,0.1329189930226639
12-01-2026 14:05||NIFTY27JAN2625800CE,0.1140563744184367
12-01-2026 14:05||NIFTY27JAN2626000CE,0.1105435454482793
12-01-2026 14:05||NIFTY27JAN2626200CE,0.1088044047546313
12-01-2026 14:05||NIFTY27JAN2626400CE,0.1104917906695871
12-01-2026 14:05||NIFTY27JAN2626500CE,0.1122689486895601
12-01-2026 14:10||NIFTY27JAN2624100PE,0.1769492563554763
12-01-2026 14:10||NIFTY27JAN2624600PE,0.1457254442514295
12-01-2026 14:10||NIFTY27JAN2624800PE,0.1349557180543009
12-01-2026 14:10||NIFTY27JAN2625200CE,0.1348956093573852
12-01-2026 14:10||NIFTY27JAN2625500CE,0.116717866929781
12-01-2026 14:10||NIFTY27JAN2626400CE,0.1074842666446773
12-01-2026 14:15||NIFTY27JAN2624100PE,0.1757365337663262
12-01-2026 14:15||NIFTY27JAN2624200PE,0.1697471842770801
12-01-2026 14:15||NIFTY27JAN2624900PE,0.1282215610544544
12-01-2026 14:15||NIFTY27JAN2625800CE,0.1119586602065001
12-01-2026 14:20||NIFTY27JAN2624400PE,0.1569858952842053
12-01-2026 14:20||NIFTY27JAN2624500PE,0.1508154253423017
12-01-2026 14:20||NIFTY27JAN2624600PE,0.1436320305851592
12-01-2026 14:20||NIFTY27JAN2625000PE,0.1217929662529666
12-01-2026 14:20||NIFTY27JAN2625200CE,0.1444995264407461
12-01-2026 14:20||NIFTY27JAN2625700CE,0.1229278094791325
12-01-2026 14:20||NIFTY27JAN2626200CE,0.1117676388622317
12-01-2026 14:20||NIFTY27JAN2626500CE,0.1130250448087205
12-01-2026 14:25||NIFTY27JAN2623900PE,0.1881096746187717
12-01-2026 14:25||NIFTY27JAN2624200PE,0.1708103100070329
12-01-2026 14:25||NIFTY27JAN2624500PE,0.1528143406402526
12-01-2026 14:25||NIFTY27JAN2624600PE,0.1461781752033112
12-01-2026 14:25||NIFTY27JAN2626300CE,0.1069317101444596
12-01-2026 14:25||NIFTY27JAN2626500CE,0.1089178844204905
12-01-2026 14:30||NIFTY27JAN2623900PE,0.1877548738800344
12-01-2026 14:30||NIFTY27JAN2624200PE,0.1705517423035269
12-01-2026 14:30||NIFTY27JAN2625200CE,0.1283861196353296
12-01-2026 14:30||NIFTY27JAN2625700CE,0.1087607711607258
12-01-2026 14:30||NIFTY27JAN2626200CE,0.104044396831223
12-01-2026 14:35||NIFTY27JAN2624500PE,0.1499206565046716
12-01-2026 14:35||NIFTY27JAN2625100PE,0.1211901394433663
12-01-2026 14:35||NIFTY27JAN2625900CE,0.1165163498976389
12-01-2026 14:35||NIFTY27JAN2626000CE,0.1150424982644174
12-01-2026 14:35||NIFTY27JAN2626100CE,0.1157686387783703
12-01-2026 14:35||NIFTY27JAN2626400CE,0.1177902449269469
12-01-2026 14:35||NIFTY27JAN2626500CE,0.1252618261561955
12-01-2026 14:40||NIFTY27JAN2624100PE,0.1763413082154996
12-01-2026 14:40||NIFTY27JAN2624300PE,0.1643535461441418
12-01-2026 14:40||NIFTY27JAN2624500PE,0.152258648432216
12-01-2026 14:40||NIFTY27JAN2625100PE,0.120034776528856
12-01-2026 14:40||NIFTY27JAN2625300CE,0.131935202688896
12-01-2026 14:40||NIFTY27JAN2625600CE,0.1181912563547603
12-01-2026 14:40||NIFTY27JAN2626400CE,0.1086092716513474
12-01-2026 14:45||NIFTY27JAN2624000PE,0.1830263582538214
12-01-2026 14:45||NIFTY27JAN2624600PE,0.1460910045558283
12-01-2026 14:45||NIFTY27JAN2625000PE,0.1239698342997042
12-01-2026 14:45||NIFTY27JAN2625300CE,0.1294473377633517
12-01-2026 14:45||NIFTY27JAN2625500CE,0.1185777324452763
12-01-2026 14:45||NIFTY27JAN2626000CE,0.1065626672315773
12-01-2026 14:45||NIFTY27JAN2626100CE,0.1059732173449522
12-01-2026 14:45||NIFTY27JAN2626200CE,0.1049988580325526
12-01-2026 14:45||NIFTY27JAN2626500CE,0.109349682821153
12-01-2026 14:50||NIFTY27JAN2624000PE,0.1827927122766358
12-01-2026 14:50||NIFTY27JAN2624400PE,0.158223638214604
12-01-2026 14:50||NIFTY27JAN2624800PE,0.1341083371425965
12-01-2026 14:50||NIFTY27JAN2625100PE,0.119354822095706
12-01-2026 14:50||NIFTY27JAN2625600CE,0.1224916525486863
12-01-2026 14:50||NIFTY27JAN2626000CE,0.1090214583586492
12-01-2026 14:50||NIFTY27JAN2626300CE,0.1066342815941096
12-01-2026 14:50||NIFTY27JAN2626400CE,0.1071566222523407
12-01-2026 14:55||NIFTY27JAN2624300PE,0.1642378381797802
12-01-2026 14:55||NIFTY27JAN2624500PE,0.152985933323639
12-01-2026 14:55||NIFTY27JAN2624700PE,0.1398762412594786
12-01-2026 14:55||NIFTY27JAN2624900PE,0.1290026461389233
12-01-2026 14:55||NIFTY27JAN2625100PE,0.1191360016494567
12-01-2026 14:55||NIFTY27JAN2626200CE,0.1071852189271434
12-01-2026 15:00||NIFTY27JAN2623800PE,0.1935272031080045
12-01-2026 15:00||NIFTY27JAN2623900PE,0.1874078295601942
12-01-2026 15:00||NIFTY27JAN2624300PE,0.1645360812704282
12-01-2026 15:00||NIFTY27JAN2624700PE,0.1398800564991751
12-01-2026 15:00||NIFTY27JAN2624800PE,0.1347848335978368
12-01-2026 15:00||NIFTY27JAN2626000CE,0.1079268658268576
12-01-2026 15:00||NIFTY27JAN2626100CE,0.1062159918207356
12-01-2026 15:05||NIFTY27JAN2623800PE,0.1953565223329502
12-01-2026 15:05||NIFTY27JAN2624200PE,0.1719901811168029
12-01-2026 15:05||NIFTY27JAN2624300PE,0.1654284987727514
12-01-2026 15:05||NIFTY27JAN2624900PE,0.1294276683532105
12-01-2026 15:05||NIFTY27JAN2625900CE,0.1070454385337878
12-01-2026 15:05||NIFTY27JAN2626200CE,0.1043920519321271
12-01-2026 15:10||NIFTY27JAN2624000PE,0.1847476512671203
12-01-2026 15:10||NIFTY27JAN2624500PE,0.1527778952548764
12-01-2026 15:10||NIFTY27JAN2624600PE,0.1460999906844219
12-01-2026 15:10||NIFTY27JAN2625200CE,0.1321547709454
12-01-2026 15:10||NIFTY27JAN2625600CE,0.1134968208904769
12-01-2026 15:10||NIFTY27JAN2625900CE,0.1063434896699062
12-01-2026 15:10||NIFTY27JAN2626200CE,0.1030731550483197
12-01-2026 15:10||NIFTY27JAN2626300CE,0.1034834030227616
12-01-2026 15:10||NIFTY27JAN2626400CE,0.1044485928789625
12-01-2026 15:15||NIFTY27JAN2623900PE,0.1900216491083318
12-01-2026 15:15||NIFTY27JAN2624000PE,0.185494290217523
12-01-2026 15:15||NIFTY27JAN2624500PE,0.1535444471177103
12-01-2026 15:15||NIFTY27JAN2624900PE,0.1293317653080863
12-01-2026 15:15||NIFTY27JAN2625200CE,0.1332390661700701
12-01-2026 15:15||NIFTY27JAN2625400CE,0.1247506737878289
12-01-2026 15:15||NIFTY27JAN2625500CE,0.1216480213321863
12-01-2026 15:20||NIFTY27JAN2624100PE,0.1806078127195132
12-01-2026 15:20||NIFTY27JAN2624200PE,0.173710488571234
12-01-2026 15:20||NIFTY27JAN2624400PE,0.1611021254827961
12-01-2026 15:20||NIFTY27JAN2624500PE,0.1548863428786681
12-01-2026 15:20||NIFTY27JAN2625000PE,0.1251601402357681
12-01-2026 15:20||NIFTY27JAN2625200CE,0.1334170289505144
12-01-2026 15:20||NIFTY27JAN2625300CE,0.1316030558067616
12-01-2026 15:20||NIFTY27JAN2626200CE,0.1046909045145303
12-01-2026 15:20||NIFTY27JAN2626300CE,0.1047416162098665
12-01-2026 15:25||NIFTY27JAN2624200PE,0.1736913874803818
12-01-2026 15:25||NIFTY27JAN2624600PE,0.1481851395289553
12-01-2026 15:25||NIFTY27JAN2625400CE,0.1149132074745173
12-01-2026 15:25||NIFTY27JAN2625500CE,0.1118572388524305
12-01-2026 15:25||NIFTY27JAN2625700CE,0.1084977239978791
13-01-2026 09:15||NIFTY27JAN2624000PE,0.1888419376531245
13-01-2026 09:15||NIFTY27JAN2624700PE,0.1440933715537722
13-01-2026 09:15||NIFTY27JAN2625500CE,0.1000940227964024
13-01-2026 09:15||NIFTY27JAN2625600CE,0.0987836886010233
13-01-2026 09:15||NIFTY27JAN2625800CE,0.0980163071998396
13-01-2026 09:15||NIFTY27JAN2625900CE,0.0988395869187363
13-01-2026 09:15||NIFTY27JAN2626100CE,0.09668634208213
13-01-2026 09:20||NIFTY27JAN2623800PE,0.1969295794342691
13-01-2026 09:20||NIFTY27JAN2624500PE,0.1576338633322312
13-01-2026 09:20||NIFTY27JAN2624600PE,0.1501984943770729
13-01-2026 09:20||NIFTY27JAN2624800PE,0.1377569562988226
13-01-2026 09:25||NIFTY27JAN2623800PE,0.197535104860637
13-01-2026 09:25||NIFTY27JAN2624200PE,0.1754409564741019
13-01-2026 09:25||NIFTY27JAN2624400PE,0.1650269290697926
13-01-2026 09:25||NIFTY27JAN2624600PE,0.153358814909791
13-01-2026 09:25||NIFTY27JAN2624800PE,0.1415232788737199
13-01-2026 09:25||NIFTY27JAN2625300CE,0.084686886879443
13-01-2026 09:25||NIFTY27JAN2625500CE,0.0887760995520007
13-01-2026 09:30||NIFTY27JAN2624500PE,0.1550842008672323
13-01-2026 09:30||NIFTY27JAN2625300CE,0.1016501627708963
13-01-2026 09:30||NIFTY27JAN2625500CE,0.0959372542178901
13-01-2026 09:30||NIFTY27JAN2625700CE,0.100130790024239
13-01-2026 09:30||NIFTY27JAN2626000CE,0.1005561880750112
13-01-2026 09:30||NIFTY27JAN2626200CE,0.1009497528041262
13-01-2026 09:35||NIFTY27JAN2624000PE,0.1856591728581759
13-01-2026 09:35||NIFTY27JAN2625000PE,0.1257068530950421
13-01-2026 09:35||NIFTY27JAN2625300CE,0.118276736843537
13-01-2026 09:35||NIFTY27JAN2625700CE,0.1080600411541524
13-01-2026 09:35||NIFTY27JAN2625800CE,0.1065428745241778
13-01-2026 09:40||NIFTY27JAN2625200CE,0.1146320240619297
13-01-2026 09:40||NIFTY27JAN2625400CE,0.1123094022045712
13-01-2026 09:40||NIFTY27JAN2625600CE,0.1112270938209877
13-01-2026 09:45||NIFTY27JAN2623800PE,0.195936618738692
13-01-2026 09:45||NIFTY27JAN2624500PE,0.1536994266670072
13-01-2026 09:45||NIFTY27JAN2625400CE,0.0977115598178735
13-01-2026 09:45||NIFTY27JAN2625800CE,0.0984207404922538
13-01-2026 09:45||NIFTY27JAN2625900CE,0.0984803536189231
13-01-2026 09:50||NIFTY27JAN2623900PE,0.1908821263912268
13-01-2026 09:50||NIFTY27JAN2624500PE,0.1533919556764703
13-01-2026 09:50||NIFTY27JAN2624600PE,0.1469867121032222
13-01-2026 09:50||NIFTY27JAN2625000PE,0.1257228737215445
13-01-2026 09:50||NIFTY27JAN2625100PE,0.1211811089167102
13-01-2026 09:50||NIFTY27JAN2626300CE,0.1050198533758141
13-01-2026 09:55||NIFTY27JAN2624100PE,0.177740286271279
13-01-2026 09:55||NIFTY27JAN2624200PE,0.1711474814867578
13-01-2026 09:55||NIFTY27JAN2624300PE,0.1646215400877428
13-01-2026 09:55||NIFTY27JAN2624700PE,0.1396695025513884
13-01-2026 09:55||NIFTY27JAN2625600CE,0.1038988961517937
13-01-2026 10:00||NIFTY27JAN2624200PE,0.1686627780148244
13-01-2026 10:00||NIFTY27JAN2626300CE,0.1117321160244008
13-01-2026 10:00||NIFTY27JAN2626500CE,0.1155337925828525
13-01-2026 10:05||NIFTY27JAN2624000PE,0.1829902505922778
13-01-2026 10:05||NIFTY27JAN2624800PE,0.1342722857067534
13-01-2026 10:05||NIFTY27JAN2626400CE,0.1088675120123585
13-01-2026 10:10||NIFTY27JAN2624100PE,0.1797523681215533
13-01-2026 10:10||NIFTY27JAN2624200PE,0.1728611657274323
13-01-2026 10:10||NIFTY27JAN2624500PE,0.1541758832144112
13-01-2026 10:10||NIFTY27JAN2624700PE,0.1414185216777212
13-01-2026 10:10||NIFTY27JAN2625100PE,0.1213729530049235
13-01-2026 10:10||NIFTY27JAN2625800CE,0.1013316739654648
13-01-2026 10:15||NIFTY27JAN2624500PE,0.153138998476453
13-01-2026 10:15||NIFTY27JAN2624800PE,0.1354315620292493
13-01-2026 10:15||NIFTY27JAN2624900PE,0.1301121276107062
13-01-2026 10:15||NIFTY27JAN2625100PE,0.1207794555898865
13-01-2026 10:15||NIFTY27JAN2625800CE,0.1022042805364396
13-01-2026 10:20||NIFTY27JAN2623900PE,0.1904902354133352
13-01-2026 10:20||NIFTY27JAN2624100PE,0.1790585789846976
13-01-2026 10:20||NIFTY27JAN2625300CE,0.1173735389732366
13-01-2026 10:20||NIFTY27JAN2625700CE,0.1063943684431527
13-01-2026 10:20||NIFTY27JAN2626500CE,0.1089946152895464
13-01-2026 10:25||NIFTY27JAN2623900PE,0.190769498448694
13-01-2026 10:25||NIFTY27JAN2624200PE,0.1719709094539644
13-01-2026 10:25||NIFTY27JAN2624500PE,0.15243155811292
13-01-2026 10:25||NIFTY27JAN2624700PE,0.1392922352342368
13-01-2026 10:25||NIFTY27JAN2625100PE,0.1221842818110871
13-01-2026 10:25||NIFTY27JAN2625700CE,0.1152591304454243
13-01-2026 10:30||NIFTY27JAN2623800PE,0.198072620697463
13-01-2026 10:30||NIFTY27JAN2624400PE,0.1623324014593277
13-01-2026 10:30||NIFTY27JAN2624600PE,0.1487253729107877
13-01-2026 10:30||NIFTY27JAN2624700PE,0.1422787442286366
13-01-2026 10:30||NIFTY27JAN2624900PE,0.1310154497798658
13-01-2026 10:30||NIFTY27JAN2625300CE,0.1185769205326495
13-01-2026 10:30||NIFTY27JAN2625900CE,0.1022576545934756
13-01-2026 10:30||NIFTY27JAN2626000CE,0.1025899696443177
13-01-2026 10:30||NIFTY27JAN2626100CE,0.1011331111849225
13-01-2026 10:30||NIFTY27JAN2626400CE,0.1025474251063114
13-01-2026 10:35||NIFTY27JAN2623800PE,0.1975906238599773
13-01-2026 10:35||NIFTY27JAN2623900PE,0.1924013751123219
13-01-2026 10:35||NIFTY27JAN2624300PE,0.1675944355431347
13-01-2026 10:35||NIFTY27JAN2624600PE,0.1487392143317884
13-01-2026 10:35||NIFTY27JAN2625000PE,0.1271587964262181
13-01-2026 10:35||NIFTY27JAN2626000CE,0.1015433627147281
13-01-2026 10:35||NIFTY27JAN2626100CE,0.1011925539835487
13-01-2026 10:40||NIFTY27JAN2623900PE,0.1924585503117756
13-01-2026 10:40||NIFTY27JAN2624000PE,0.186624288873695
13-01-2026 10:40||NIFTY27JAN2624400PE,0.1605828097845396
13-01-2026 10:40||NIFTY27JAN2624500PE,0.1544756949807026
13-01-2026 10:40||NIFTY27JAN2624800PE,0.1365707767078715
13-01-2026 10:40||NIFTY27JAN2626300CE,0.1029615113095979
13-01-2026 10:45||NIFTY27JAN2623900PE,0.1895965368724865
13-01-2026 10:45||NIFTY27JAN2624900PE,0.1284490236020262
13-01-2026 10:45||NIFTY27JAN2625200CE,0.1217894593723129
13-01-2026 10:45||NIFTY27JAN2625600CE,0.1087316008754596
13-01-2026 10:50||NIFTY27JAN2624900PE,0.1301180103738415
13-01-2026 10:50||NIFTY27JAN2625000PE,0.1256071117137117
13-01-2026 10:50||NIFTY27JAN2625500CE,0.1082268596709388
13-01-2026 10:50||NIFTY27JAN2625600CE,0.1055393387126776
13-01-2026 10:50||NIFTY27JAN2625700CE,0.1026476797442497
13-01-2026 10:50||NIFTY27JAN2625900CE,0.0984758164935476
13-01-2026 10:55||NIFTY27JAN2624300PE,0.1635341887576898
13-01-2026 10:55||NIFTY27JAN2624400PE,0.1564584182000382
13-01-2026 10:55||NIFTY27JAN2625200CE,0.1311882358865544
13-01-2026 10:55||NIFTY27JAN2625700CE,0.1102419845658324
13-01-2026 10:55||NIFTY27JAN2626400CE,0.106066816546738
13-01-2026 11:00||NIFTY27JAN2623900PE,0.1891464108494826
13-01-2026 11:00||NIFTY27JAN2624200PE,0.1707727142481992
13-01-2026 11:00||NIFTY27JAN2625000PE,0.1238541791924721
13-01-2026 11:00||NIFTY27JAN2625700CE,0.1030040662612875
13-01-2026 11:00||NIFTY27JAN2625800CE,0.1013465833496346
13-01-2026 11:00||NIFTY27JAN2626400CE,0.1029217393018608
13-01-2026 11:05||NIFTY27JAN2624100PE,0.1768317761714215
13-01-2026 11:05||NIFTY27JAN2624800PE,0.1326393194773406
13-01-2026 11:05||NIFTY27JAN2625100PE,0.118418844877702
13-01-2026 11:05||NIFTY27JAN2625800CE,0.1091212835530301
13-01-2026 11:10||NIFTY27JAN2623900PE,0.1886800513967546
13-01-2026 11:10||NIFTY27JAN2624800PE,0.1339706646688422
13-01-2026 11:10||NIFTY27JAN2624900PE,0.128121663045915
13-01-2026 11:10||NIFTY27JAN2625000PE,0.1236884456317516
13-01-2026 11:10||NIFTY27JAN2625100PE,0.1182283092421643
13-01-2026 11:10||NIFTY27JAN2625900CE,0.1023594326838655
13-01-2026 11:10||NIFTY27JAN2626400CE,0.1028030779600908
13-01-2026 11:15||NIFTY27JAN2624500PE,0.1520298758522223
13-01-2026 11:15||NIFTY27JAN2625100PE,0.1182283092421643
13-01-2026 11:15||NIFTY27JAN2625200CE,0.1169063628920389
13-01-2026 11:15||NIFTY27JAN2625300CE,0.1087113282386694
13-01-2026 11:20||NIFTY27JAN2624900PE,0.1277891108265687
13-01-2026 11:20||NIFTY27JAN2626100CE,0.1011465270839064
13-01-2026 11:25||NIFTY27JAN2624000PE,0.182905822399312
13-01-2026 11:25||NIFTY27JAN2624500PE,0.1506938635384225
13-01-2026 11:25||NIFTY27JAN2624800PE,0.13267642961181
13-01-2026 11:25||NIFTY27JAN2625600CE,0.1118469746481762
13-01-2026 11:25||NIFTY27JAN2626000CE,0.1028721641703469
13-01-2026 11:25||NIFTY27JAN2626200CE,0.1019425828688736
13-01-2026 11:25||NIFTY27JAN2626400CE,0.1033426845253566
13-01-2026 11:30||NIFTY27JAN2625100PE,0.1185635287448475
13-01-2026 11:30||NIFTY27JAN2625500CE,0.1154309007783181
13-01-2026 11:30||NIFTY27JAN2625800CE,0.1061995965285688
13-01-2026 11:30||NIFTY27JAN2625900CE,0.105211024147295
13-01-2026 11:35||NIFTY27JAN2623800PE,0.1940828407613463
13-01-2026 11:35||NIFTY27JAN2623900PE,0.1888830178251673
13-01-2026 11:35||NIFTY27JAN2624100PE,0.1774170820261225
13-01-2026 11:35||NIFTY27JAN2624900PE,0.1285125088787188
13-01-2026 11:35||NIFTY27JAN2625300CE,0.110067033605664
13-01-2026 11:35||NIFTY27JAN2626000CE,0.0993617918743197
13-01-2026 11:35||NIFTY27JAN2626300CE,0.0997607560631651
13-01-2026 11:35||NIFTY27JAN2626500CE,0.1024702473680865
13-01-2026 11:40||NIFTY27JAN2623800PE,0.1938230740558258
13-01-2026 11:40||NIFTY27JAN2624500PE,0.1530989636505516
13-01-2026 11:40||NIFTY27JAN2624900PE,0.1292754906541636
13-01-2026 11:40||NIFTY27JAN2625300CE,0.0995338472470464
13-01-2026 11:40||NIFTY27JAN2625400CE,0.1003393278448405
13-01-2026 11:45||NIFTY27JAN2623800PE,0.1934997426423071
13-01-2026 11:45||NIFTY27JAN2625000PE,0.1221831923465395
13-01-2026 11:45||NIFTY27JAN2625400CE,0.111231779353101
13-01-2026 11:45||NIFTY27JAN2625800CE,0.1039515428380114
13-01-2026 11:45||NIFTY27JAN2626200CE,0.1011053664489233
13-01-2026 11:45||NIFTY27JAN2626300CE,0.1013971114681436
13-01-2026 11:45||NIFTY27JAN2626400CE,0.102520573426444
13-01-2026 11:50||NIFTY27JAN2624000PE,0.1817914499008549
13-01-2026 11:50||NIFTY27JAN2624300PE,0.1622160783643399
13-01-2026 11:50||NIFTY27JAN2625100PE,0.1179365147192337
13-01-2026 11:50||NIFTY27JAN2626200CE,0.0983636238112013
13-01-2026 11:50||NIFTY27JAN2626300CE,0.0990457165987207
13-01-2026 11:55||NIFTY27JAN2624300PE,0.1603681661908582
13-01-2026 11:55||NIFTY27JAN2624800PE,0.1318268194188962
13-01-2026 11:55||NIFTY27JAN2625000PE,0.1215568807983328
13-01-2026 11:55||NIFTY27JAN2625400CE,0.1102429694654876
13-01-2026 11:55||NIFTY27JAN2625500CE,0.1092024491851691
13-01-2026 12:00||NIFTY27JAN2624500PE,0.1486099229480847
13-01-2026 12:00||NIFTY27JAN2625000PE,0.1212350258197915
13-01-2026 12:00||NIFTY27JAN2625900CE,0.1019709988953124
13-01-2026 12:05||NIFTY27JAN2623800PE,0.1908407155571483
13-01-2026 12:05||NIFTY27JAN2624500PE,0.1479070089374722
13-01-2026 12:05||NIFTY27JAN2624700PE,0.1351928480325094
13-01-2026 12:05||NIFTY27JAN2625000PE,0.1201640071819644
13-01-2026 12:05||NIFTY27JAN2625300CE,0.1131657173854329
13-01-2026 12:05||NIFTY27JAN2625800CE,0.1050442467115132
13-01-2026 12:10||NIFTY27JAN2624500PE,0.1484695158494383
13-01-2026 12:10||NIFTY27JAN2625000PE,0.1220009286693483
13-01-2026 12:10||NIFTY27JAN2625200CE,0.1115182445661443
13-01-2026 12:10||NIFTY27JAN2625500CE,0.1027972894991907
13-01-2026 12:10||NIFTY27JAN2625600CE,0.1005124131607535
13-01-2026 12:15||NIFTY27JAN2624200PE,0.1643516186849285
13-01-2026 12:15||NIFTY27JAN2624300PE,0.1586526398201153
13-01-2026 12:15||NIFTY27JAN2625300CE,0.1145626948065397
13-01-2026 12:15||NIFTY27JAN2625800CE,0.1065097128770274
13-01-2026 12:15||NIFTY27JAN2626500CE,0.1086688587333369
13-01-2026 12:20||NIFTY27JAN2624100PE,0.1719026712996281
13-01-2026 12:20||NIFTY27JAN2624700PE,0.1354810043464785
13-01-2026 12:20||NIFTY27JAN2625100PE,0.1163249743374143
13-01-2026 12:20||NIFTY27JAN2625700CE,0.1023005270264621
13-01-2026 12:25||NIFTY27JAN2623800PE,0.1871573112513391
13-01-2026 12:25||NIFTY27JAN2624200PE,0.1633031752506761
13-01-2026 12:25||NIFTY27JAN2624300PE,0.1573876541169337
13-01-2026 12:25||NIFTY27JAN2624500PE,0.1462311483886112
13-01-2026 12:25||NIFTY27JAN2625700CE,0.1110664277620114
13-01-2026 12:30||NIFTY27JAN2623900PE,0.1817324426820963
13-01-2026 12:30||NIFTY27JAN2624000PE,0.1776348542319465
13-01-2026 12:30||NIFTY27JAN2624100PE,0.1710591731082483
13-01-2026 12:30||NIFTY27JAN2624400PE,0.1531534460177042
13-01-2026 12:30||NIFTY27JAN2624700PE,0.1344851010621277
13-01-2026 12:30||NIFTY27JAN2624900PE,0.1256502168480511
13-01-2026 12:30||NIFTY27JAN2626000CE,0.100276157782945
13-01-2026 12:30||NIFTY27JAN2626400CE,0.1039748079800903
13-01-2026 12:35||NIFTY27JAN2624200PE,0.162877376111188
13-01-2026 12:35||NIFTY27JAN2624300PE,0.1576068520796466
13-01-2026 12:35||NIFTY27JAN2624600PE,0.1399829540267803
13-01-2026 12:35||NIFTY27JAN2624800PE,0.1289788610745763
13-01-2026 12:35||NIFTY27JAN2625100PE,0.1162819096456648
13-01-2026 12:35||NIFTY27JAN2625900CE,0.1022198382991651
13-01-2026 12:35||NIFTY27JAN2626100CE,0.1028572731034972
13-01-2026 12:35||NIFTY27JAN2626400CE,0.1055999229688438
13-01-2026 12:40||NIFTY27JAN2624100PE,0.1701563512834088
13-01-2026 12:40||NIFTY27JAN2624300PE,0.1577004665657104
13-01-2026 12:40||NIFTY27JAN2624600PE,0.139436439509298
13-01-2026 12:40||NIFTY27JAN2624700PE,0.1338300041309189
13-01-2026 12:40||NIFTY27JAN2625100PE,0.1163911934642813
13-01-2026 12:40||NIFTY27JAN2626500CE,0.1088095284157116
13-01-2026 12:45||NIFTY27JAN2625300CE,0.102167903028958
13-01-2026 12:45||NIFTY27JAN2626200CE,0.1011906672362278
13-01-2026 12:50||NIFTY27JAN2623900PE,0.1809702204014457
13-01-2026 12:50||NIFTY27JAN2624100PE,0.1689350896107038
13-01-2026 12:50||NIFTY27JAN2624600PE,0.1399600974762678
13-01-2026 12:50||NIFTY27JAN2625400CE,0.1054966602051967
13-01-2026 12:50||NIFTY27JAN2625500CE,0.1059345726415923
13-01-2026 12:55||NIFTY27JAN2624000PE,0.1753721879987644
13-01-2026 12:55||NIFTY27JAN2624300PE,0.1580985335603399
13-01-2026 12:55||NIFTY27JAN2624500PE,0.146134617025072
13-01-2026 12:55||NIFTY27JAN2624700PE,0.1341871081144268
13-01-2026 12:55||NIFTY27JAN2625000PE,0.1201115115842881
13-01-2026 12:55||NIFTY27JAN2625100PE,0.1172550556966008
13-01-2026 12:55||NIFTY27JAN2625300CE,0.1124015664991035
13-01-2026 12:55||NIFTY27JAN2625500CE,0.1069700242857884
13-01-2026 12:55||NIFTY27JAN2626200CE,0.1047032810917794
13-01-2026 12:55||NIFTY27JAN2626400CE,0.1087923002349584
13-01-2026 12:55||NIFTY27JAN2626500CE,0.1119070969177215
13-01-2026 13:00||NIFTY27JAN2624000PE,0.1752507532268297
13-01-2026 13:00||NIFTY27JAN2624600PE,0.1385084951998412
13-01-2026 13:00||NIFTY27JAN2624700PE,0.133110425478341
13-01-2026 13:00||NIFTY27JAN2626400CE,0.1088366505223797
13-01-2026 13:05||NIFTY27JAN2624000PE,0.1757330158586571
13-01-2026 13:05||NIFTY27JAN2624600PE,0.1384664495907415
13-01-2026 13:05||NIFTY27JAN2625200CE,0.1173204936118738
13-01-2026 13:05||NIFTY27JAN2625700CE,0.1082522553840318
13-01-2026 13:05||NIFTY27JAN2626500CE,0.1140169621989534
13-01-2026 13:10||NIFTY27JAN2623900PE,0.1837743478122857
13-01-2026 13:10||NIFTY27JAN2624400PE,0.1522838884026398
13-01-2026 13:10||NIFTY27JAN2624500PE,0.1470563569485823
13-01-2026 13:10||NIFTY27JAN2624700PE,0.1344848773532595
13-01-2026 13:10||NIFTY27JAN2625000PE,0.1209681266992172
13-01-2026 13:10||NIFTY27JAN2625600CE,0.1035271404255182
13-01-2026 13:10||NIFTY27JAN2626000CE,0.1022661626466429
13-01-2026 13:10||NIFTY27JAN2626400CE,0.1078066818339898
13-01-2026 13:10||NIFTY27JAN2626500CE,0.1116668101295421
13-01-2026 13:15||NIFTY27JAN2623800PE,0.1882916377802779
13-01-2026 13:15||NIFTY27JAN2624000PE,0.1766380820820755
13-01-2026 13:15||NIFTY27JAN2624100PE,0.1702405815985542
13-01-2026 13:15||NIFTY27JAN2624700PE,0.1338590136145087
13-01-2026 13:15||NIFTY27JAN2625000PE,0.119747956390697
13-01-2026 13:15||NIFTY27JAN2625800CE,0.1064437495843228
13-01-2026 13:15||NIFTY27JAN2626100CE,0.1053850117286497
13-01-2026 13:15||NIFTY27JAN2626200CE,0.1065590394332947
13-01-2026 13:15||NIFTY27JAN2626300CE,0.108322067771506
13-01-2026 13:20||NIFTY27JAN2624300PE,0.1586254997731699
13-01-2026 13:20||NIFTY27JAN2624400PE,0.1521999376969701
13-01-2026 13:20||NIFTY27JAN2624800PE,0.129084392312539
13-01-2026 13:20||NIFTY27JAN2625000PE,0.1197636665374328
13-01-2026 13:20||NIFTY27JAN2625300CE,0.1168342385861023
13-01-2026 13:20||NIFTY27JAN2625400CE,0.1127077506476833
13-01-2026 13:20||NIFTY27JAN2625900CE,0.1046994208320257
13-01-2026 13:20||NIFTY27JAN2626500CE,0.1133723841936033
13-01-2026 13:25||NIFTY27JAN2624000PE,0.1769390808339527
13-01-2026 13:25||NIFTY27JAN2624200PE,0.1632517968952003
13-01-2026 13:25||NIFTY27JAN2624300PE,0.1578279992495671
13-01-2026 13:25||NIFTY27JAN2624600PE,0.1394063093891138
13-01-2026 13:25||NIFTY27JAN2625600CE,0.1050998193050158
13-01-2026 13:25||NIFTY27JAN2626400CE,0.1084133386061393
13-01-2026 13:30||NIFTY27JAN2623800PE,0.1873890525520428
13-01-2026 13:30||NIFTY27JAN2624000PE,0.1764703272763534
13-01-2026 13:30||NIFTY27JAN2624100PE,0.1708675087003007
13-01-2026 13:30||NIFTY27JAN2625500CE,0.1099170897230722
13-01-2026 13:35||NIFTY27JAN2624300PE,0.1590597071258255
13-01-2026 13:35||NIFTY27JAN2624800PE,0.1298301577901139
13-01-2026 13:35||NIFTY27JAN2625700CE,0.1021000577283613
13-01-2026 13:40||NIFTY27JAN2623800PE,0.1866095978252887
13-01-2026 13:40||NIFTY27JAN2624400PE,0.1499718274576118
13-01-2026 13:40||NIFTY27JAN2624500PE,0.1446169238127506
13-01-2026 13:40||NIFTY27JAN2625500CE,0.1119015553462914
13-01-2026 13:40||NIFTY27JAN2625700CE,0.107002080232886
13-01-2026 13:40||NIFTY27JAN2625900CE,0.1043282179499084
13-01-2026 13:40||NIFTY27JAN2626100CE,0.1039341198800265
13-01-2026 13:45||NIFTY27JAN2624000PE,0.1767851341888397
13-01-2026 13:45||NIFTY27JAN2624100PE,0.1702899043947129
13-01-2026 13:45||NIFTY27JAN2625100PE,0.116306036866888
13-01-2026 13:45||NIFTY27JAN2625300CE,0.109577572750187
13-01-2026 13:45||NIFTY27JAN2625800CE,0.1013823897356239
13-01-2026 13:45||NIFTY27JAN2626000CE,0.1015303551009084
13-01-2026 13:50||NIFTY27JAN2624200PE,0.1622788444980522
13-01-2026 13:50||NIFTY27JAN2624400PE,0.1502382960431643
13-01-2026 13:50||NIFTY27JAN2624500PE,0.1448982136697062
13-01-2026 13:50||NIFTY27JAN2626000CE,0.101825835001457
13-01-2026 13:55||NIFTY27JAN2624200PE,0.1619806396830361
13-01-2026 13:55||NIFTY27JAN2624300PE,0.1557832359876976
13-01-2026 13:55||NIFTY27JAN2625000PE,0.1191295561584881
13-01-2026 13:55||NIFTY27JAN2625500CE,0.1092077630714273
13-01-2026 13:55||NIFTY27JAN2626000CE,0.1033089735205489
13-01-2026 14:00||NIFTY27JAN2623900PE,0.1799173769767842
13-01-2026 14:00||NIFTY27JAN2624000PE,0.1749827628581512
13-01-2026 14:00||NIFTY27JAN2624100PE,0.1680089639503472
13-01-2026 14:00||NIFTY27JAN2624600PE,0.1383394340115761
13-01-2026 14:00||NIFTY27JAN2625300CE,0.1067613876360976
13-01-2026 14:00||NIFTY27JAN2625700CE,0.1016246071373184
13-01-2026 14:05||NIFTY27JAN2623900PE,0.1806046266203918
13-01-2026 14:05||NIFTY27JAN2624200PE,0.1609935504736635
13-01-2026 14:05||NIFTY27JAN2624500PE,0.1442716650950286
13-01-2026 14:05||NIFTY27JAN2625700CE,0.1043015678458454
13-01-2026 14:05||NIFTY27JAN2626300CE,0.1059217841275771
13-01-2026 14:05||NIFTY27JAN2626500CE,0.1129275036258854
13-01-2026 14:10||NIFTY27JAN2624300PE,0.1544341351899296
13-01-2026 14:10||NIFTY27JAN2624700PE,0.131770679706417
13-01-2026 14:10||NIFTY27JAN2625200CE,0.1168263946758822
13-01-2026 14:10||NIFTY27JAN2625400CE,0.1037174019935559
13-01-2026 14:10||NIFTY27JAN2626100CE,0.100995322322987
13-01-2026 14:15||NIFTY27JAN2623800PE,0.1837852644854934
13-01-2026 14:15||NIFTY27JAN2624800PE,0.1256451398854168
13-01-2026 14:15||NIFTY27JAN2626200CE,0.1045663362859661
13-01-2026 14:20||NIFTY27JAN2624000PE,0.1723627400182703
13-01-2026 14:20||NIFTY27JAN2624400PE,0.1476579880643341
13-01-2026 14:20||NIFTY27JAN2624800PE,0.1265369688036395
13-01-2026 14:20||NIFTY27JAN2624900PE,0.1213038950035591
13-01-2026 14:20||NIFTY27JAN2625200CE,0.1061252852209454
13-01-2026 14:20||NIFTY27JAN2625800CE,0.0991725739395712
13-01-2026 14:25||NIFTY27JAN2624000PE,0.1718427586689785
13-01-2026 14:25||NIFTY27JAN2624100PE,0.1649676139063771
13-01-2026 14:25||NIFTY27JAN2624200PE,0.1582309887861089
13-01-2026 14:25||NIFTY27JAN2624500PE,0.1422199430815219
13-01-2026 14:25||NIFTY27JAN2624600PE,0.1355832910596481
13-01-2026 14:25||NIFTY27JAN2625600CE,0.1032407716893464
13-01-2026 14:25||NIFTY27JAN2626000CE,0.1014245205682732
13-01-2026 14:25||NIFTY27JAN2626200CE,0.1039872719305294
13-01-2026 14:30||NIFTY27JAN2624500PE,0.140596070686122
13-01-2026 14:30||NIFTY27JAN2624600PE,0.1341317634779331
13-01-2026 14:30||NIFTY27JAN2624900PE,0.1186540872906944
13-01-2026 14:30||NIFTY27JAN2625100PE,0.1103627070475207
13-01-2026 14:30||NIFTY27JAN2625600CE,0.1109733385133567
13-01-2026 14:35||NIFTY27JAN2623800PE,0.1820416028814231
13-01-2026 14:35||NIFTY27JAN2624200PE,0.1578840864038238
13-01-2026 14:35||NIFTY27JAN2625100PE,0.1114299990638523
13-01-2026 14:35||NIFTY27JAN2625400CE,0.1155307659722139
13-01-2026 14:35||NIFTY27JAN2626300CE,0.1073559879205472
13-01-2026 14:35||NIFTY27JAN2626500CE,0.1137479033843141
13-01-2026 14:40||NIFTY27JAN2624500PE,0.1425292416265597
13-01-2026 14:40||NIFTY27JAN2624600PE,0.1359320638163609
13-01-2026 14:40||NIFTY27JAN2624800PE,0.1249353244779953
13-01-2026 14:40||NIFTY27JAN2625300CE,0.121270134332354
13-01-2026 14:40||NIFTY27JAN2625600CE,0.110539836124921
13-01-2026 14:40||NIFTY27JAN2625800CE,0.1061879346340078
13-01-2026 14:45||NIFTY27JAN2625100PE,0.1123832266267135
13-01-2026 14:45||NIFTY27JAN2626000CE,0.100907335086985
13-01-2026 14:45||NIFTY27JAN2626100CE,0.1009377494073789
13-01-2026 14:45||NIFTY27JAN2626500CE,0.1088678346929411
13-01-2026 14:50||NIFTY27JAN2624400PE,0.1490540468760428
13-01-2026 14:50||NIFTY27JAN2624500PE,0.1429367174561149
13-01-2026 14:55||NIFTY27JAN2623800PE,0.1874887603557289
13-01-2026 14:55||NIFTY27JAN2623900PE,0.1815675758572264
13-01-2026 14:55||NIFTY27JAN2624100PE,0.1694375381168943
13-01-2026 14:55||NIFTY27JAN2624400PE,0.1511672187644988
13-01-2026 14:55||NIFTY27JAN2624500PE,0.1455286227052329
13-01-2026 14:55||NIFTY27JAN2624800PE,0.1283645219527255
13-01-2026 14:55||NIFTY27JAN2624900PE,0.1226876410082457
13-01-2026 14:55||NIFTY27JAN2625100PE,0.1132651593497534
13-01-2026 14:55||NIFTY27JAN2625700CE,0.1004457537203091
13-01-2026 14:55||NIFTY27JAN2625900CE,0.0981107030883955
13-01-2026 14:55||NIFTY27JAN2626400CE,0.1024625770319411
13-01-2026 15:00||NIFTY27JAN2623900PE,0.1835828484531961
13-01-2026 15:00||NIFTY27JAN2624500PE,0.1478479754701112
13-01-2026 15:00||NIFTY27JAN2624600PE,0.1415047985738863
13-01-2026 15:00||NIFTY27JAN2625100PE,0.1117294554491424
13-01-2026 15:00||NIFTY27JAN2625700CE,0.087452918837983
13-01-2026 15:00||NIFTY27JAN2626200CE,0.092995537061315
13-01-2026 15:05||NIFTY27JAN2624000PE,0.174704011749169
13-01-2026 15:05||NIFTY27JAN2624500PE,0.143082968464613
13-01-2026 15:05||NIFTY27JAN2624900PE,0.120140677017693
13-01-2026 15:05||NIFTY27JAN2625400CE,0.1149675309617575
13-01-2026 15:05||NIFTY27JAN2625700CE,0.1061181856986508
13-01-2026 15:05||NIFTY27JAN2625800CE,0.1049641109051375
13-01-2026 15:05||NIFTY27JAN2626000CE,0.1017344616563506
13-01-2026 15:05||NIFTY27JAN2626100CE,0.1012633641661572
13-01-2026 15:05||NIFTY27JAN2626500CE,0.1081550686945441
13-01-2026 15:10||NIFTY27JAN2624000PE,0.1773595557486375
13-01-2026 15:10||NIFTY27JAN2624200PE,0.1643615804152962
13-01-2026 15:10||NIFTY27JAN2624400PE,0.1515583838067131
13-01-2026 15:10||NIFTY27JAN2624900PE,0.1236704356610425
13-01-2026 15:10||NIFTY27JAN2625300CE,0.0946534398036362
13-01-2026 15:10||NIFTY27JAN2625600CE,0.0934092930620711
13-01-2026 15:10||NIFTY27JAN2626200CE,0.0946016214590078
13-01-2026 15:15||NIFTY27JAN2623800PE,0.1871729034570984
13-01-2026 15:15||NIFTY27JAN2624200PE,0.1647787748799374
13-01-2026 15:15||NIFTY27JAN2624600PE,0.1397664378093681
13-01-2026 15:15||NIFTY27JAN2624700PE,0.1342074749078632
13-01-2026 15:15||NIFTY27JAN2625700CE,0.0927899771714317
13-01-2026 15:15||NIFTY27JAN2626000CE,0.0926114850694793
13-01-2026 15:15||NIFTY27JAN2626300CE,0.0967623444758577
13-01-2026 15:15||NIFTY27JAN2626500CE,0.1032928421758139
13-01-2026 15:20||NIFTY27JAN2623900PE,0.1813068095981208
13-01-2026 15:20||NIFTY27JAN2624300PE,0.1571660669592646
13-01-2026 15:20||NIFTY27JAN2624800PE,0.1289387079847296
13-01-2026 15:20||NIFTY27JAN2625300CE,0.1021520290087726
13-01-2026 15:20||NIFTY27JAN2625600CE,0.098269866250477
13-01-2026 15:20||NIFTY27JAN2626200CE,0.0965976578190325
13-01-2026 15:25||NIFTY27JAN2624500PE,0.1466871255306673
13-01-2026 15:25||NIFTY27JAN2624700PE,0.13421126264606
13-01-2026 15:25||NIFTY27JAN2624900PE,0.1239055830343559
13-01-2026 15:25||NIFTY27JAN2626000CE,0.0937302515458802
14-01-2026 09:15||NIFTY27JAN2624300PE,0.1625828632882281
14-01-2026 09:15||NIFTY27JAN2624400PE,0.1558055571196692
14-01-2026 09:15||NIFTY27JAN2625300CE,0.1208681785254672
14-01-2026 09:15||NIFTY27JAN2626100CE,0.1012982563946018
14-01-2026 09:15||NIFTY27JAN2626500CE,0.1111840494810173
14-01-2026 09:20||NIFTY27JAN2624100PE,0.1762089727838468
14-01-2026 09:25||NIFTY27JAN2624000PE,0.1833046128498165
14-01-2026 09:25||NIFTY27JAN2624200PE,0.1695590017019279
14-01-2026 09:25||NIFTY27JAN2624700PE,0.1362542669780045
14-01-2026 09:25||NIFTY27JAN2625300CE,0.1258510384779886
14-01-2026 09:25||NIFTY27JAN2626500CE,0.1081303255268265
14-01-2026 09:30||NIFTY27JAN2623800PE,0.1957530739228521
14-01-2026 09:30||NIFTY27JAN2624000PE,0.1855298360617427
14-01-2026 09:30||NIFTY27JAN2624600PE,0.1454509729354638
14-01-2026 09:30||NIFTY27JAN2624700PE,0.1393189068511587
14-01-2026 09:30||NIFTY27JAN2626200CE,0.0974807441436712
14-01-2026 09:30||NIFTY27JAN2626500CE,0.1053649954954733
14-01-2026 09:35||NIFTY27JAN2624000PE,0.1848131070630813
14-01-2026 09:35||NIFTY27JAN2625500CE,0.1016234798354321
14-01-2026 09:35||NIFTY27JAN2626400CE,0.1021610714564446
14-01-2026 09:40||NIFTY27JAN2623800PE,0.1934439079290794
14-01-2026 09:40||NIFTY27JAN2624000PE,0.1826581858280698
14-01-2026 09:40||NIFTY27JAN2624200PE,0.1693966861265754
14-01-2026 09:40||NIFTY27JAN2624700PE,0.1367563342338845
14-01-2026 09:40||NIFTY27JAN2624800PE,0.1314572242425395
14-01-2026 09:40||NIFTY27JAN2625000PE,0.1204635092185769
14-01-2026 09:40||NIFTY27JAN2625500CE,0.1009154939295117
14-01-2026 09:40||NIFTY27JAN2625800CE,0.0972702694214745
14-01-2026 09:45||NIFTY27JAN2624300PE,0.1620590608226941
14-01-2026 09:45||NIFTY27JAN2624400PE,0.1553732703694438
14-01-2026 09:45||NIFTY27JAN2624500PE,0.1489516469208303
14-01-2026 09:45||NIFTY27JAN2624600PE,0.1416963911913367
14-01-2026 09:45||NIFTY27JAN2625400CE,0.1030593702350445
14-01-2026 09:50||NIFTY27JAN2623800PE,0.1923321147878386
14-01-2026 09:50||NIFTY27JAN2623900PE,0.1869309827997674
14-01-2026 09:50||NIFTY27JAN2624600PE,0.141191825904331
14-01-2026 09:50||NIFTY27JAN2625200CE,0.1276535707600987
14-01-2026 09:50||NIFTY27JAN2625300CE,0.1325369452496675
14-01-2026 09:50||NIFTY27JAN2626400CE,0.107866551483494
14-01-2026 09:55||NIFTY27JAN2624100PE,0.1786734381346991
14-01-2026 09:55||NIFTY27JAN2626000CE,0.0938425521330763
14-01-2026 10:00||NIFTY27JAN2624000PE,0.1829373696104632
14-01-2026 10:00||NIFTY27JAN2624400PE,0.1558575398838884
14-01-2026 10:00||NIFTY27JAN2625100PE,0.1159089684559784
14-01-2026 10:00||NIFTY27JAN2625500CE,0.1046644759891161
14-01-2026 10:00||NIFTY27JAN2626100CE,0.0967234472393489
14-01-2026 10:00||NIFTY27JAN2626500CE,0.1063780572619912
14-01-2026 10:05||NIFTY27JAN2624600PE,0.1413267322793098
14-01-2026 10:05||NIFTY27JAN2624800PE,0.1298838929099573
14-01-2026 10:05||NIFTY27JAN2625000PE,0.118487090395104
14-01-2026 10:05||NIFTY27JAN2625300CE,0.1161114852319387
14-01-2026 10:05||NIFTY27JAN2625400CE,0.109614254478734
14-01-2026 10:05||NIFTY27JAN2626200CE,0.0985276740320511
14-01-2026 10:05||NIFTY27JAN2626300CE,0.0997899023838504
14-01-2026 10:05||NIFTY27JAN2626400CE,0.1028593841972896
14-01-2026 10:10||NIFTY27JAN2624000PE,0.180750168170305
14-01-2026 10:10||NIFTY27JAN2624200PE,0.1669122839137686
14-01-2026 10:10||NIFTY27JAN2624500PE,0.1477730137985891
14-01-2026 10:10||NIFTY27JAN2624600PE,0.1406795929824782
14-01-2026 10:10||NIFTY27JAN2625400CE,0.1095652747229719
14-01-2026 10:10||NIFTY27JAN2625600CE,0.1029605517359599
14-01-2026 10:10||NIFTY27JAN2626400CE,0.1042045401441124
14-01-2026 10:15||NIFTY27JAN2624100PE,0.1747020326862414
14-01-2026 10:15||NIFTY27JAN2625000PE,0.1191062170736952
14-01-2026 10:15||NIFTY27JAN2625200CE,0.1097540475792463
14-01-2026 10:15||NIFTY27JAN2625600CE,0.0971036398764022
14-01-2026 10:15||NIFTY27JAN2625900CE,0.0954709939753655
14-01-2026 10:20||NIFTY27JAN2624200PE,0.1660812177567533
14-01-2026 10:20||NIFTY27JAN2624700PE,0.1335619954114101
14-01-2026 10:20||NIFTY27JAN2625000PE,0.1176214094748183
14-01-2026 10:20||NIFTY27JAN2625500CE,0.1020722730876855
14-01-2026 10:20||NIFTY27JAN2625600CE,0.099510261093641
14-01-2026 10:20||NIFTY27JAN2625700CE,0.0982602860610875
14-01-2026 10:20||NIFTY27JAN2625800CE,0.0976309009616299
14-01-2026 10:25||NIFTY27JAN2623800PE,0.1912907658306078
14-01-2026 10:25||NIFTY27JAN2624300PE,0.160141587198532
14-01-2026 10:25||NIFTY27JAN2625000PE,0.1175276966363968
14-01-2026 10:25||NIFTY27JAN2626100CE,0.097950383801853
14-01-2026 10:25||NIFTY27JAN2626200CE,0.0992760898977729
14-01-2026 10:25||NIFTY27JAN2626400CE,0.104639200445784
14-01-2026 10:30||NIFTY27JAN2623900PE,0.1855025309957175
14-01-2026 10:30||NIFTY27JAN2624000PE,0.1799334686631526
14-01-2026 10:30||NIFTY27JAN2624700PE,0.1339530132456718
14-01-2026 10:30||NIFTY27JAN2624800PE,0.128355567289784
14-01-2026 10:30||NIFTY27JAN2625100PE,0.1128225808479722
14-01-2026 10:30||NIFTY27JAN2625200CE,0.1138781822343577
14-01-2026 10:30||NIFTY27JAN2626500CE,0.10862594107576
14-01-2026 10:35||NIFTY27JAN2623900PE,0.1851146803122166
14-01-2026 10:35||NIFTY27JAN2624400PE,0.1542344402470158
14-01-2026 10:35||NIFTY27JAN2625600CE,0.0987787007259616
14-01-2026 10:35||NIFTY27JAN2625700CE,0.0972274679187687
14-01-2026 10:35||NIFTY27JAN2626300CE,0.1002082976283515
14-01-2026 10:40||NIFTY27JAN2623800PE,0.1918713137486256
14-01-2026 10:40||NIFTY27JAN2624100PE,0.1735383697055761
14-01-2026 10:40||NIFTY27JAN2625300CE,0.1049728081295767
14-01-2026 10:40||NIFTY27JAN2625600CE,0.09848518218167
14-01-2026 10:40||NIFTY27JAN2626300CE,0.1002672812500235
14-01-2026 10:40||NIFTY27JAN2626500CE,0.1065261572486601
14-01-2026 10:45||NIFTY27JAN2624000PE,0.1777340971263034
14-01-2026 10:45||NIFTY27JAN2624600PE,0.1380317600561948
14-01-2026 10:45||NIFTY27JAN2624800PE,0.1260732749469693
14-01-2026 10:45||NIFTY27JAN2625400CE,0.1192092597553751
14-01-2026 10:50||NIFTY27JAN2624000PE,0.1808272183006941
14-01-2026 10:50||NIFTY27JAN2624300PE,0.1606008454366571
14-01-2026 10:50||NIFTY27JAN2624800PE,0.1287789349224047
14-01-2026 10:50||NIFTY27JAN2625200CE,0.1154294410776443
14-01-2026 10:50||NIFTY27JAN2625400CE,0.1085739300269174
14-01-2026 10:50||NIFTY27JAN2625800CE,0.0994935684732169
14-01-2026 10:55||NIFTY27JAN2624600PE,0.1403906929771204
14-01-2026 10:55||NIFTY27JAN2625000PE,0.1173331697506608
14-01-2026 10:55||NIFTY27JAN2625200CE,0.1231795223684378
14-01-2026 10:55||NIFTY27JAN2626200CE,0.1029152813260817
14-01-2026 10:55||NIFTY27JAN2626300CE,0.1040440728119497
14-01-2026 10:55||NIFTY27JAN2626400CE,0.1073578164587293
14-01-2026 10:55||NIFTY27JAN2626500CE,0.1107825670469348
14-01-2026 11:00||NIFTY27JAN2624100PE,0.1751399776131819
14-01-2026 11:00||NIFTY27JAN2626100CE,0.0991490247438831
14-01-2026 11:00||NIFTY27JAN2626300CE,0.100824277329397
14-01-2026 11:05||NIFTY27JAN2624000PE,0.1829741281160036
14-01-2026 11:05||NIFTY27JAN2624800PE,0.1309721217869649
14-01-2026 11:05||NIFTY27JAN2625300CE,0.1109184851229712
14-01-2026 11:05||NIFTY27JAN2626000CE,0.096595950132702
14-01-2026 11:05||NIFTY27JAN2626100CE,0.0965820122306355
14-01-2026 11:05||NIFTY27JAN2626300CE,0.0992009328755285
14-01-2026 11:10||NIFTY27JAN2624000PE,0.1826530029785991
14-01-2026 11:10||NIFTY27JAN2624300PE,0.1621589765941253
14-01-2026 11:10||NIFTY27JAN2624500PE,0.1494081965416862
14-01-2026 11:10||NIFTY27JAN2625200CE,0.1088166772773389
14-01-2026 11:15||NIFTY27JAN2624100PE,0.1760288229384464
14-01-2026 11:15||NIFTY27JAN2624300PE,0.1627067920121448
14-01-2026 11:15||NIFTY27JAN2624400PE,0.1560069766611278
14-01-2026 11:15||NIFTY27JAN2624500PE,0.1499255923556485
14-01-2026 11:15||NIFTY27JAN2624600PE,0.142925737633565
14-01-2026 11:15||NIFTY27JAN2625500CE,0.109959001438576
14-01-2026 11:15||NIFTY27JAN2625800CE,0.1008678033704779
14-01-2026 11:15||NIFTY27JAN2626000CE,0.0982998597877384
14-01-2026 11:20||NIFTY27JAN2623800PE,0.1948577112589878
14-01-2026 11:20||NIFTY27JAN2623900PE,0.1898713033441942
14-01-2026 11:20||NIFTY27JAN2624600PE,0.1437256705256802
14-01-2026 11:20||NIFTY27JAN2624800PE,0.1314318863530811
14-01-2026 11:20||NIFTY27JAN2625100PE,0.1150944496472021
14-01-2026 11:20||NIFTY27JAN2625300CE,0.1119783224694805
14-01-2026 11:20||NIFTY27JAN2625600CE,0.1013070969521431
14-01-2026 11:20||NIFTY27JAN2625800CE,0.0976220463146827
14-01-2026 11:25||NIFTY27JAN2623900PE,0.1879577717278055
14-01-2026 11:25||NIFTY27JAN2624700PE,0.1353752275789527
14-01-2026 11:25||NIFTY27JAN2624900PE,0.1229326990240399
14-01-2026 11:25||NIFTY27JAN2625400CE,0.1258876244755365
14-01-2026 11:25||NIFTY27JAN2626200CE,0.101796970360707
14-01-2026 11:30||NIFTY27JAN2624200PE,0.1713382334830263
14-01-2026 11:30||NIFTY27JAN2624300PE,0.1648590190929996
14-01-2026 11:30||NIFTY27JAN2624400PE,0.1581682787736051
14-01-2026 11:30||NIFTY27JAN2625000PE,0.1217043569441618
14-01-2026 11:30||NIFTY27JAN2625300CE,0.1110753260867982
14-01-2026 11:30||NIFTY27JAN2625800CE,0.0975438537734833
14-01-2026 11:30||NIFTY27JAN2626000CE,0.0953953660981853
14-01-2026 11:35||NIFTY27JAN2623900PE,0.1903575852634038
14-01-2026 11:35||NIFTY27JAN2624400PE,0.1575076973320757
14-01-2026 11:35||NIFTY27JAN2624500PE,0.1509660505249647
14-01-2026 11:35||NIFTY27JAN2624700PE,0.1376076339724068
14-01-2026 11:35||NIFTY27JAN2625100PE,0.1149385130180937
14-01-2026 11:35||NIFTY27JAN2625500CE,0.1058217139947049
14-01-2026 11:35||NIFTY27JAN2625700CE,0.1001497529813874
14-01-2026 11:35||NIFTY27JAN2626100CE,0.096197933302594
14-01-2026 11:40||NIFTY27JAN2623900PE,0.1900783109428993
14-01-2026 11:40||NIFTY27JAN2625500CE,0.1024527183556073
14-01-2026 11:40||NIFTY27JAN2625600CE,0.0994068487893793
14-01-2026 11:40||NIFTY27JAN2626500CE,0.1033511766961298
14-01-2026 11:45||NIFTY27JAN2623900PE,0.190045252348898
14-01-2026 11:45||NIFTY27JAN2624300PE,0.1635018972080569
14-01-2026 11:45||NIFTY27JAN2624500PE,0.1503753060376907
14-01-2026 11:45||NIFTY27JAN2626400CE,0.1018109202725957
14-01-2026 11:50||NIFTY27JAN2625100PE,0.1146755367885496
14-01-2026 11:50||NIFTY27JAN2625700CE,0.1002593538776012
14-01-2026 11:50||NIFTY27JAN2625800CE,0.098092081265804
14-01-2026 11:50||NIFTY27JAN2626100CE,0.0957705105795799
14-01-2026 11:55||NIFTY27JAN2624200PE,0.1712270444790047
14-01-2026 11:55||NIFTY27JAN2624400PE,0.1577880886924825
14-01-2026 11:55||NIFTY27JAN2624800PE,0.1319458075060962
14-01-2026 11:55||NIFTY27JAN2625200CE,0.1122047036217181
14-01-2026 11:55||NIFTY27JAN2625600CE,0.1007708718981416
14-01-2026 12:00||NIFTY27JAN2623800PE,0.198086137011106
14-01-2026 12:00||NIFTY27JAN2624400PE,0.1590929094560924
14-01-2026 12:00||NIFTY27JAN2624900PE,0.1270152385451118
14-01-2026 12:00||NIFTY27JAN2625000PE,0.1219181380474921
14-01-2026 12:00||NIFTY27JAN2625100PE,0.1166745610572454
14-01-2026 12:05||NIFTY27JAN2624400PE,0.1590000676014689
14-01-2026 12:05||NIFTY27JAN2624600PE,0.1454349387064863
14-01-2026 12:05||NIFTY27JAN2626500CE,0.0995980025590161
14-01-2026 12:10||NIFTY27JAN2624400PE,0.1567839373814726
14-01-2026 12:10||NIFTY27JAN2624600PE,0.1436774569930493
14-01-2026 12:10||NIFTY27JAN2624800PE,0.1311407925083915
14-01-2026 12:10||NIFTY27JAN2624900PE,0.1252842448617917
14-01-2026 12:10||NIFTY27JAN2625100PE,0.1138644295732854
14-01-2026 12:10||NIFTY27JAN2625900CE,0.0921127624023105
14-01-2026 12:10||NIFTY27JAN2626300CE,0.0948725344857087
14-01-2026 12:15||NIFTY27JAN2624200PE,0.1685030261047542
14-01-2026 12:15||NIFTY27JAN2624800PE,0.1281233521005713
14-01-2026 12:15||NIFTY27JAN2626500CE,0.1058570255737268
14-01-2026 12:20||NIFTY27JAN2623800PE,0.1965669382375172
14-01-2026 12:20||NIFTY27JAN2623900PE,0.1914504044027935
14-01-2026 12:20||NIFTY27JAN2625300CE,0.1002619241146183
14-01-2026 12:20||NIFTY27JAN2626400CE,0.0973432878921409
14-01-2026 12:25||NIFTY27JAN2624500PE,0.1511168488767602
14-01-2026 12:25||NIFTY27JAN2625400CE,0.0947796728256067
14-01-2026 12:25||NIFTY27JAN2625500CE,0.0957322869844751
14-01-2026 12:25||NIFTY27JAN2625900CE,0.0918790281913293
14-01-2026 12:30||NIFTY27JAN2623900PE,0.190617382446273
14-01-2026 12:30||NIFTY27JAN2624300PE,0.1639267856650512
14-01-2026 12:30||NIFTY27JAN2624900PE,0.1253259082102505
14-01-2026 12:30||NIFTY27JAN2625800CE,0.0968003751776375
14-01-2026 12:30||NIFTY27JAN2626300CE,0.0956081078668839
14-01-2026 12:30||NIFTY27JAN2626400CE,0.0976570512760055
14-01-2026 12:35||NIFTY27JAN2623900PE,0.1915939408199263
14-01-2026 12:35||NIFTY27JAN2625300CE,0.1066166308047059
14-01-2026 12:35||NIFTY27JAN2625500CE,0.0996273383421439
14-01-2026 12:35||NIFTY27JAN2625900CE,0.0938804778640136
14-01-2026 12:45||NIFTY27JAN2625600CE,0.0952510115209361
14-01-2026 12:45||NIFTY27JAN2625700CE,0.094541053291644
14-01-2026 12:50||NIFTY27JAN2624900PE,0.1240394083291118
14-01-2026 12:50||NIFTY27JAN2626300CE,0.0951642053526938
14-01-2026 12:50||NIFTY27JAN2626500CE,0.1016367401002991
14-01-2026 12:55||NIFTY27JAN2623900PE,0.1889065296557125
14-01-2026 12:55||NIFTY27JAN2624300PE,0.1623237244059151
14-01-2026 12:55||NIFTY27JAN2625000PE,0.1187376225489226
14-01-2026 13:00||NIFTY27JAN2624700PE,0.136041443363111
14-01-2026 13:00||NIFTY27JAN2625400CE,0.0967597654002185
14-01-2026 13:00||NIFTY27JAN2625700CE,0.0952518700713849
14-01-2026 13:00||NIFTY27JAN2625800CE,0.0933578536976205
14-01-2026 13:00||NIFTY27JAN2626200CE,0.0931517293809827
14-01-2026 13:00||NIFTY27JAN2626300CE,0.0958810579290975
14-01-2026 13:00||NIFTY27JAN2626500CE,0.1032108751540988
14-01-2026 13:05||NIFTY27JAN2624000PE,0.1822041440824805
14-01-2026 13:05||NIFTY27JAN2624400PE,0.155596697102177
14-01-2026 13:05||NIFTY27JAN2624800PE,0.1295279984783603
14-01-2026 13:05||NIFTY27JAN2624900PE,0.1235170569860805
14-01-2026 13:05||NIFTY27JAN2625800CE,0.095863487291756
14-01-2026 13:05||NIFTY27JAN2626200CE,0.0942817330482641
14-01-2026 13:05||NIFTY27JAN2626300CE,0.0959993862895588
14-01-2026 13:10||NIFTY27JAN2624000PE,0.183305874210143
14-01-2026 13:10||NIFTY27JAN2624600PE,0.1432306067248334
14-01-2026 13:10||NIFTY27JAN2624700PE,0.1365731193520573
14-01-2026 13:10||NIFTY27JAN2624900PE,0.1248503611862685
14-01-2026 13:10||NIFTY27JAN2625300CE,0.1014709989265982
14-01-2026 13:10||NIFTY27JAN2625800CE,0.0902843542062745
14-01-2026 13:10||NIFTY27JAN2625900CE,0.0899035539642953
14-01-2026 13:10||NIFTY27JAN2626400CE,0.0954171363233861
14-01-2026 13:15||NIFTY27JAN2624000PE,0.1829565454309264
14-01-2026 13:15||NIFTY27JAN2624600PE,0.1421400854134304
14-01-2026 13:15||NIFTY27JAN2624800PE,0.129432242074476
14-01-2026 13:15||NIFTY27JAN2625200CE,0.1043778544561531
14-01-2026 13:15||NIFTY27JAN2625600CE,0.0929098616293797
14-01-2026 13:15||NIFTY27JAN2626100CE,0.0901088873831987
14-01-2026 13:15||NIFTY27JAN2626200CE,0.0913031204953551
14-01-2026 13:20||NIFTY27JAN2624400PE,0.1543946815136275
14-01-2026 13:20||NIFTY27JAN2624700PE,0.1348719220207326
14-01-2026 13:20||NIFTY27JAN2624900PE,0.1238323697070421
14-01-2026 13:20||NIFTY27JAN2625200CE,0.1010248202411949
14-01-2026 13:20||NIFTY27JAN2625900CE,0.088905765750667
14-01-2026 13:25||NIFTY27JAN2624100PE,0.1731387652656995
14-01-2026 13:25||NIFTY27JAN2624700PE,0.1331139849098258
14-01-2026 13:25||NIFTY27JAN2624900PE,0.1222352196470111
14-01-2026 13:25||NIFTY27JAN2625200CE,0.1077181092884339
14-01-2026 13:25||NIFTY27JAN2625600CE,0.095649019201329
14-01-2026 13:25||NIFTY27JAN2626400CE,0.09914328600003
14-01-2026 13:25||NIFTY27JAN2626500CE,0.1041783580645672
14-01-2026 13:30||NIFTY27JAN2624200PE,0.1659451238712801
14-01-2026 13:30||NIFTY27JAN2624300PE,0.1601046519540569
14-01-2026 13:30||NIFTY27JAN2625200CE,0.1021159022751708
14-01-2026 13:30||NIFTY27JAN2625700CE,0.0898109804586658
14-01-2026 13:30||NIFTY27JAN2626500CE,0.10264143427912
14-01-2026 13:35||NIFTY27JAN2624000PE,0.1789498391046193
14-01-2026 13:35||NIFTY27JAN2624100PE,0.1723432473191208
14-01-2026 13:35||NIFTY27JAN2625100PE,0.101884212017305
14-01-2026 13:35||NIFTY27JAN2625500CE,0.0818945127099569
14-01-2026 13:35||NIFTY27JAN2625700CE,0.0837818083570653
14-01-2026 13:40||NIFTY27JAN2626500CE,0.1059551364210071
14-01-2026 13:45||NIFTY27JAN2624100PE,0.1679846625977142
14-01-2026 13:45||NIFTY27JAN2624200PE,0.1609721452361735
14-01-2026 13:45||NIFTY27JAN2624400PE,0.1485603961029323
14-01-2026 13:45||NIFTY27JAN2624600PE,0.135536604464502
14-01-2026 13:45||NIFTY27JAN2624700PE,0.1300928291212164
14-01-2026 13:45||NIFTY27JAN2624800PE,0.1249150344834363
14-01-2026 13:45||NIFTY27JAN2625400CE,0.1004498094998534
14-01-2026 13:45||NIFTY27JAN2626200CE,0.0977594212930745
14-01-2026 13:45||NIFTY27JAN2626300CE,0.1009932680630535
14-01-2026 13:45||NIFTY27JAN2626400CE,0.1043816954759248
14-01-2026 13:50||NIFTY27JAN2625400CE,0.0857950582476201
14-01-2026 13:50||NIFTY27JAN2625600CE,0.0878725338495847
14-01-2026 13:50||NIFTY27JAN2626300CE,0.0986143703105885
14-01-2026 13:55||NIFTY27JAN2623800PE,0.1869163794202382
14-01-2026 13:55||NIFTY27JAN2624600PE,0.1353445996360633
14-01-2026 13:55||NIFTY27JAN2624900PE,0.1188035284129937
14-01-2026 13:55||NIFTY27JAN2625200CE,0.1023236939542825
14-01-2026 13:55||NIFTY27JAN2626200CE,0.0980107506580447
14-01-2026 14:00||NIFTY27JAN2623800PE,0.1877800684182709
14-01-2026 14:00||NIFTY27JAN2623900PE,0.1808231224877548
14-01-2026 14:00||NIFTY27JAN2624400PE,0.1490266004047827
14-01-2026 14:00||NIFTY27JAN2624500PE,0.1432032031530292
14-01-2026 14:05||NIFTY27JAN2624000PE,0.1754135294675118
14-01-2026 14:05||NIFTY27JAN2624300PE,0.1553559281395037
14-01-2026 14:05||NIFTY27JAN2624700PE,0.1299398721316135
14-01-2026 14:05||NIFTY27JAN2624800PE,0.124983133308213
14-01-2026 14:05||NIFTY27JAN2625200CE,0.1040353731345968
14-01-2026 14:05||NIFTY27JAN2625700CE,0.097716844116408
14-01-2026 14:05||NIFTY27JAN2625900CE,0.0962091318817234
14-01-2026 14:10||NIFTY27JAN2624200PE,0.1616599231813313
14-01-2026 14:10||NIFTY27JAN2624800PE,0.1242211345733249
14-01-2026 14:10||NIFTY27JAN2625700CE,0.0987380096819325
14-01-2026 14:15||NIFTY27JAN2624600PE,0.1376002206673939
14-01-2026 14:15||NIFTY27JAN2625300CE,0.0950167733085846
14-01-2026 14:15||NIFTY27JAN2625900CE,0.0908322760400372
14-01-2026 14:15||NIFTY27JAN2626000CE,0.0922651852036732
14-01-2026 14:15||NIFTY27JAN2626500CE,0.1080907508536707
14-01-2026 14:20||NIFTY27JAN2624400PE,0.1491876053369037
14-01-2026 14:20||NIFTY27JAN2624900PE,0.1198693877861321
14-01-2026 14:20||NIFTY27JAN2625100PE,0.1096468427184994
14-01-2026 14:25||NIFTY27JAN2623800PE,0.1857490223052458
14-01-2026 14:25||NIFTY27JAN2625600CE,0.1016725724614202
14-01-2026 14:25||NIFTY27JAN2626100CE,0.0995500088921165
14-01-2026 14:30||NIFTY27JAN2623900PE,0.1815551051533722
14-01-2026 14:30||NIFTY27JAN2624300PE,0.1547810537030843
14-01-2026 14:30||NIFTY27JAN2624500PE,0.1419769799645277
14-01-2026 14:30||NIFTY27JAN2625000PE,0.113525805416013
14-01-2026 14:30||NIFTY27JAN2625100PE,0.1081611341273157
14-01-2026 14:30||NIFTY27JAN2625400CE,0.105708964769722
14-01-2026 14:30||NIFTY27JAN2626000CE,0.0987864404085544
14-01-2026 14:30||NIFTY27JAN2626100CE,0.0993417979837274
14-01-2026 14:30||NIFTY27JAN2626400CE,0.1076621964238699
14-01-2026 14:30||NIFTY27JAN2626500CE,0.1124138391382866
14-01-2026 14:35||NIFTY27JAN2624000PE,0.1754974046261619
14-01-2026 14:35||NIFTY27JAN2624300PE,0.1553692477683664
14-01-2026 14:35||NIFTY27JAN2625500CE,0.1073657700761607
14-01-2026 14:35||NIFTY27JAN2625900CE,0.0994885319875897
14-01-2026 14:35||NIFTY27JAN2626400CE,0.1069682868737699
14-01-2026 14:40||NIFTY27JAN2624300PE,0.1574669779888886
14-01-2026 14:40||NIFTY27JAN2624400PE,0.149972090996664
14-01-2026 14:40||NIFTY27JAN2624500PE,0.143741227433208
14-01-2026 14:40||NIFTY27JAN2624700PE,0.1311258383558657
14-01-2026 14:40||NIFTY27JAN2624800PE,0.1254975192819239
14-01-2026 14:40||NIFTY27JAN2625000PE,0.1150354353889751
14-01-2026 14:40||NIFTY27JAN2625400CE,0.1048525474804204
14-01-2026 14:40||NIFTY27JAN2625800CE,0.0973615395731619
14-01-2026 14:45||NIFTY27JAN2624500PE,0.1465406620219031
14-01-2026 14:45||NIFTY27JAN2624800PE,0.127157376464615
14-01-2026 14:45||NIFTY27JAN2625100PE,0.1093463055927799
14-01-2026 14:45||NIFTY27JAN2625400CE,0.0990998318414487
14-01-2026 14:45||NIFTY27JAN2625500CE,0.0969219982473723
14-01-2026 14:45||NIFTY27JAN2625800CE,0.0945178754741201
14-01-2026 14:45||NIFTY27JAN2626100CE,0.0945358674036199
14-01-2026 14:45||NIFTY27JAN2626200CE,0.0968171062099418
14-01-2026 14:45||NIFTY27JAN2626300CE,0.0995156670384417
14-01-2026 14:50||NIFTY27JAN2624400PE,0.1523047711302483
14-01-2026 14:50||NIFTY27JAN2624600PE,0.139253562122579
14-01-2026 14:50||NIFTY27JAN2624900PE,0.121893418976924
14-01-2026 14:50||NIFTY27JAN2625200CE,0.107423243676242
14-01-2026 14:50||NIFTY27JAN2625700CE,0.0956419491392372
14-01-2026 14:50||NIFTY27JAN2625800CE,0.0945455051370936
14-01-2026 14:50||NIFTY27JAN2626300CE,0.0992445043377832
14-01-2026 14:55||NIFTY27JAN2624100PE,0.1719141409286656
14-01-2026 14:55||NIFTY27JAN2624200PE,0.1654380233414186
14-01-2026 14:55||NIFTY27JAN2624600PE,0.1389830366735487
14-01-2026 14:55||NIFTY27JAN2624800PE,0.1271244909205642
14-01-2026 14:55||NIFTY27JAN2625100PE,0.1114408640627724
14-01-2026 14:55||NIFTY27JAN2625300CE,0.0966954683600042
14-01-2026 14:55||NIFTY27JAN2625400CE,0.0937132611779505
14-01-2026 14:55||NIFTY27JAN2625600CE,0.0911542204350497
14-01-2026 14:55||NIFTY27JAN2626400CE,0.1007834316392274
14-01-2026 15:00||NIFTY27JAN2624300PE,0.1571916012024494
14-01-2026 15:00||NIFTY27JAN2624700PE,0.1309701615868551
14-01-2026 15:00||NIFTY27JAN2625800CE,0.0961532716961578
14-01-2026 15:05||NIFTY27JAN2623900PE,0.1853694394671614
14-01-2026 15:05||NIFTY27JAN2624400PE,0.1516916508245447
14-01-2026 15:05||NIFTY27JAN2624800PE,0.1281941630932524
14-01-2026 15:05||NIFTY27JAN2626300CE,0.0993376362267569
14-01-2026 15:10||NIFTY27JAN2624100PE,0.1696538477825772
14-01-2026 15:10||NIFTY27JAN2624500PE,0.1447549855031059
14-01-2026 15:10||NIFTY27JAN2624900PE,0.1217194257766637
14-01-2026 15:10||NIFTY27JAN2625500CE,0.0963532026410316
14-01-2026 15:10||NIFTY27JAN2626200CE,0.097484233295379
14-01-2026 15:15||NIFTY27JAN2624400PE,0.1487651803415816
14-01-2026 15:15||NIFTY27JAN2624700PE,0.1303258421159903
14-01-2026 15:15||NIFTY27JAN2625100PE,0.1099960994036158
14-01-2026 15:15||NIFTY27JAN2625500CE,0.1033438861879822
14-01-2026 15:15||NIFTY27JAN2625900CE,0.0979426855397268
14-01-2026 15:15||NIFTY27JAN2626100CE,0.0982834700453168
14-01-2026 15:20||NIFTY27JAN2624500PE,0.1438324696304253
14-01-2026 15:20||NIFTY27JAN2624800PE,0.1254558561626277
14-01-2026 15:20||NIFTY27JAN2626100CE,0.0990303883757046
14-01-2026 15:20||NIFTY27JAN2626300CE,0.1041029079193154
14-01-2026 15:20||NIFTY27JAN2626400CE,0.1068141408634345
14-01-2026 15:25||NIFTY27JAN2623900PE,0.1847501405536703
14-01-2026 15:25||NIFTY27JAN2624600PE,0.1384375136890841
14-01-2026 15:25||NIFTY27JAN2625100PE,0.1116894044260905
14-01-2026 15:25||NIFTY27JAN2625200CE,0.1089230043829424
14-01-2026 15:25||NIFTY27JAN2626400CE,0.1043644531236725
14-01-2026 15:25||NIFTY27JAN2626500CE,0.108278248958088
16-01-2026 09:15||NIFTY27JAN2624100PE,0.1782594347783263
16-01-2026 09:15||NIFTY27JAN2624200PE,0.1706764436052204
16-01-2026 09:15||NIFTY27JAN2624300PE,0.1644858408037101
16-01-2026 09:15||NIFTY27JAN2624800PE,0.1308546394220975
16-01-2026 09:15||NIFTY27JAN2625000PE,0.1194831255570934
16-01-2026 09:15||NIFTY27JAN2626000CE,0.1048927519410629
16-01-2026 09:15||NIFTY27JAN2626100CE,0.1036116903440067
16-01-2026 09:20||NIFTY27JAN2624100PE,0.1788634641770917
16-01-2026 09:20||NIFTY27JAN2624400PE,0.157492205127411
16-01-2026 09:20||NIFTY27JAN2624600PE,0.1445726654650638
16-01-2026 09:20||NIFTY27JAN2625000PE,0.1207392195507163
16-01-2026 09:20||NIFTY27JAN2625200CE,0.1266623540906407
16-01-2026 09:20||NIFTY27JAN2625400CE,0.112405091769311
16-01-2026 09:20||NIFTY27JAN2625700CE,0.1023461272172588
16-01-2026 09:20||NIFTY27JAN2626000CE,0.098084896734708
16-01-2026 09:25||NIFTY27JAN2624600PE,0.1399355148080982
16-01-2026 09:25||NIFTY27JAN2624700PE,0.1335971633287727
16-01-2026 09:25||NIFTY27JAN2625300CE,0.1293683694109807
16-01-2026 09:25||NIFTY27JAN2625600CE,0.1105177567901793
16-01-2026 09:25||NIFTY27JAN2626300CE,0.1006891492525009
16-01-2026 09:25||NIFTY27JAN2626500CE,0.1069109705441299
16-01-2026 09:30||NIFTY27JAN2623800PE,0.1948379743832526
16-01-2026 09:30||NIFTY27JAN2624300PE,0.160314186802203
16-01-2026 09:30||NIFTY27JAN2624400PE,0.1530453112856578
16-01-2026 09:30||NIFTY27JAN2624900PE,0.1216315437046016
16-01-2026 09:30||NIFTY27JAN2625100PE,0.1108354677377406
16-01-2026 09:30||NIFTY27JAN2625500CE,0.1067362685315776
16-01-2026 09:30||NIFTY27JAN2625700CE,0.1008396196882389
16-01-2026 09:30||NIFTY27JAN2625900CE,0.0969982786933652
16-01-2026 09:30||NIFTY27JAN2626000CE,0.0961611598785097
16-01-2026 09:35||NIFTY27JAN2624100PE,0.1730161600365551
16-01-2026 09:35||NIFTY27JAN2624200PE,0.1662560916356892
16-01-2026 09:35||NIFTY27JAN2624800PE,0.127673142199751
16-01-2026 09:35||NIFTY27JAN2625100PE,0.1116876172401072
16-01-2026 09:35||NIFTY27JAN2626300CE,0.098174524055098
16-01-2026 09:35||NIFTY27JAN2626400CE,0.1009819761514345
16-01-2026 09:40||NIFTY27JAN2624200PE,0.1656808048568409
16-01-2026 09:40||NIFTY27JAN2624300PE,0.1593822862101716
16-01-2026 09:40||NIFTY27JAN2625900CE,0.103546611591703
16-01-2026 09:40||NIFTY27JAN2626500CE,0.1071829643903575
16-01-2026 09:45||NIFTY27JAN2623900PE,0.190345160261127
16-01-2026 09:45||NIFTY27JAN2624500PE,0.1467383077823857
16-01-2026 09:45||NIFTY27JAN2624800PE,0.1257586766616815
16-01-2026 09:45||NIFTY27JAN2624900PE,0.1196193325201041
16-01-2026 09:45||NIFTY27JAN2625400CE,0.1262893630077944
16-01-2026 09:45||NIFTY27JAN2626000CE,0.100516832367875
16-01-2026 09:45||NIFTY27JAN2626100CE,0.0989172571018832
16-01-2026 09:50||NIFTY27JAN2623900PE,0.1924436985576827
16-01-2026 09:50||NIFTY27JAN2624200PE,0.172249224544093
16-01-2026 09:50||NIFTY27JAN2624900PE,0.1219285201208477
16-01-2026 09:50||NIFTY27JAN2625500CE,0.113600741288289
16-01-2026 09:50||NIFTY27JAN2625600CE,0.1081706348442477
16-01-2026 09:50||NIFTY27JAN2625700CE,0.1046359954205742
16-01-2026 09:50||NIFTY27JAN2625800CE,0.1021746993998041
16-01-2026 09:50||NIFTY27JAN2626000CE,0.0969420885571831
16-01-2026 09:50||NIFTY27JAN2626200CE,0.0957311527005828
16-01-2026 09:55||NIFTY27JAN2623800PE,0.2002985913743372
16-01-2026 09:55||NIFTY27JAN2624000PE,0.1878717067392578
16-01-2026 09:55||NIFTY27JAN2624200PE,0.1726359527403135
16-01-2026 09:55||NIFTY27JAN2624500PE,0.1498480655231492
16-01-2026 09:55||NIFTY27JAN2624900PE,0.1229045401809278
16-01-2026 09:55||NIFTY27JAN2625000PE,0.1173320583757706
16-01-2026 09:55||NIFTY27JAN2625300CE,0.1188517716242616
16-01-2026 09:55||NIFTY27JAN2625400CE,0.1119502688735343
16-01-2026 09:55||NIFTY27JAN2625500CE,0.1091617557620844
16-01-2026 09:55||NIFTY27JAN2625700CE,0.0998417712440462
16-01-2026 09:55||NIFTY27JAN2625900CE,0.0953791160377036
16-01-2026 09:55||NIFTY27JAN2626000CE,0.0944935857621022
16-01-2026 09:55||NIFTY27JAN2626400CE,0.0976945589556082
16-01-2026 09:55||NIFTY27JAN2626500CE,0.101152805642471
16-01-2026 10:00||NIFTY27JAN2624000PE,0.1865754785590327
16-01-2026 10:00||NIFTY27JAN2625400CE,0.1333708007926043
16-01-2026 10:00||NIFTY27JAN2625900CE,0.1038756389956797
16-01-2026 10:00||NIFTY27JAN2626000CE,0.1013230361243767
16-01-2026 10:00||NIFTY27JAN2626400CE,0.1025639166772302
16-01-2026 10:00||NIFTY27JAN2626500CE,0.1059133238453539
16-01-2026 10:05||NIFTY27JAN2624000PE,0.1874260520176489
16-01-2026 10:05||NIFTY27JAN2624100PE,0.1799635324488092
16-01-2026 10:05||NIFTY27JAN2624400PE,0.158328428082182
16-01-2026 10:05||NIFTY27JAN2625100PE,0.1100373847387058
16-01-2026 10:05||NIFTY27JAN2625700CE,0.1091709914320985
16-01-2026 10:05||NIFTY27JAN2626400CE,0.1003092263047998
16-01-2026 10:05||NIFTY27JAN2626500CE,0.1035448222250591
16-01-2026 10:10||NIFTY27JAN2623900PE,0.1941677937602679
16-01-2026 10:10||NIFTY27JAN2624800PE,0.1306008235731066
16-01-2026 10:10||NIFTY27JAN2625300CE,0.1393429216267805
16-01-2026 10:10||NIFTY27JAN2625600CE,0.1178530393095952
16-01-2026 10:10||NIFTY27JAN2626100CE,0.1003676623861336
16-01-2026 10:10||NIFTY27JAN2626400CE,0.1020944919922207
16-01-2026 10:15||NIFTY27JAN2623800PE,0.205935597735606
16-01-2026 10:15||NIFTY27JAN2624400PE,0.1657053354614323
16-01-2026 10:15||NIFTY27JAN2624500PE,0.1568462818211757
16-01-2026 10:15||NIFTY27JAN2625300CE,0.1547179375207177
16-01-2026 10:20||NIFTY27JAN2623800PE,0.2103876675857277
16-01-2026 10:20||NIFTY27JAN2624300PE,0.1765785646670985
16-01-2026 10:20||NIFTY27JAN2624500PE,0.161189767349123
16-01-2026 10:20||NIFTY27JAN2624800PE,0.1393144670379726
16-01-2026 10:20||NIFTY27JAN2625700CE,0.1190636377911476
16-01-2026 10:20||NIFTY27JAN2625900CE,0.1110079343565653
16-01-2026 10:20||NIFTY27JAN2626400CE,0.1039921838947787
16-01-2026 10:25||NIFTY27JAN2624000PE,0.1980355246518048
16-01-2026 10:25||NIFTY27JAN2624200PE,0.1841152272864471
16-01-2026 10:25||NIFTY27JAN2624300PE,0.1771239673057136
16-01-2026 10:25||NIFTY27JAN2624600PE,0.1542395327451307
16-01-2026 10:25||NIFTY27JAN2625400CE,0.1392360201309606
16-01-2026 10:25||NIFTY27JAN2626000CE,0.1053872557708804
16-01-2026 10:30||NIFTY27JAN2624200PE,0.1840186013794862
16-01-2026 10:30||NIFTY27JAN2624400PE,0.170293671085338
16-01-2026 10:30||NIFTY27JAN2624800PE,0.1406878914856889
16-01-2026 10:30||NIFTY27JAN2625500CE,0.1242906900980905
16-01-2026 10:35||NIFTY27JAN2624000PE,0.1991726208268346
16-01-2026 10:35||NIFTY27JAN2624200PE,0.1847712240617023
16-01-2026 10:35||NIFTY27JAN2624900PE,0.134369990187328
16-01-2026 10:35||NIFTY27JAN2625100PE,0.1215897673315716
16-01-2026 10:35||NIFTY27JAN2625200CE,0.1499872220293481
16-01-2026 10:35||NIFTY27JAN2625600CE,0.1193071852319071
16-01-2026 10:35||NIFTY27JAN2626300CE,0.0996408322626858
16-01-2026 10:35||NIFTY27JAN2626400CE,0.100297933100158
16-01-2026 10:40||NIFTY27JAN2623800PE,0.2109713349823324
16-01-2026 10:40||NIFTY27JAN2624200PE,0.1856108132014974
16-01-2026 10:40||NIFTY27JAN2624700PE,0.1486644600171469
16-01-2026 10:40||NIFTY27JAN2624900PE,0.1351947520131891
16-01-2026 10:40||NIFTY27JAN2626200CE,0.0937544753077036
16-01-2026 10:45||NIFTY27JAN2623800PE,0.2101923659203108
16-01-2026 10:45||NIFTY27JAN2624000PE,0.1988294996558035
16-01-2026 10:45||NIFTY27JAN2624400PE,0.1707522679290655
16-01-2026 10:45||NIFTY27JAN2624600PE,0.1550232377238298
16-01-2026 10:45||NIFTY27JAN2624900PE,0.1334734337489996
16-01-2026 10:45||NIFTY27JAN2625200CE,0.1385959486687021
16-01-2026 10:50||NIFTY27JAN2624200PE,0.1833436337367748
16-01-2026 10:50||NIFTY27JAN2624300PE,0.1765601050624053
16-01-2026 10:50||NIFTY27JAN2624400PE,0.1694456120212673
16-01-2026 10:50||NIFTY27JAN2624600PE,0.1541261547866999
16-01-2026 10:50||NIFTY27JAN2625400CE,0.1304750546049198
16-01-2026 10:50||NIFTY27JAN2626300CE,0.0973658909004093
16-01-2026 10:50||NIFTY27JAN2626400CE,0.0988827227508252
16-01-2026 10:55||NIFTY27JAN2623800PE,0.2099868495898962
16-01-2026 10:55||NIFTY27JAN2623900PE,0.2029251965801951
16-01-2026 10:55||NIFTY27JAN2624900PE,0.1329909299242486
16-01-2026 10:55||NIFTY27JAN2625400CE,0.1236200677139901
16-01-2026 10:55||NIFTY27JAN2625800CE,0.1033181873381097
16-01-2026 10:55||NIFTY27JAN2625900CE,0.1004930402686873
16-01-2026 10:55||NIFTY27JAN2626100CE,0.0966851670965707
16-01-2026 10:55||NIFTY27JAN2626500CE,0.1007965858726998
16-01-2026 11:00||NIFTY27JAN2624400PE,0.1679194788445861
16-01-2026 11:00||NIFTY27JAN2624900PE,0.1321868124004306
16-01-2026 11:00||NIFTY27JAN2625000PE,0.1259032484468636
16-01-2026 11:00||NIFTY27JAN2625300CE,0.1331334875887249
16-01-2026 11:00||NIFTY27JAN2626000CE,0.1000226672243036
16-01-2026 11:00||NIFTY27JAN2626100CE,0.0976762247362499
16-01-2026 11:05||NIFTY27JAN2624300PE,0.1745227159368189
16-01-2026 11:05||NIFTY27JAN2624400PE,0.1678731427953868
16-01-2026 11:05||NIFTY27JAN2625100PE,0.1197791684422974
16-01-2026 11:05||NIFTY27JAN2626100CE,0.1002118942913349
16-01-2026 11:10||NIFTY27JAN2624000PE,0.1955613181680799
16-01-2026 11:10||NIFTY27JAN2625800CE,0.1021034676492815
16-01-2026 11:10||NIFTY27JAN2626000CE,0.0974579697584263
16-01-2026 11:15||NIFTY27JAN2623900PE,0.1999745941483261
16-01-2026 11:15||NIFTY27JAN2624600PE,0.1508542143535413
16-01-2026 11:15||NIFTY27JAN2625800CE,0.1019443249274494
16-01-2026 11:15||NIFTY27JAN2626200CE,0.0947448658237524
16-01-2026 11:20||NIFTY27JAN2623800PE,0.2055199003487049
16-01-2026 11:20||NIFTY27JAN2624000PE,0.1931701810937081
16-01-2026 11:20||NIFTY27JAN2624100PE,0.184601812527903
16-01-2026 11:20||NIFTY27JAN2624900PE,0.1308807456540416
16-01-2026 11:20||NIFTY27JAN2625900CE,0.0990414896369155
16-01-2026 11:20||NIFTY27JAN2626000CE,0.0972443907361885
16-01-2026 11:20||NIFTY27JAN2626200CE,0.095754542991328
16-01-2026 11:25||NIFTY27JAN2624200PE,0.1776634166156855
16-01-2026 11:25||NIFTY27JAN2624800PE,0.1361752012071024
16-01-2026 11:25||NIFTY27JAN2625000PE,0.1233894014309863
16-01-2026 11:25||NIFTY27JAN2626300CE,0.0980493290877992
16-01-2026 11:30||NIFTY27JAN2624300PE,0.1713282253238255
16-01-2026 11:30||NIFTY27JAN2625600CE,0.1050162696200166
16-01-2026 11:30||NIFTY27JAN2626500CE,0.100919023939398
16-01-2026 11:35||NIFTY27JAN2624500PE,0.1559334467043439
16-01-2026 11:35||NIFTY27JAN2624800PE,0.13611265678685
16-01-2026 11:35||NIFTY27JAN2625300CE,0.11755472085023
16-01-2026 11:35||NIFTY27JAN2625500CE,0.1112349101027823
16-01-2026 11:35||NIFTY27JAN2626200CE,0.0955927222450703
16-01-2026 11:40||NIFTY27JAN2624400PE,0.1637521696098756
16-01-2026 11:40||NIFTY27JAN2624500PE,0.1561678344304773
16-01-2026 11:40||NIFTY27JAN2625500CE,0.1126674403145092
16-01-2026 11:40||NIFTY27JAN2626100CE,0.0956174522788284
16-01-2026 11:45||NIFTY27JAN2624300PE,0.1691195213701448
16-01-2026 11:45||NIFTY27JAN2625000PE,0.1221880172361374
16-01-2026 11:45||NIFTY27JAN2625400CE,0.1235890063271385
16-01-2026 11:50||NIFTY27JAN2623900PE,0.1978157804345067
16-01-2026 11:50||NIFTY27JAN2624300PE,0.1688228959287552
16-01-2026 11:50||NIFTY27JAN2625500CE,0.1175333542297099
16-01-2026 11:55||NIFTY27JAN2624000PE,0.1917048786663314
16-01-2026 11:55||NIFTY27JAN2624500PE,0.156112152573893
16-01-2026 11:55||NIFTY27JAN2624800PE,0.1352468872031991
16-01-2026 11:55||NIFTY27JAN2625000PE,0.1212051356920132
16-01-2026 11:55||NIFTY27JAN2625100PE,0.1143038236892266
16-01-2026 11:55||NIFTY27JAN2626200CE,0.0937293610056615
16-01-2026 12:00||NIFTY27JAN2623900PE,0.1954135550093043
16-01-2026 12:00||NIFTY27JAN2624000PE,0.1890794600590541
16-01-2026 12:00||NIFTY27JAN2624200PE,0.1743663872117296
16-01-2026 12:00||NIFTY27JAN2624400PE,0.1592361218002394
16-01-2026 12:00||NIFTY27JAN2624800PE,0.1326142947421493
16-01-2026 12:00||NIFTY27JAN2624900PE,0.1265358794377231
16-01-2026 12:00||NIFTY27JAN2625200CE,0.137979131054429
16-01-2026 12:00||NIFTY27JAN2626200CE,0.1009083102675983
16-01-2026 12:05||NIFTY27JAN2623800PE,0.2034597817789683
16-01-2026 12:05||NIFTY27JAN2624200PE,0.175050408829209
16-01-2026 12:05||NIFTY27JAN2624500PE,0.1528694747739339
16-01-2026 12:05||NIFTY27JAN2624800PE,0.1331306312086917
16-01-2026 12:05||NIFTY27JAN2625000PE,0.1204862266042971
16-01-2026 12:05||NIFTY27JAN2625200CE,0.1463585251544531
16-01-2026 12:05||NIFTY27JAN2625900CE,0.1107878849982612
16-01-2026 12:10||NIFTY27JAN2624800PE,0.1336369287562696
16-01-2026 12:10||NIFTY27JAN2625100PE,0.1174639051013085
16-01-2026 12:10||NIFTY27JAN2625300CE,0.1425199279998128
16-01-2026 12:10||NIFTY27JAN2625800CE,0.112744147849391
16-01-2026 12:10||NIFTY27JAN2626000CE,0.1056597631603544
16-01-2026 12:10||NIFTY27JAN2626100CE,0.1029549148303134
16-01-2026 12:15||NIFTY27JAN2624000PE,0.1922712854416688
16-01-2026 12:15||NIFTY27JAN2624600PE,0.1476202655565769
16-01-2026 12:15||NIFTY27JAN2624800PE,0.1352060688753178
16-01-2026 12:15||NIFTY27JAN2624900PE,0.1284157331319447
16-01-2026 12:15||NIFTY27JAN2625000PE,0.1230673720909076
16-01-2026 12:15||NIFTY27JAN2625800CE,0.1049003104507644
16-01-2026 12:15||NIFTY27JAN2626000CE,0.0993550442939045
16-01-2026 12:20||NIFTY27JAN2623900PE,0.1974942717833887
16-01-2026 12:20||NIFTY27JAN2624300PE,0.1682392529298649
16-01-2026 12:20||NIFTY27JAN2624500PE,0.1542677268440493
16-01-2026 12:20||NIFTY27JAN2624900PE,0.1284569093048737
16-01-2026 12:20||NIFTY27JAN2625400CE,0.1264121461516097
16-01-2026 12:20||NIFTY27JAN2625600CE,0.1134360202456858
16-01-2026 12:20||NIFTY27JAN2625700CE,0.1085190729178706
16-01-2026 12:25||NIFTY27JAN2623800PE,0.2025272100721182
16-01-2026 12:25||NIFTY27JAN2624500PE,0.1557455101608212
16-01-2026 12:25||NIFTY27JAN2624700PE,0.1415618292967841
16-01-2026 12:25||NIFTY27JAN2624800PE,0.1364443467395434
16-01-2026 12:25||NIFTY27JAN2625000PE,0.1250195347941467
16-01-2026 12:25||NIFTY27JAN2625100PE,0.1061261574106584
16-01-2026 12:25||NIFTY27JAN2626400CE,0.0931252397839012
16-01-2026 12:30||NIFTY27JAN2623800PE,0.1992965179305825
16-01-2026 12:30||NIFTY27JAN2624400PE,0.1536424574782434
16-01-2026 12:30||NIFTY27JAN2624600PE,0.1399333830814847
16-01-2026 12:35||NIFTY27JAN2623800PE,0.2012973846243162
16-01-2026 12:35||NIFTY27JAN2623900PE,0.19320733814086
16-01-2026 12:35||NIFTY27JAN2624800PE,0.1308302601154571
16-01-2026 12:35||NIFTY27JAN2625600CE,0.108831397548855
16-01-2026 12:35||NIFTY27JAN2625700CE,0.1056880655307741
16-01-2026 12:35||NIFTY27JAN2625800CE,0.1037780581789448
16-01-2026 12:35||NIFTY27JAN2625900CE,0.1012441671705821
16-01-2026 12:35||NIFTY27JAN2626000CE,0.1002519183097469
16-01-2026 12:35||NIFTY27JAN2626200CE,0.0976564951282457
16-01-2026 12:40||NIFTY27JAN2623800PE,0.201468090944348
16-01-2026 12:40||NIFTY27JAN2625200CE,0.1247437947476484
16-01-2026 12:40||NIFTY27JAN2625900CE,0.0986948521115498
16-01-2026 12:45||NIFTY27JAN2624000PE,0.1845227839876425
16-01-2026 12:45||NIFTY27JAN2624800PE,0.1302328316869929
16-01-2026 12:45||NIFTY27JAN2625700CE,0.1039263863951829
16-01-2026 12:45||NIFTY27JAN2625900CE,0.1000768396979319
16-01-2026 12:45||NIFTY27JAN2626000CE,0.0994277634709991
16-01-2026 12:45||NIFTY27JAN2626300CE,0.0993170637349083
16-01-2026 12:50||NIFTY27JAN2624300PE,0.1622463281089793
16-01-2026 12:50||NIFTY27JAN2626000CE,0.1035061026860321
16-01-2026 12:50||NIFTY27JAN2626200CE,0.101683291297794
16-01-2026 12:55||NIFTY27JAN2623900PE,0.1923230884394579
16-01-2026 12:55||NIFTY27JAN2624700PE,0.1367800649539327
16-01-2026 12:55||NIFTY27JAN2624900PE,0.125228470095133
16-01-2026 12:55||NIFTY27JAN2625500CE,0.1061509762452979
16-01-2026 12:55||NIFTY27JAN2625800CE,0.0981408791031641
16-01-2026 13:00||NIFTY27JAN2623800PE,0.1985233300015523
16-01-2026 13:00||NIFTY27JAN2624700PE,0.1342269401252865
16-01-2026 13:00||NIFTY27JAN2624800PE,0.1286166809496458
16-01-2026 13:00||NIFTY27JAN2625400CE,0.1089573840013447
16-01-2026 13:00||NIFTY27JAN2625900CE,0.0980386049992556
16-01-2026 13:00||NIFTY27JAN2626000CE,0.0975777647157066
16-01-2026 13:05||NIFTY27JAN2624100PE,0.1738569519742779
16-01-2026 13:05||NIFTY27JAN2625000PE,0.1157784409186136
16-01-2026 13:05||NIFTY27JAN2625300CE,0.1275219508564848
16-01-2026 13:10||NIFTY27JAN2625200CE,0.1298066086543454
16-01-2026 13:15||NIFTY27JAN2623800PE,0.1955197034560644
16-01-2026 13:15||NIFTY27JAN2624100PE,0.172644783838948
16-01-2026 13:15||NIFTY27JAN2624600PE,0.1377344708518906
16-01-2026 13:15||NIFTY27JAN2624700PE,0.1310098125346954
16-01-2026 13:15||NIFTY27JAN2625800CE,0.1013792200148825
16-01-2026 13:15||NIFTY27JAN2626100CE,0.0981678992445413
16-01-2026 13:15||NIFTY27JAN2626200CE,0.0989657409849734
16-01-2026 13:20||NIFTY27JAN2624300PE,0.1574542640478787
16-01-2026 13:20||NIFTY27JAN2624700PE,0.130712742957387
16-01-2026 13:20||NIFTY27JAN2625100PE,0.1103011141582776
16-01-2026 13:20||NIFTY27JAN2625600CE,0.1052934579075925
16-01-2026 13:20||NIFTY27JAN2626100CE,0.0982210601302673
16-01-2026 13:25||NIFTY27JAN2623900PE,0.1840291046707836
16-01-2026 13:25||NIFTY27JAN2624300PE,0.154659985892088
16-01-2026 13:25||NIFTY27JAN2624400PE,0.1477413867933019
16-01-2026 13:25||NIFTY27JAN2625200CE,0.129975927675946
16-01-2026 13:25||NIFTY27JAN2625300CE,0.1276367056581383
16-01-2026 13:25||NIFTY27JAN2625500CE,0.1232451721183736
16-01-2026 13:25||NIFTY27JAN2625800CE,0.1086598435066997
16-01-2026 13:25||NIFTY27JAN2626400CE,0.1092858977572221
16-01-2026 13:25||NIFTY27JAN2626500CE,0.1127926648811936
16-01-2026 13:30||NIFTY27JAN2624000PE,0.1789734739916101
16-01-2026 13:30||NIFTY27JAN2624200PE,0.1630833221150693
16-01-2026 13:30||NIFTY27JAN2624400PE,0.1500443909333305
16-01-2026 13:30||NIFTY27JAN2624900PE,0.1204484268533029
16-01-2026 13:30||NIFTY27JAN2625000PE,0.1156402646279504
16-01-2026 13:30||NIFTY27JAN2625200CE,0.1297490877821343
16-01-2026 13:35||NIFTY27JAN2624400PE,0.1488877515930339
16-01-2026 13:35||NIFTY27JAN2624500PE,0.1420189799067943
16-01-2026 13:35||NIFTY27JAN2624900PE,0.1183452527047771
16-01-2026 13:35||NIFTY27JAN2625500CE,0.1175972876833939
16-01-2026 13:35||NIFTY27JAN2626100CE,0.1018315602656219
16-01-2026 13:35||NIFTY27JAN2626400CE,0.1082845422096571
16-01-2026 13:40||NIFTY27JAN2623900PE,0.1860626837256922
16-01-2026 13:40||NIFTY27JAN2624500PE,0.1438817452844893
16-01-2026 13:40||NIFTY27JAN2624700PE,0.1313907206233086
16-01-2026 13:40||NIFTY27JAN2625200CE,0.1294195544060382
16-01-2026 13:40||NIFTY27JAN2625300CE,0.1189429900884131
16-01-2026 13:40||NIFTY27JAN2625900CE,0.1003868325218087
16-01-2026 13:40||NIFTY27JAN2626000CE,0.0996749765785527
16-01-2026 13:40||NIFTY27JAN2626200CE,0.0996146857915277
16-01-2026 13:40||NIFTY27JAN2626500CE,0.1091232733294492
16-01-2026 13:45||NIFTY27JAN2623900PE,0.1865780953073936
16-01-2026 13:45||NIFTY27JAN2624100PE,0.1697029572177895
16-01-2026 13:45||NIFTY27JAN2624500PE,0.1430968108872124
16-01-2026 13:50||NIFTY27JAN2624700PE,0.1331043782399495
16-01-2026 13:50||NIFTY27JAN2625900CE,0.0953871632682857
16-01-2026 13:50||NIFTY27JAN2626000CE,0.0955559005862961
16-01-2026 13:55||NIFTY27JAN2623900PE,0.1863694124326372
16-01-2026 13:55||NIFTY27JAN2624200PE,0.163576927640372
16-01-2026 13:55||NIFTY27JAN2624300PE,0.1569646599514551
16-01-2026 13:55||NIFTY27JAN2625000PE,0.1157045025079738
16-01-2026 13:55||NIFTY27JAN2625700CE,0.1031937843252722
16-01-2026 13:55||NIFTY27JAN2626100CE,0.0992332223453053
16-01-2026 14:00||NIFTY27JAN2624500PE,0.1431052414787701
16-01-2026 14:00||NIFTY27JAN2624900PE,0.1200069704503692
16-01-2026 14:00||NIFTY27JAN2625000PE,0.1151833659513784
16-01-2026 14:00||NIFTY27JAN2625100PE,0.1115732474758606
16-01-2026 14:00||NIFTY27JAN2626000CE,0.0990096601874762
16-01-2026 14:05||NIFTY27JAN2624100PE,0.1706660930031629
16-01-2026 14:05||NIFTY27JAN2625500CE,0.1042389641600667
16-01-2026 14:05||NIFTY27JAN2625800CE,0.0977595974689297
16-01-2026 14:05||NIFTY27JAN2626100CE,0.0973701625420656
16-01-2026 14:10||NIFTY27JAN2624500PE,0.1438011750550202
16-01-2026 14:10||NIFTY27JAN2625100PE,0.1111600482082541
16-01-2026 14:10||NIFTY27JAN2625500CE,0.1095264988150771
16-01-2026 14:10||NIFTY27JAN2626400CE,0.1060613580616075
16-01-2026 14:10||NIFTY27JAN2626500CE,0.1103656981324005
16-01-2026 14:15||NIFTY27JAN2624300PE,0.1567947515034264
16-01-2026 14:15||NIFTY27JAN2624600PE,0.1362839702362159
16-01-2026 14:15||NIFTY27JAN2624900PE,0.1195443915766965
16-01-2026 14:15||NIFTY27JAN2625500CE,0.112338710483981
16-01-2026 14:20||NIFTY27JAN2624200PE,0.1646429684786647
16-01-2026 14:20||NIFTY27JAN2624800PE,0.1259672761942671
16-01-2026 14:20||NIFTY27JAN2625100PE,0.1114227057186278
16-01-2026 14:20||NIFTY27JAN2626000CE,0.0997465744234544
16-01-2026 14:20||NIFTY27JAN2626300CE,0.1029993364548363
16-01-2026 14:25||NIFTY27JAN2623900PE,0.1892878415825447
16-01-2026 14:25||NIFTY27JAN2624900PE,0.1218004245362794
16-01-2026 14:25||NIFTY27JAN2625100PE,0.1113295213475134
16-01-2026 14:25||NIFTY27JAN2625500CE,0.0987735430392447
16-01-2026 14:25||NIFTY27JAN2626500CE,0.1080630989372819
16-01-2026 14:30||NIFTY27JAN2623800PE,0.1939596185382162
16-01-2026 14:30||NIFTY27JAN2624300PE,0.1571580014394943
16-01-2026 14:30||NIFTY27JAN2626300CE,0.1033294888710476
16-01-2026 14:35||NIFTY27JAN2623800PE,0.1964807408864215
16-01-2026 14:35||NIFTY27JAN2624800PE,0.126754750742926
16-01-2026 14:35||NIFTY27JAN2624900PE,0.1207112907067979
16-01-2026 14:35||NIFTY27JAN2625000PE,0.114927804444001
16-01-2026 14:35||NIFTY27JAN2625300CE,0.1109525477716328
16-01-2026 14:35||NIFTY27JAN2625900CE,0.0962402107474427
16-01-2026 14:35||NIFTY27JAN2626100CE,0.0964309952292728
16-01-2026 14:35||NIFTY27JAN2626200CE,0.0985303792500975
16-01-2026 14:35||NIFTY27JAN2626300CE,0.1010798967729455
16-01-2026 14:35||NIFTY27JAN2626500CE,0.1075643433805367
16-01-2026 14:40||NIFTY27JAN2624200PE,0.1651038826214299
16-01-2026 14:40||NIFTY27JAN2624600PE,0.1377648173642107
16-01-2026 14:40||NIFTY27JAN2624900PE,0.1207105697224767
16-01-2026 14:40||NIFTY27JAN2625800CE,0.0996816078853747
16-01-2026 14:40||NIFTY27JAN2626500CE,0.107989832430648
16-01-2026 14:45||NIFTY27JAN2623900PE,0.1884771754651026
16-01-2026 14:45||NIFTY27JAN2624000PE,0.180960557464975
16-01-2026 14:45||NIFTY27JAN2624100PE,0.1721374307763307
16-01-2026 14:45||NIFTY27JAN2625000PE,0.1165703797595277
16-01-2026 14:45||NIFTY27JAN2625300CE,0.1118118133205763
16-01-2026 14:45||NIFTY27JAN2625600CE,0.1011144499851773
16-01-2026 14:45||NIFTY27JAN2626300CE,0.099764714712703
16-01-2026 14:45||NIFTY27JAN2626400CE,0.1026999542653668
16-01-2026 14:50||NIFTY27JAN2623900PE,0.1876035520313867
16-01-2026 14:50||NIFTY27JAN2624100PE,0.1710575322658032
16-01-2026 14:50||NIFTY27JAN2624200PE,0.163939983786564
16-01-2026 14:50||NIFTY27JAN2624300PE,0.1569634262202973
16-01-2026 14:50||NIFTY27JAN2624700PE,0.1313583839369428
16-01-2026 14:50||NIFTY27JAN2625100PE,0.114325899851455
16-01-2026 14:55||NIFTY27JAN2624200PE,0.163865383636272
16-01-2026 14:55||NIFTY27JAN2624900PE,0.120371445995961
16-01-2026 14:55||NIFTY27JAN2625200CE,0.1237364898000153
16-01-2026 14:55||NIFTY27JAN2625300CE,0.1182547289638772
16-01-2026 14:55||NIFTY27JAN2625600CE,0.1069421018778882
16-01-2026 14:55||NIFTY27JAN2625700CE,0.1042123127340306
16-01-2026 14:55||NIFTY27JAN2625800CE,0.1010512765430516
16-01-2026 15:00||NIFTY27JAN2624000PE,0.1802226082591728
16-01-2026 15:00||NIFTY27JAN2624800PE,0.1274215630414512
16-01-2026 15:00||NIFTY27JAN2624900PE,0.1217266759811982
16-01-2026 15:00||NIFTY27JAN2625500CE,0.1014233298029236
16-01-2026 15:05||NIFTY27JAN2623900PE,0.1871289126107763
16-01-2026 15:05||NIFTY27JAN2624100PE,0.1707290486411709
16-01-2026 15:05||NIFTY27JAN2624200PE,0.1635888372821327
16-01-2026 15:05||NIFTY27JAN2624600PE,0.137030512927627
16-01-2026 15:05||NIFTY27JAN2624900PE,0.1207476553902287
16-01-2026 15:05||NIFTY27JAN2626200CE,0.098296172704019
16-01-2026 15:10||NIFTY27JAN2623900PE,0.1862052442692671
16-01-2026 15:10||NIFTY27JAN2624700PE,0.1308753056000718
16-01-2026 15:10||NIFTY27JAN2624800PE,0.1260083362715848
16-01-2026 15:10||NIFTY27JAN2625100PE,0.1092050828246505
16-01-2026 15:10||NIFTY27JAN2625600CE,0.1006742670857604
16-01-2026 15:15||NIFTY27JAN2623800PE,0.1935780473073748
16-01-2026 15:15||NIFTY27JAN2624200PE,0.1629141212777393
16-01-2026 15:15||NIFTY27JAN2624400PE,0.1495401486472291
16-01-2026 15:15||NIFTY27JAN2624500PE,0.1431317148019088
16-01-2026 15:15||NIFTY27JAN2624700PE,0.1310564247851639
16-01-2026 15:15||NIFTY27JAN2624800PE,0.1260007967985005
16-01-2026 15:15||NIFTY27JAN2625000PE,0.1159448152029518
16-01-2026 15:15||NIFTY27JAN2625300CE,0.1188135090003034
16-01-2026 15:15||NIFTY27JAN2625500CE,0.1103030872865384
16-01-2026 15:15||NIFTY27JAN2626000CE,0.0990498767075954
16-01-2026 15:15||NIFTY27JAN2626100CE,0.0986140904851303
16-01-2026 15:15||NIFTY27JAN2626300CE,0.1020684735463647
16-01-2026 15:20||NIFTY27JAN2623900PE,0.1874448448720446
16-01-2026 15:20||NIFTY27JAN2624000PE,0.1799075338159476
16-01-2026 15:20||NIFTY27JAN2624200PE,0.163313849522948
16-01-2026 15:20||NIFTY27JAN2624400PE,0.1503210018143393
16-01-2026 15:20||NIFTY27JAN2624600PE,0.1370022905928523
16-01-2026 15:20||NIFTY27JAN2624800PE,0.1256466495777105
16-01-2026 15:20||NIFTY27JAN2625500CE,0.1100704361722959
16-01-2026 15:20||NIFTY27JAN2625900CE,0.0987918707769885
16-01-2026 15:20||NIFTY27JAN2626100CE,0.0980011141439022
16-01-2026 15:20||NIFTY27JAN2626400CE,0.1042480345676882
16-01-2026 15:20||NIFTY27JAN2626500CE,0.109135434555271
16-01-2026 15:25||NIFTY27JAN2626400CE,0.1029844975398295
16-01-2026 15:25||NIFTY27JAN2626500CE,0.107638518334849
19-01-2026 09:15||NIFTY27JAN2624700PE,0.137227758954767
19-01-2026 09:15||NIFTY27JAN2624900PE,0.1253298630208014
19-01-2026 09:15||NIFTY27JAN2625400CE,0.1330809922921801
19-01-2026 09:15||NIFTY27JAN2625500CE,0.1264389442084499
19-01-2026 09:15||NIFTY27JAN2625900CE,0.116148339922679
19-01-2026 09:15||NIFTY27JAN2626300CE,0.1276126901120509
19-01-2026 09:15||NIFTY27JAN2626400CE,0.1341439491521091
19-01-2026 09:20||NIFTY27JAN2624600PE,0.1469273071412194
19-01-2026 09:20||NIFTY27JAN2625700CE,0.0984215344111954
19-01-2026 09:20||NIFTY27JAN2626100CE,0.1080431539867124
19-01-2026 09:20||NIFTY27JAN2626400CE,0.1224547660681833
19-01-2026 09:25||NIFTY27JAN2624500PE,0.1525455406734147
19-01-2026 09:25||NIFTY27JAN2625500CE,0.1014991469792934
19-01-2026 09:25||NIFTY27JAN2625600CE,0.1028639490139205
19-01-2026 09:25||NIFTY27JAN2625700CE,0.1036716557257407
19-01-2026 09:25||NIFTY27JAN2626100CE,0.1114472951444827
19-01-2026 09:25||NIFTY27JAN2626200CE,0.1150880529689089
19-01-2026 09:25||NIFTY27JAN2626400CE,0.125979905413313
19-01-2026 09:30||NIFTY27JAN2623800PE,0.2073339839960703
19-01-2026 09:30||NIFTY27JAN2624000PE,0.1925007116241631
19-01-2026 09:30||NIFTY27JAN2624200PE,0.1761139064131502
19-01-2026 09:30||NIFTY27JAN2624300PE,0.1674018465230466
19-01-2026 09:30||NIFTY27JAN2624400PE,0.1587496604457351
19-01-2026 09:30||NIFTY27JAN2624800PE,0.1286600346866173
19-01-2026 09:30||NIFTY27JAN2625400CE,0.1290105594765333
19-01-2026 09:30||NIFTY27JAN2625800CE,0.1144452350824989
19-01-2026 09:30||NIFTY27JAN2626500CE,0.1376453165866572
19-01-2026 09:35||NIFTY27JAN2624500PE,0.1554754895339602
19-01-2026 09:35||NIFTY27JAN2624800PE,0.1341135371460755
19-01-2026 09:35||NIFTY27JAN2625500CE,0.0992920301089426
19-01-2026 09:35||NIFTY27JAN2625600CE,0.1003872773939516
19-01-2026 09:35||NIFTY27JAN2626200CE,0.1130239068270756
19-01-2026 09:40||NIFTY27JAN2624100PE,0.1838058183566846
19-01-2026 09:40||NIFTY27JAN2624200PE,0.1762716971520481
19-01-2026 09:40||NIFTY27JAN2624400PE,0.1588201779621178
19-01-2026 09:40||NIFTY27JAN2624500PE,0.1503989623524832
19-01-2026 09:40||NIFTY27JAN2624600PE,0.1419622705818727
19-01-2026 09:40||NIFTY27JAN2624900PE,0.1234724287645203
19-01-2026 09:40||NIFTY27JAN2625700CE,0.1093162363981609
19-01-2026 09:40||NIFTY27JAN2626200CE,0.1183423368393307
19-01-2026 09:40||NIFTY27JAN2626300CE,0.122127362178661
19-01-2026 09:40||NIFTY27JAN2626500CE,0.1337142279829036
19-01-2026 09:45||NIFTY27JAN2623900PE,0.2014859011258632
19-01-2026 09:45||NIFTY27JAN2624000PE,0.1941462940220003
19-01-2026 09:45||NIFTY27JAN2626200CE,0.1165519073775937
19-01-2026 09:50||NIFTY27JAN2623900PE,0.2009986125689569
19-01-2026 09:50||NIFTY27JAN2624700PE,0.1370124424510475
19-01-2026 09:50||NIFTY27JAN2624800PE,0.1312964224626917
19-01-2026 09:50||NIFTY27JAN2625300CE,0.0985488779185221
19-01-2026 09:50||NIFTY27JAN2625900CE,0.1044477855069701
19-01-2026 09:50||NIFTY27JAN2626200CE,0.1156158707611388
19-01-2026 09:55||NIFTY27JAN2624700PE,0.1374834003381442
19-01-2026 09:55||NIFTY27JAN2625400CE,0.1018505233736297
19-01-2026 09:55||NIFTY27JAN2625700CE,0.1021625936053975
19-01-2026 09:55||NIFTY27JAN2626400CE,0.1267695665166437
19-01-2026 10:00||NIFTY27JAN2624400PE,0.1579223611271774
19-01-2026 10:00||NIFTY27JAN2625000PE,0.1196022470116784
19-01-2026 10:00||NIFTY27JAN2625700CE,0.1055603675896706
19-01-2026 10:00||NIFTY27JAN2625900CE,0.1078093797189575
19-01-2026 10:05||NIFTY27JAN2624500PE,0.147658487545542
19-01-2026 10:05||NIFTY27JAN2624800PE,0.1274438656063489
19-01-2026 10:05||NIFTY27JAN2625200CE,0.1242994570622425
19-01-2026 10:05||NIFTY27JAN2625500CE,0.1146309518444557
19-01-2026 10:05||NIFTY27JAN2626100CE,0.1173432949927301
19-01-2026 10:05||NIFTY27JAN2626200CE,0.1227786343632895
19-01-2026 10:10||NIFTY27JAN2623800PE,0.2073432631981995
19-01-2026 10:10||NIFTY27JAN2624200PE,0.174672746047193
19-01-2026 10:10||NIFTY27JAN2624400PE,0.1576942832718507
19-01-2026 10:10||NIFTY27JAN2625100PE,0.1156881132962819
19-01-2026 10:15||NIFTY27JAN2624200PE,0.1752701556441616
19-01-2026 10:15||NIFTY27JAN2624400PE,0.1577947867927515
19-01-2026 10:15||NIFTY27JAN2624700PE,0.1350435184264023
19-01-2026 10:15||NIFTY27JAN2624800PE,0.1293188134350317
19-01-2026 10:15||NIFTY27JAN2625100PE,0.1145575310247898
19-01-2026 10:15||NIFTY27JAN2625500CE,0.1099798077408589
19-01-2026 10:15||NIFTY27JAN2625700CE,0.1082769961547706
19-01-2026 10:15||NIFTY27JAN2626200CE,0.1197100663286971
19-01-2026 10:15||NIFTY27JAN2626500CE,0.1360719663629619
19-01-2026 10:20||NIFTY27JAN2623900PE,0.2008908353066534
19-01-2026 10:20||NIFTY27JAN2624100PE,0.183517416623258
19-01-2026 10:20||NIFTY27JAN2625500CE,0.1075079135275459
19-01-2026 10:20||NIFTY27JAN2626300CE,0.1241947244168387
19-01-2026 10:25||NIFTY27JAN2625400CE,0.1028720452126295
19-01-2026 10:25||NIFTY27JAN2626100CE,0.1138511633109087
19-01-2026 10:25||NIFTY27JAN2626400CE,0.129319548064535
19-01-2026 10:25||NIFTY27JAN2626500CE,0.1354300891396486
19-01-2026 10:30||NIFTY27JAN2623800PE,0.2063938503255447
19-01-2026 10:30||NIFTY27JAN2623900PE,0.1988231696412791
19-01-2026 10:30||NIFTY27JAN2624600PE,0.1416875875952944
19-01-2026 10:30||NIFTY27JAN2624700PE,0.1354408513091326
19-01-2026 10:30||NIFTY27JAN2624800PE,0.1303179020885767
19-01-2026 10:30||NIFTY27JAN2624900PE,0.12480272052944
19-01-2026 10:30||NIFTY27JAN2626200CE,0.1204739769185686
19-01-2026 10:35||NIFTY27JAN2623800PE,0.2063919947122252
19-01-2026 10:35||NIFTY27JAN2624700PE,0.1358871105233643
19-01-2026 10:35||NIFTY27JAN2624800PE,0.1312296930573224
19-01-2026 10:35||NIFTY27JAN2625000PE,0.1218334734842452
19-01-2026 10:35||NIFTY27JAN2625200CE,0.1113861347922442
19-01-2026 10:35||NIFTY27JAN2626300CE,0.1250964747884148
19-01-2026 10:40||NIFTY27JAN2623800PE,0.2059370213403422
19-01-2026 10:40||NIFTY27JAN2623900PE,0.1984023438698264
19-01-2026 10:40||NIFTY27JAN2624000PE,0.1911019055612561
19-01-2026 10:40||NIFTY27JAN2624700PE,0.1342196771663825
19-01-2026 10:40||NIFTY27JAN2625400CE,0.1163638290438868
19-01-2026 10:40||NIFTY27JAN2625700CE,0.1116643541385809
19-01-2026 10:45||NIFTY27JAN2624000PE,0.1926756146982574
19-01-2026 10:45||NIFTY27JAN2624700PE,0.1369021527727854
19-01-2026 10:45||NIFTY27JAN2625600CE,0.1068453374836127
19-01-2026 10:45||NIFTY27JAN2626200CE,0.1188885470824996
19-01-2026 10:50||NIFTY27JAN2625100PE,0.1149682590403981
19-01-2026 10:50||NIFTY27JAN2625200CE,0.1200177439542439
19-01-2026 10:50||NIFTY27JAN2626200CE,0.1209045260571086
19-01-2026 10:55||NIFTY27JAN2624100PE,0.1830901256429363
19-01-2026 10:55||NIFTY27JAN2624200PE,0.1750965312149948
19-01-2026 10:55||NIFTY27JAN2624500PE,0.1492344138926492
19-01-2026 10:55||NIFTY27JAN2625400CE,0.120442551097874
19-01-2026 10:55||NIFTY27JAN2625500CE,0.1189216806270542
19-01-2026 10:55||NIFTY27JAN2625900CE,0.1110655769174441
19-01-2026 10:55||NIFTY27JAN2626000CE,0.113710158120564
19-01-2026 11:00||NIFTY27JAN2623900PE,0.2021136392050281
19-01-2026 11:00||NIFTY27JAN2624400PE,0.1600434073598702
19-01-2026 11:00||NIFTY27JAN2625400CE,0.1160531395497816
19-01-2026 11:00||NIFTY27JAN2625600CE,0.1105091790831736
19-01-2026 11:00||NIFTY27JAN2625700CE,0.1095248027133553
19-01-2026 11:00||NIFTY27JAN2625800CE,0.1089005643317127
19-01-2026 11:00||NIFTY27JAN2626300CE,0.1227948119711827
19-01-2026 11:00||NIFTY27JAN2626500CE,0.1330791575115383
19-01-2026 11:05||NIFTY27JAN2623800PE,0.2082337988079923
19-01-2026 11:05||NIFTY27JAN2623900PE,0.2017331018455621
19-01-2026 11:05||NIFTY27JAN2624200PE,0.1783748375470612
19-01-2026 11:05||NIFTY27JAN2624500PE,0.1552963205280431
19-01-2026 11:05||NIFTY27JAN2625000PE,0.1245746144330273
19-01-2026 11:05||NIFTY27JAN2625600CE,0.1013740172634106
19-01-2026 11:05||NIFTY27JAN2626100CE,0.1093099961705059
19-01-2026 11:10||NIFTY27JAN2624300PE,0.1680528299865167
19-01-2026 11:10||NIFTY27JAN2625800CE,0.1049662416961026
19-01-2026 11:15||NIFTY27JAN2624400PE,0.1597855504220428
19-01-2026 11:15||NIFTY27JAN2624500PE,0.1514288876136285
19-01-2026 11:15||NIFTY27JAN2624600PE,0.1437839701773203
19-01-2026 11:15||NIFTY27JAN2624700PE,0.1378850788283919
19-01-2026 11:15||NIFTY27JAN2624900PE,0.1268745326381562
19-01-2026 11:15||NIFTY27JAN2625100PE,0.1164933810153031
19-01-2026 11:20||NIFTY27JAN2623800PE,0.2063096121977884
19-01-2026 11:20||NIFTY27JAN2624200PE,0.1749725621867007
19-01-2026 11:20||NIFTY27JAN2624300PE,0.1663128271510493
19-01-2026 11:20||NIFTY27JAN2624500PE,0.1499948751934266
19-01-2026 11:20||NIFTY27JAN2624900PE,0.1247848353196199
19-01-2026 11:20||NIFTY27JAN2625400CE,0.1146980756839549
19-01-2026 11:20||NIFTY27JAN2625500CE,0.1127123964738848
19-01-2026 11:20||NIFTY27JAN2625600CE,0.1103188466043122
19-01-2026 11:20||NIFTY27JAN2625700CE,0.109510681225411
19-01-2026 11:20||NIFTY27JAN2626200CE,0.1204203386886905
19-01-2026 11:20||NIFTY27JAN2626300CE,0.1253269536127843
19-01-2026 11:20||NIFTY27JAN2626500CE,0.1369657293255534
19-01-2026 11:25||NIFTY27JAN2624900PE,0.1245685452004163
19-01-2026 11:25||NIFTY27JAN2625300CE,0.1179975047933483
19-01-2026 11:25||NIFTY27JAN2625400CE,0.1149244971532702
19-01-2026 11:30||NIFTY27JAN2624100PE,0.1831635356379305
19-01-2026 11:30||NIFTY27JAN2624600PE,0.1427067255892446
19-01-2026 11:30||NIFTY27JAN2624900PE,0.1249239850689818
19-01-2026 11:30||NIFTY27JAN2625000PE,0.1197793463644477
19-01-2026 11:30||NIFTY27JAN2625500CE,0.1118086553154408
19-01-2026 11:30||NIFTY27JAN2625700CE,0.1087131888383992
19-01-2026 11:30||NIFTY27JAN2626500CE,0.1364079888503027
19-01-2026 11:35||NIFTY27JAN2623900PE,0.1989715547370204
19-01-2026 11:35||NIFTY27JAN2624600PE,0.1422014092074444
19-01-2026 11:35||NIFTY27JAN2625800CE,0.1095517044238034
19-01-2026 11:35||NIFTY27JAN2626000CE,0.1134164229423331
19-01-2026 11:35||NIFTY27JAN2626200CE,0.1202537774131302
19-01-2026 11:35||NIFTY27JAN2626300CE,0.124661959420208
19-01-2026 11:35||NIFTY27JAN2626400CE,0.129291759776653
19-01-2026 11:35||NIFTY27JAN2626500CE,0.1351541894645993
19-01-2026 11:40||NIFTY27JAN2623800PE,0.2066622945154589
19-01-2026 11:40||NIFTY27JAN2624100PE,0.1851041847275542
19-01-2026 11:40||NIFTY27JAN2624200PE,0.1770678482361692
19-01-2026 11:40||NIFTY27JAN2624400PE,0.1602525049803188
19-01-2026 11:40||NIFTY27JAN2624500PE,0.1517693461127033
19-01-2026 11:40||NIFTY27JAN2625100PE,0.1174727924891174
19-01-2026 11:45||NIFTY27JAN2624300PE,0.1690583785271791
19-01-2026 11:45||NIFTY27JAN2625400CE,0.1123663188579297
19-01-2026 11:50||NIFTY27JAN2624600PE,0.1445092943171131
19-01-2026 11:50||NIFTY27JAN2625200CE,0.1175848574339878
19-01-2026 11:50||NIFTY27JAN2626300CE,0.1227053224184041
19-01-2026 11:55||NIFTY27JAN2623800PE,0.2079732884040638
19-01-2026 11:55||NIFTY27JAN2624300PE,0.1692282685850653
19-01-2026 11:55||NIFTY27JAN2624500PE,0.1529309375858094
19-01-2026 11:55||NIFTY27JAN2624600PE,0.1456139242374541
19-01-2026 11:55||NIFTY27JAN2624700PE,0.1388332873550193
19-01-2026 11:55||NIFTY27JAN2625900CE,0.1042394379850764
19-01-2026 11:55||NIFTY27JAN2626200CE,0.1164862870819635
19-01-2026 12:00||NIFTY27JAN2624200PE,0.1759398582405195
19-01-2026 12:00||NIFTY27JAN2624300PE,0.1680493031525518
19-01-2026 12:00||NIFTY27JAN2624400PE,0.1596816127418822
19-01-2026 12:00||NIFTY27JAN2624500PE,0.1514252607728638
19-01-2026 12:00||NIFTY27JAN2624700PE,0.1376521187283557
19-01-2026 12:00||NIFTY27JAN2625000PE,0.1212480563740335
19-01-2026 12:00||NIFTY27JAN2626100CE,0.1140546392388672
19-01-2026 12:00||NIFTY27JAN2626500CE,0.1357148531289999
19-01-2026 12:05||NIFTY27JAN2623900PE,0.1998115815127087
19-01-2026 12:05||NIFTY27JAN2624400PE,0.1604326460525094
19-01-2026 12:05||NIFTY27JAN2624500PE,0.1518486130968643
19-01-2026 12:05||NIFTY27JAN2625200CE,0.1199145079811795
19-01-2026 12:05||NIFTY27JAN2625400CE,0.1103077593300903
19-01-2026 12:05||NIFTY27JAN2625500CE,0.1084312624801717
19-01-2026 12:05||NIFTY27JAN2625700CE,0.1043934142005798
19-01-2026 12:05||NIFTY27JAN2626100CE,0.1148156602913101
19-01-2026 12:05||NIFTY27JAN2626200CE,0.1195061571437531
19-01-2026 12:05||NIFTY27JAN2626400CE,0.1285631801923957
19-01-2026 12:05||NIFTY27JAN2626500CE,0.1343490092542719
19-01-2026 12:10||NIFTY27JAN2623900PE,0.1998336068826359
19-01-2026 12:10||NIFTY27JAN2625600CE,0.1090617116524175
19-01-2026 12:10||NIFTY27JAN2626400CE,0.1298271209100892
19-01-2026 12:15||NIFTY27JAN2623900PE,0.2005422083529102
19-01-2026 12:15||NIFTY27JAN2624100PE,0.1838389598892368
19-01-2026 12:15||NIFTY27JAN2624300PE,0.1685874932487047
19-01-2026 12:20||NIFTY27JAN2623800PE,0.2093105680003907
19-01-2026 12:20||NIFTY27JAN2624400PE,0.1619438032220147
19-01-2026 12:20||NIFTY27JAN2625100PE,0.1169560439615003
19-01-2026 12:20||NIFTY27JAN2625300CE,0.1083253839932253
19-01-2026 12:20||NIFTY27JAN2626200CE,0.1159911527844236
19-01-2026 12:25||NIFTY27JAN2623800PE,0.2082669444866717
19-01-2026 12:25||NIFTY27JAN2625700CE,0.1050973198242181
19-01-2026 12:25||NIFTY27JAN2626500CE,0.1353429781774302
19-01-2026 12:30||NIFTY27JAN2623900PE,0.2007148954789895
19-01-2026 12:30||NIFTY27JAN2624300PE,0.1689979748574931
19-01-2026 12:30||NIFTY27JAN2624500PE,0.1517820362711313
19-01-2026 12:30||NIFTY27JAN2625000PE,0.120915287326037
19-01-2026 12:30||NIFTY27JAN2625400CE,0.1081977895754676
19-01-2026 12:30||NIFTY27JAN2626500CE,0.1352820393609521
19-01-2026 12:35||NIFTY27JAN2624100PE,0.1847059184397552
19-01-2026 12:35||NIFTY27JAN2624200PE,0.1775141484399369
19-01-2026 12:35||NIFTY27JAN2624400PE,0.160645530841582
19-01-2026 12:35||NIFTY27JAN2624700PE,0.1375213004226696
19-01-2026 12:35||NIFTY27JAN2625000PE,0.1213011782684551
19-01-2026 12:35||NIFTY27JAN2625300CE,0.1111425377304801
19-01-2026 12:40||NIFTY27JAN2623800PE,0.2068974986319077
19-01-2026 12:40||NIFTY27JAN2625700CE,0.1090417034131092
19-01-2026 12:40||NIFTY27JAN2625800CE,0.108168026835933
19-01-2026 12:40||NIFTY27JAN2626400CE,0.1306497392490348
19-01-2026 12:45||NIFTY27JAN2626000CE,0.1103984538211957
19-01-2026 12:45||NIFTY27JAN2626100CE,0.1138837560443286
19-01-2026 12:45||NIFTY27JAN2626400CE,0.1287226579154491
19-01-2026 12:50||NIFTY27JAN2623800PE,0.2070481715854688
19-01-2026 12:50||NIFTY27JAN2624200PE,0.1757263612882567
19-01-2026 12:50||NIFTY27JAN2625900CE,0.1096020444228327
19-01-2026 12:50||NIFTY27JAN2626500CE,0.1369583823162617
19-01-2026 12:55||NIFTY27JAN2623900PE,0.2022162356820319
19-01-2026 12:55||NIFTY27JAN2624100PE,0.186497454160673
19-01-2026 12:55||NIFTY27JAN2624300PE,0.1714285384392836
19-01-2026 12:55||NIFTY27JAN2624400PE,0.1623778411619205
19-01-2026 12:55||NIFTY27JAN2624500PE,0.1528150934941604
19-01-2026 12:55||NIFTY27JAN2624700PE,0.1383627844478377
19-01-2026 12:55||NIFTY27JAN2625100PE,0.1180079530341897
19-01-2026 12:55||NIFTY27JAN2625700CE,0.1057218912167235
19-01-2026 12:55||NIFTY27JAN2626000CE,0.1088220715689563
19-01-2026 13:00||NIFTY27JAN2623900PE,0.2048819936475196
19-01-2026 13:00||NIFTY27JAN2624000PE,0.1968722273784073
19-01-2026 13:00||NIFTY27JAN2624400PE,0.1628419851057018
19-01-2026 13:00||NIFTY27JAN2624700PE,0.1390692738450325
19-01-2026 13:00||NIFTY27JAN2625400CE,0.1086136454607537
19-01-2026 13:00||NIFTY27JAN2625600CE,0.1050109238463229
19-01-2026 13:00||NIFTY27JAN2625900CE,0.1059303455543656
19-01-2026 13:00||NIFTY27JAN2626200CE,0.1164718050240118
19-01-2026 13:00||NIFTY27JAN2626500CE,0.1329975995129752
19-01-2026 13:05||NIFTY27JAN2624600PE,0.1473002112429133
19-01-2026 13:05||NIFTY27JAN2625100PE,0.1169781165970026
19-01-2026 13:05||NIFTY27JAN2625700CE,0.1034928691975117
19-01-2026 13:10||NIFTY27JAN2623800PE,0.21231597127011
19-01-2026 13:10||NIFTY27JAN2623900PE,0.2057965703451984
19-01-2026 13:10||NIFTY27JAN2624400PE,0.1622528308735658
19-01-2026 13:10||NIFTY27JAN2624500PE,0.1540131691438419
19-01-2026 13:10||NIFTY27JAN2624600PE,0.1461752285359159
19-01-2026 13:10||NIFTY27JAN2626200CE,0.1154664129911866
19-01-2026 13:10||NIFTY27JAN2626300CE,0.1193480432722441
19-01-2026 13:15||NIFTY27JAN2625800CE,0.1067686407415142
19-01-2026 13:20||NIFTY27JAN2624400PE,0.1624271375952058
19-01-2026 13:20||NIFTY27JAN2624800PE,0.1320182758254785
19-01-2026 13:20||NIFTY27JAN2624900PE,0.1257033507520305
19-01-2026 13:20||NIFTY27JAN2625000PE,0.1205651891829666
19-01-2026 13:20||NIFTY27JAN2625200CE,0.1162041797263189
19-01-2026 13:20||NIFTY27JAN2625400CE,0.1069458540664076
19-01-2026 13:25||NIFTY27JAN2623900PE,0.2043467401055131
19-01-2026 13:25||NIFTY27JAN2625000PE,0.1193959479599057
19-01-2026 13:25||NIFTY27JAN2625300CE,0.1123758777043844
19-01-2026 13:25||NIFTY27JAN2625400CE,0.1099259600633733
19-01-2026 13:25||NIFTY27JAN2625900CE,0.1058281469206755
19-01-2026 13:25||NIFTY27JAN2626200CE,0.1179947777526505
19-01-2026 13:25||NIFTY27JAN2626500CE,0.1337092853068451
19-01-2026 13:30||NIFTY27JAN2624300PE,0.1708699257091432
19-01-2026 13:30||NIFTY27JAN2624900PE,0.1247155757553728
19-01-2026 13:30||NIFTY27JAN2625100PE,0.1162343732458597
19-01-2026 13:30||NIFTY27JAN2625800CE,0.1066259392700657
19-01-2026 13:30||NIFTY27JAN2626100CE,0.1132703560150634
19-01-2026 13:30||NIFTY27JAN2626300CE,0.1230635824551113
19-01-2026 13:30||NIFTY27JAN2626500CE,0.133573994760747
19-01-2026 13:35||NIFTY27JAN2624400PE,0.163143625039859
19-01-2026 13:35||NIFTY27JAN2624900PE,0.1270603911598389
19-01-2026 13:35||NIFTY27JAN2626200CE,0.1159430179119039
19-01-2026 13:35||NIFTY27JAN2626400CE,0.1264017535987087
19-01-2026 13:40||NIFTY27JAN2624800PE,0.1347513037452855
19-01-2026 13:40||NIFTY27JAN2625300CE,0.1064504488163107
19-01-2026 13:40||NIFTY27JAN2625400CE,0.1059909796261081
19-01-2026 13:40||NIFTY27JAN2625600CE,0.1013789146751841
19-01-2026 13:40||NIFTY27JAN2625800CE,0.1010201230858078
19-01-2026 13:40||NIFTY27JAN2625900CE,0.1018107180583283
19-01-2026 13:45||NIFTY27JAN2624300PE,0.1701704633147387
19-01-2026 13:45||NIFTY27JAN2624700PE,0.1360565499846299
19-01-2026 13:45||NIFTY27JAN2625100PE,0.1212941754818041
19-01-2026 13:45||NIFTY27JAN2625500CE,0.1199347427145311
19-01-2026 13:45||NIFTY27JAN2626500CE,0.133762078118756
19-01-2026 13:50||NIFTY27JAN2623900PE,0.2059170162447761
19-01-2026 13:50||NIFTY27JAN2624200PE,0.1816754943155883
19-01-2026 13:50||NIFTY27JAN2625100PE,0.1169293347550872
19-01-2026 13:50||NIFTY27JAN2625400CE,0.1159687482928867
19-01-2026 13:50||NIFTY27JAN2625700CE,0.1070213785622077
19-01-2026 13:50||NIFTY27JAN2626200CE,0.1135850784977634
19-01-2026 13:55||NIFTY27JAN2624500PE,0.1581320934966176
19-01-2026 13:55||NIFTY27JAN2624600PE,0.1501373302926313
19-01-2026 13:55||NIFTY27JAN2625600CE,0.1041143563364806
19-01-2026 13:55||NIFTY27JAN2625700CE,0.1017891530797587
19-01-2026 13:55||NIFTY27JAN2625800CE,0.1005188475074627
19-01-2026 13:55||NIFTY27JAN2625900CE,0.1014654425108508
19-01-2026 13:55||NIFTY27JAN2626200CE,0.1106051273502513
19-01-2026 14:00||NIFTY27JAN2624100PE,0.193205055782265
19-01-2026 14:00||NIFTY27JAN2624600PE,0.150339590120795
19-01-2026 14:00||NIFTY27JAN2625300CE,0.1191151674441987
19-01-2026 14:00||NIFTY27JAN2625800CE,0.1054898810914363
19-01-2026 14:00||NIFTY27JAN2625900CE,0.1050578439519792
19-01-2026 14:00||NIFTY27JAN2626100CE,0.1093749054511015
19-01-2026 14:05||NIFTY27JAN2623800PE,0.2191248646767139
19-01-2026 14:05||NIFTY27JAN2624200PE,0.1886008418419454
19-01-2026 14:05||NIFTY27JAN2624500PE,0.1608889657569806
19-01-2026 14:05||NIFTY27JAN2625000PE,0.1240751703994562
19-01-2026 14:05||NIFTY27JAN2625400CE,0.1075756546577124
19-01-2026 14:05||NIFTY27JAN2626500CE,0.1243784502334879
19-01-2026 14:10||NIFTY27JAN2624400PE,0.1694492238192088
19-01-2026 14:10||NIFTY27JAN2624500PE,0.1606197265644682
19-01-2026 14:10||NIFTY27JAN2625100PE,0.1185789846617109
19-01-2026 14:10||NIFTY27JAN2625200CE,0.1108977372131282
19-01-2026 14:10||NIFTY27JAN2626100CE,0.1026629924957174
19-01-2026 14:15||NIFTY27JAN2623800PE,0.216818435002352
19-01-2026 14:15||NIFTY27JAN2624100PE,0.1926822963699061
19-01-2026 14:15||NIFTY27JAN2624200PE,0.1849917585570267
19-01-2026 14:15||NIFTY27JAN2624500PE,0.1584853597391779
19-01-2026 14:15||NIFTY27JAN2624700PE,0.1404843154548336
19-01-2026 14:15||NIFTY27JAN2624800PE,0.1342354601503814
19-01-2026 14:15||NIFTY27JAN2625100PE,0.1172210698088257
19-01-2026 14:15||NIFTY27JAN2626400CE,0.1219894640493815
19-01-2026 14:20||NIFTY27JAN2624200PE,0.186265582592374
19-01-2026 14:20||NIFTY27JAN2624500PE,0.1595005221456179
19-01-2026 14:20||NIFTY27JAN2625800CE,0.1007803568677422
19-01-2026 14:20||NIFTY27JAN2626000CE,0.1040620632009064
19-01-2026 14:25||NIFTY27JAN2624000PE,0.2019571791042748
19-01-2026 14:25||NIFTY27JAN2625100PE,0.1165684919292116
19-01-2026 14:25||NIFTY27JAN2625700CE,0.0996391437759902
19-01-2026 14:25||NIFTY27JAN2625900CE,0.0992655047845617
19-01-2026 14:25||NIFTY27JAN2626000CE,0.1018031761285484
19-01-2026 14:25||NIFTY27JAN2626500CE,0.1240452092139439
19-01-2026 14:30||NIFTY27JAN2624100PE,0.1924532058073484
19-01-2026 14:30||NIFTY27JAN2624300PE,0.1764804352717435
19-01-2026 14:30||NIFTY27JAN2624700PE,0.142901448211736
19-01-2026 14:30||NIFTY27JAN2624800PE,0.1365208117972069
19-01-2026 14:30||NIFTY27JAN2625000PE,0.1239204416049525
19-01-2026 14:35||NIFTY27JAN2623800PE,0.2162308684314025
19-01-2026 14:35||NIFTY27JAN2624300PE,0.1758062685736352
19-01-2026 14:35||NIFTY27JAN2625000PE,0.1233610635860947
19-01-2026 14:35||NIFTY27JAN2625800CE,0.1025664634614483
19-01-2026 14:35||NIFTY27JAN2626100CE,0.1065575590345183
19-01-2026 14:35||NIFTY27JAN2626300CE,0.1162050757416849
19-01-2026 14:35||NIFTY27JAN2626400CE,0.1210006999210059
19-01-2026 14:40||NIFTY27JAN2624000PE,0.2028628828498806
19-01-2026 14:40||NIFTY27JAN2624300PE,0.1773099359448229
19-01-2026 14:40||NIFTY27JAN2624700PE,0.1440296117988272
19-01-2026 14:40||NIFTY27JAN2625200CE,0.1094917637422002
19-01-2026 14:45||NIFTY27JAN2623900PE,0.2105014303961715
19-01-2026 14:45||NIFTY27JAN2624100PE,0.193803987717301
19-01-2026 14:45||NIFTY27JAN2624400PE,0.169090179366435
19-01-2026 14:45||NIFTY27JAN2624600PE,0.1522844122540328
19-01-2026 14:45||NIFTY27JAN2624800PE,0.1378152649559463
19-01-2026 14:45||NIFTY27JAN2625800CE,0.0998981182218204
19-01-2026 14:45||NIFTY27JAN2626000CE,0.1018951883839479
19-01-2026 14:50||NIFTY27JAN2624000PE,0.2049034072267592
19-01-2026 14:50||NIFTY27JAN2624200PE,0.1878636246407686
19-01-2026 14:50||NIFTY27JAN2624500PE,0.1611879643888754
19-01-2026 14:50||NIFTY27JAN2625100PE,0.1197109522142452
19-01-2026 14:50||NIFTY27JAN2625700CE,0.1016830744734168
19-01-2026 14:55||NIFTY27JAN2623800PE,0.2209434921253007
19-01-2026 14:55||NIFTY27JAN2624400PE,0.1710091837153421
19-01-2026 14:55||NIFTY27JAN2625300CE,0.1063683195338069
19-01-2026 14:55||NIFTY27JAN2625400CE,0.1041999571084396
19-01-2026 14:55||NIFTY27JAN2626000CE,0.1012124813546016
19-01-2026 14:55||NIFTY27JAN2626100CE,0.1029349278391068
19-01-2026 15:00||NIFTY27JAN2624300PE,0.1810657153683686
19-01-2026 15:00||NIFTY27JAN2625000PE,0.129129346315872
19-01-2026 15:00||NIFTY27JAN2625600CE,0.0913996359958773
19-01-2026 15:00||NIFTY27JAN2626000CE,0.0959956815558152
19-01-2026 15:00||NIFTY27JAN2626300CE,0.1075872612134171
19-01-2026 15:05||NIFTY27JAN2623900PE,0.2092803435681276
19-01-2026 15:05||NIFTY27JAN2625700CE,0.0950891613344996
19-01-2026 15:05||NIFTY27JAN2626000CE,0.0975929783949151
19-01-2026 15:05||NIFTY27JAN2626400CE,0.1162591919656817
19-01-2026 15:10||NIFTY27JAN2624100PE,0.1927900392413767
19-01-2026 15:10||NIFTY27JAN2624300PE,0.1765744619035295
19-01-2026 15:10||NIFTY27JAN2624800PE,0.1385183911684213
19-01-2026 15:10||NIFTY27JAN2625800CE,0.0955472508383573
19-01-2026 15:10||NIFTY27JAN2626100CE,0.1027845834992256
19-01-2026 15:15||NIFTY27JAN2624200PE,0.1855975394136448
19-01-2026 15:15||NIFTY27JAN2624400PE,0.1681606828603396
19-01-2026 15:15||NIFTY27JAN2624500PE,0.1595203525290994
19-01-2026 15:15||NIFTY27JAN2624600PE,0.1521826180651778
19-01-2026 15:15||NIFTY27JAN2624700PE,0.144580655523369
19-01-2026 15:15||NIFTY27JAN2625300CE,0.0908224340213669
19-01-2026 15:15||NIFTY27JAN2625400CE,0.0928410191312505
19-01-2026 15:15||NIFTY27JAN2626200CE,0.1046907260953144
19-01-2026 15:20||NIFTY27JAN2624500PE,0.157162544045714
19-01-2026 15:20||NIFTY27JAN2625200CE,0.0928714270106337
19-01-2026 15:20||NIFTY27JAN2625800CE,0.0957288599016268
19-01-2026 15:20||NIFTY27JAN2626400CE,0.1214035080701122
19-01-2026 15:20||NIFTY27JAN2626500CE,0.1289004998078844
19-01-2026 15:25||NIFTY27JAN2624300PE,0.1733444764738722
19-01-2026 15:25||NIFTY27JAN2624400PE,0.1657337998494933
19-01-2026 15:25||NIFTY27JAN2624700PE,0.1425222703841059
19-01-2026 15:25||NIFTY27JAN2625800CE,0.0945716991130832
19-01-2026 15:25||NIFTY27JAN2626300CE,0.1144236329682053
20-01-2026 09:15||NIFTY27JAN2623900PE,0.2085559888322064
20-01-2026 09:15||NIFTY27JAN2624000PE,0.2002002868902658
20-01-2026 09:15||NIFTY27JAN2624100PE,0.1904048674060456
20-01-2026 09:15||NIFTY27JAN2624400PE,0.1669119416754751
20-01-2026 09:15||NIFTY27JAN2624600PE,0.151234139621924
20-01-2026 09:15||NIFTY27JAN2625200CE,0.101195667872755
20-01-2026 09:15||NIFTY27JAN2625500CE,0.104414317257395
20-01-2026 09:15||NIFTY27JAN2626200CE,0.1130948579622158
20-01-2026 09:15||NIFTY27JAN2626300CE,0.1193975437914134
20-01-2026 09:15||NIFTY27JAN2626400CE,0.1256429607660255
20-01-2026 09:20||NIFTY27JAN2623800PE,0.2146055893840913
20-01-2026 09:20||NIFTY27JAN2624000PE,0.1989122561432484
20-01-2026 09:20||NIFTY27JAN2624700PE,0.1443097976697029
20-01-2026 09:20||NIFTY27JAN2625200CE,0.0904258574812537
20-01-2026 09:20||NIFTY27JAN2625400CE,0.0929532003194413
20-01-2026 09:20||NIFTY27JAN2625500CE,0.0929762520059846
20-01-2026 09:20||NIFTY27JAN2625800CE,0.0969057592753493
20-01-2026 09:20||NIFTY27JAN2626300CE,0.1192639570281997
20-01-2026 09:20||NIFTY27JAN2626500CE,0.132072993739357
20-01-2026 09:25||NIFTY27JAN2623900PE,0.2033178559225665
20-01-2026 09:25||NIFTY27JAN2625000PE,0.1248194443119093
20-01-2026 09:25||NIFTY27JAN2625400CE,0.1048539994471623
20-01-2026 09:30||NIFTY27JAN2623900PE,0.2031986596303684
20-01-2026 09:30||NIFTY27JAN2624400PE,0.1605658837268586
20-01-2026 09:30||NIFTY27JAN2624800PE,0.1325750947917005
20-01-2026 09:30||NIFTY27JAN2625700CE,0.1077416161769846
20-01-2026 09:30||NIFTY27JAN2626100CE,0.1162644436814668
20-01-2026 09:30||NIFTY27JAN2626300CE,0.1290485038190167
20-01-2026 09:35||NIFTY27JAN2624500PE,0.1533194517030751
20-01-2026 09:35||NIFTY27JAN2625200CE,0.1158056920786682
20-01-2026 09:35||NIFTY27JAN2625700CE,0.1052341575401434
20-01-2026 09:35||NIFTY27JAN2625800CE,0.1068380930948082
20-01-2026 09:35||NIFTY27JAN2626200CE,0.123004646533497
20-01-2026 09:40||NIFTY27JAN2623800PE,0.2138719344451576
20-01-2026 09:40||NIFTY27JAN2624100PE,0.1866259530419718
20-01-2026 09:40||NIFTY27JAN2625000PE,0.1215115506558158
20-01-2026 09:40||NIFTY27JAN2625900CE,0.1129545593391449
20-01-2026 09:40||NIFTY27JAN2626100CE,0.1203987058099371
20-01-2026 09:40||NIFTY27JAN2626200CE,0.1266273931521978
20-01-2026 09:40||NIFTY27JAN2626400CE,0.1403749542570417
20-01-2026 09:45||NIFTY27JAN2624800PE,0.1338497596531534
20-01-2026 09:45||NIFTY27JAN2625500CE,0.1107431725275936
20-01-2026 09:45||NIFTY27JAN2626200CE,0.1275093568828347
20-01-2026 09:45||NIFTY27JAN2626300CE,0.1333717805697918
20-01-2026 09:50||NIFTY27JAN2624100PE,0.1880725127010984
20-01-2026 09:50||NIFTY27JAN2624800PE,0.1355004179004092
20-01-2026 09:50||NIFTY27JAN2625100PE,0.1208231987493585
20-01-2026 09:50||NIFTY27JAN2625200CE,0.1153095515561899
20-01-2026 09:55||NIFTY27JAN2623900PE,0.2043012193124801
20-01-2026 09:55||NIFTY27JAN2624100PE,0.1856331413116197
20-01-2026 09:55||NIFTY27JAN2625000PE,0.1229237370720488
20-01-2026 10:00||NIFTY27JAN2623900PE,0.2063090829527977
20-01-2026 10:00||NIFTY27JAN2624600PE,0.1449434580653358
20-01-2026 10:00||NIFTY27JAN2624700PE,0.1374697128788457
20-01-2026 10:00||NIFTY27JAN2625200CE,0.1200313319115003
20-01-2026 10:00||NIFTY27JAN2625400CE,0.1162756133754533
20-01-2026 10:00||NIFTY27JAN2625700CE,0.1110942814443801
20-01-2026 10:00||NIFTY27JAN2626000CE,0.1169006004602288
20-01-2026 10:00||NIFTY27JAN2626200CE,0.1265606840791604
20-01-2026 10:05||NIFTY27JAN2626100CE,0.1197706084244388
20-01-2026 10:05||NIFTY27JAN2626200CE,0.1254863226952224
20-01-2026 10:05||NIFTY27JAN2626500CE,0.145848353712077
20-01-2026 10:10||NIFTY27JAN2624900PE,0.1286310497011484
20-01-2026 10:10||NIFTY27JAN2625100PE,0.1187962777750117
20-01-2026 10:10||NIFTY27JAN2626500CE,0.1428678763102217
20-01-2026 10:15||NIFTY27JAN2624000PE,0.1955396984061663
20-01-2026 10:15||NIFTY27JAN2625800CE,0.1114541239861204
20-01-2026 10:15||NIFTY27JAN2626300CE,0.1311445806701656
20-01-2026 10:20||NIFTY27JAN2624100PE,0.1877203140895861
20-01-2026 10:20||NIFTY27JAN2625700CE,0.1054161205088246
20-01-2026 10:20||NIFTY27JAN2626000CE,0.1119134349735887
20-01-2026 10:25||NIFTY27JAN2623800PE,0.2155712536185791
20-01-2026 10:25||NIFTY27JAN2624700PE,0.1392110256200175
20-01-2026 10:25||NIFTY27JAN2625000PE,0.1232193881328242
20-01-2026 10:25||NIFTY27JAN2625800CE,0.1049180062899613
20-01-2026 10:25||NIFTY27JAN2626200CE,0.1197539784027212
20-01-2026 10:25||NIFTY27JAN2626400CE,0.133166080634016
20-01-2026 10:30||NIFTY27JAN2623900PE,0.2057121326364855
20-01-2026 10:30||NIFTY27JAN2624000PE,0.1971083354900158
20-01-2026 10:30||NIFTY27JAN2624300PE,0.1707683551638636
20-01-2026 10:30||NIFTY27JAN2624600PE,0.1453106143251957
20-01-2026 10:30||NIFTY27JAN2625500CE,0.107943082312145
20-01-2026 10:30||NIFTY27JAN2625700CE,0.1065338067396963
20-01-2026 10:30||NIFTY27JAN2625800CE,0.1071828153869077
20-01-2026 10:35||NIFTY27JAN2624300PE,0.1689337284130811
20-01-2026 10:35||NIFTY27JAN2624700PE,0.1367058674277961
20-01-2026 10:35||NIFTY27JAN2625200CE,0.1239758407048991
20-01-2026 10:35||NIFTY27JAN2625400CE,0.1196245046970011
20-01-2026 10:35||NIFTY27JAN2625900CE,0.1118618157660904
20-01-2026 10:40||NIFTY27JAN2624000PE,0.1975371295077589
20-01-2026 10:40||NIFTY27JAN2624300PE,0.1716745082438754
20-01-2026 10:40||NIFTY27JAN2625800CE,0.104127276634306
20-01-2026 10:40||NIFTY27JAN2626000CE,0.1103092089581197
20-01-2026 10:45||NIFTY27JAN2624900PE,0.1254131059192848
20-01-2026 10:45||NIFTY27JAN2625900CE,0.1085443504588362
20-01-2026 10:45||NIFTY27JAN2626200CE,0.1211783580455039
20-01-2026 10:45||NIFTY27JAN2626400CE,0.133277573358192
20-01-2026 10:50||NIFTY27JAN2623800PE,0.216298721204549
20-01-2026 10:50||NIFTY27JAN2624100PE,0.1890453739774353
20-01-2026 10:50||NIFTY27JAN2625300CE,0.1068923838700983
20-01-2026 10:50||NIFTY27JAN2626200CE,0.1206324791279402
20-01-2026 10:55||NIFTY27JAN2624200PE,0.1790152113035159
20-01-2026 10:55||NIFTY27JAN2624500PE,0.1529252173657892
20-01-2026 10:55||NIFTY27JAN2624600PE,0.1447367545992357
20-01-2026 10:55||NIFTY27JAN2624700PE,0.1380623718868529
20-01-2026 10:55||NIFTY27JAN2624800PE,0.1322008901077085
20-01-2026 10:55||NIFTY27JAN2625300CE,0.1102184163772266
20-01-2026 10:55||NIFTY27JAN2625400CE,0.1082778494045315
20-01-2026 10:55||NIFTY27JAN2625900CE,0.1089904758445005
20-01-2026 10:55||NIFTY27JAN2626400CE,0.134583008578041
20-01-2026 11:00||NIFTY27JAN2623800PE,0.2136133915830573
20-01-2026 11:00||NIFTY27JAN2624000PE,0.1969580950287015
20-01-2026 11:00||NIFTY27JAN2624400PE,0.1605447080694537
20-01-2026 11:00||NIFTY27JAN2625300CE,0.1090463086573349
20-01-2026 11:05||NIFTY27JAN2623800PE,0.2141961550320015
20-01-2026 11:05||NIFTY27JAN2624400PE,0.1591319110880841
20-01-2026 11:05||NIFTY27JAN2624500PE,0.1506963887631422
20-01-2026 11:05||NIFTY27JAN2625400CE,0.1073999643068843
20-01-2026 11:05||NIFTY27JAN2625500CE,0.1067281374453589
20-01-2026 11:05||NIFTY27JAN2625800CE,0.1063124646238353
20-01-2026 11:05||NIFTY27JAN2626300CE,0.1297009334415338
20-01-2026 11:10||NIFTY27JAN2624500PE,0.149987478390259
20-01-2026 11:10||NIFTY27JAN2624900PE,0.1241381652261448
20-01-2026 11:10||NIFTY27JAN2625200CE,0.1118343213723618
20-01-2026 11:10||NIFTY27JAN2625600CE,0.1059982392853796
20-01-2026 11:15||NIFTY27JAN2623800PE,0.212417180652885
20-01-2026 11:15||NIFTY27JAN2624300PE,0.1662817505805172
20-01-2026 11:15||NIFTY27JAN2624700PE,0.134691907519814
20-01-2026 11:15||NIFTY27JAN2625000PE,0.1198780028785962
20-01-2026 11:15||NIFTY27JAN2625300CE,0.1154325761559186
20-01-2026 11:15||NIFTY27JAN2625600CE,0.1068420406168612
20-01-2026 11:20||NIFTY27JAN2624500PE,0.1491764231582161
20-01-2026 11:20||NIFTY27JAN2625700CE,0.1066833161069764
20-01-2026 11:20||NIFTY27JAN2626200CE,0.1231417325510806
20-01-2026 11:25||NIFTY27JAN2624000PE,0.1933225500429223
20-01-2026 11:25||NIFTY27JAN2624300PE,0.16547909612113
20-01-2026 11:25||NIFTY27JAN2624900PE,0.1212152165452265
20-01-2026 11:25||NIFTY27JAN2625200CE,0.1193730898513821
20-01-2026 11:25||NIFTY27JAN2625300CE,0.1158164559807842
20-01-2026 11:25||NIFTY27JAN2625700CE,0.1094991665083922
20-01-2026 11:25||NIFTY27JAN2626100CE,0.1185635896910444
20-01-2026 11:30||NIFTY27JAN2623900PE,0.203713316289006
20-01-2026 11:30||NIFTY27JAN2624200PE,0.177044199801534
20-01-2026 11:30||NIFTY27JAN2624900PE,0.1241338968173172
20-01-2026 11:30||NIFTY27JAN2625200CE,0.1141626754213814
20-01-2026 11:30||NIFTY27JAN2625700CE,0.1053491734012547
20-01-2026 11:30||NIFTY27JAN2625800CE,0.106576965556843
20-01-2026 11:30||NIFTY27JAN2626000CE,0.1131026593982282
20-01-2026 11:35||NIFTY27JAN2623800PE,0.2133414569544056
20-01-2026 11:35||NIFTY27JAN2625900CE,0.1084248323000202
20-01-2026 11:35||NIFTY27JAN2626300CE,0.1291459459983802
20-01-2026 11:35||NIFTY27JAN2626500CE,0.1436449152166278
20-01-2026 11:40||NIFTY27JAN2623800PE,0.2124780077724349
20-01-2026 11:40||NIFTY27JAN2624000PE,0.1949548718612534
20-01-2026 11:40||NIFTY27JAN2624100PE,0.1851226569482509
20-01-2026 11:40||NIFTY27JAN2624700PE,0.1340163621730464
20-01-2026 11:40||NIFTY27JAN2624800PE,0.1274220975806587
20-01-2026 11:40||NIFTY27JAN2625100PE,0.1138476235850406
20-01-2026 11:40||NIFTY27JAN2625300CE,0.1156332306608304
20-01-2026 11:45||NIFTY27JAN2623900PE,0.202956802904686
20-01-2026 11:45||NIFTY27JAN2624500PE,0.1496692840236805
20-01-2026 11:45||NIFTY27JAN2625600CE,0.1076088020417771
20-01-2026 11:45||NIFTY27JAN2625800CE,0.1070189721597386
20-01-2026 11:45||NIFTY27JAN2625900CE,0.1093777586489198
20-01-2026 11:45||NIFTY27JAN2626000CE,0.1139276345957952
20-01-2026 11:50||NIFTY27JAN2624200PE,0.1772403797474317
20-01-2026 11:50||NIFTY27JAN2624600PE,0.1413468023444904
20-01-2026 11:50||NIFTY27JAN2624700PE,0.1338983132436936
20-01-2026 11:50||NIFTY27JAN2624900PE,0.1220309803076616
20-01-2026 11:50||NIFTY27JAN2625400CE,0.1103592838116007
20-01-2026 11:50||NIFTY27JAN2625700CE,0.1045165887651451
20-01-2026 11:50||NIFTY27JAN2626300CE,0.1288739552833262
20-01-2026 11:55||NIFTY27JAN2623800PE,0.2129699851645216
20-01-2026 11:55||NIFTY27JAN2623900PE,0.2057810401911374
20-01-2026 11:55||NIFTY27JAN2624000PE,0.1973636375847981
20-01-2026 11:55||NIFTY27JAN2624100PE,0.1872682813054097
20-01-2026 11:55||NIFTY27JAN2625800CE,0.1016036775273503
20-01-2026 11:55||NIFTY27JAN2625900CE,0.1044230879486943
20-01-2026 12:00||NIFTY27JAN2623800PE,0.2147348208782185
20-01-2026 12:00||NIFTY27JAN2624400PE,0.1600871363755636
20-01-2026 12:00||NIFTY27JAN2624600PE,0.1429166706552719
20-01-2026 12:00||NIFTY27JAN2624700PE,0.1357490102359878
20-01-2026 12:00||NIFTY27JAN2625800CE,0.1009973866155561
20-01-2026 12:00||NIFTY27JAN2625900CE,0.1040832074500564
20-01-2026 12:05||NIFTY27JAN2624700PE,0.1358594034387844
20-01-2026 12:05||NIFTY27JAN2624900PE,0.1243567169157306
20-01-2026 12:05||NIFTY27JAN2625800CE,0.1012332523242798
20-01-2026 12:10||NIFTY27JAN2624200PE,0.175392072427692
20-01-2026 12:10||NIFTY27JAN2624500PE,0.1486981840347181
20-01-2026 12:10||NIFTY27JAN2624600PE,0.1407339165078714
20-01-2026 12:10||NIFTY27JAN2624700PE,0.1340905129756317
20-01-2026 12:10||NIFTY27JAN2624800PE,0.1277473907532299
20-01-2026 12:10||NIFTY27JAN2624900PE,0.1218496330427339
20-01-2026 12:15||NIFTY27JAN2624300PE,0.1667442814013498
20-01-2026 12:15||NIFTY27JAN2624500PE,0.1494384647711306
20-01-2026 12:15||NIFTY27JAN2625000PE,0.1180587131641907
20-01-2026 12:15||NIFTY27JAN2625100PE,0.1141667258448597
20-01-2026 12:15||NIFTY27JAN2625400CE,0.1039533844249853
20-01-2026 12:15||NIFTY27JAN2626400CE,0.1392005553008462
20-01-2026 12:20||NIFTY27JAN2623900PE,0.2028867476575825
20-01-2026 12:20||NIFTY27JAN2624000PE,0.1941937718368588
20-01-2026 12:20||NIFTY27JAN2624100PE,0.1844038477848758
20-01-2026 12:20||NIFTY27JAN2625200CE,0.1064207937771619
20-01-2026 12:20||NIFTY27JAN2625300CE,0.1060773672577461
20-01-2026 12:20||NIFTY27JAN2625700CE,0.103438426832072
20-01-2026 12:20||NIFTY27JAN2625800CE,0.1051547629494734
20-01-2026 12:20||NIFTY27JAN2625900CE,0.1081834726527915
20-01-2026 12:25||NIFTY27JAN2623800PE,0.2111143334940268
20-01-2026 12:25||NIFTY27JAN2625000PE,0.1164337392683861
20-01-2026 12:25||NIFTY27JAN2625100PE,0.1123727740325374
20-01-2026 12:25||NIFTY27JAN2625700CE,0.1070777513151028
20-01-2026 12:25||NIFTY27JAN2626000CE,0.1166243236706588
20-01-2026 12:30||NIFTY27JAN2623800PE,0.212758686461674
20-01-2026 12:30||NIFTY27JAN2623900PE,0.2024851949929201
20-01-2026 12:30||NIFTY27JAN2624900PE,0.1222340530507618
20-01-2026 12:30||NIFTY27JAN2625000PE,0.1178773988116129
20-01-2026 12:30||NIFTY27JAN2625100PE,0.1140692139440751
20-01-2026 12:30||NIFTY27JAN2625300CE,0.1078792378728591
20-01-2026 12:30||NIFTY27JAN2626000CE,0.1133514305970383
20-01-2026 12:35||NIFTY27JAN2623800PE,0.2111696746645855
20-01-2026 12:35||NIFTY27JAN2624200PE,0.1746968234348801
20-01-2026 12:35||NIFTY27JAN2625000PE,0.1169218755263281
20-01-2026 12:35||NIFTY27JAN2625200CE,0.1150532034439205
20-01-2026 12:35||NIFTY27JAN2625500CE,0.1078118971880416
20-01-2026 12:35||NIFTY27JAN2625700CE,0.1065212729632992
20-01-2026 12:35||NIFTY27JAN2625800CE,0.1079606500718557
20-01-2026 12:35||NIFTY27JAN2626200CE,0.1274101250761622
20-01-2026 12:35||NIFTY27JAN2626300CE,0.1346007236420554
20-01-2026 12:40||NIFTY27JAN2623800PE,0.2112617681278825
20-01-2026 12:40||NIFTY27JAN2624000PE,0.1938104323874008
20-01-2026 12:40||NIFTY27JAN2624300PE,0.1654764732494179
20-01-2026 12:40||NIFTY27JAN2624600PE,0.1407850796557942
20-01-2026 12:40||NIFTY27JAN2624700PE,0.1341460788418134
20-01-2026 12:40||NIFTY27JAN2625400CE,0.1047552135882901
20-01-2026 12:40||NIFTY27JAN2626100CE,0.1206850240346578
20-01-2026 12:45||NIFTY27JAN2623800PE,0.2104024309981485
20-01-2026 12:45||NIFTY27JAN2624300PE,0.1640357259176083
20-01-2026 12:45||NIFTY27JAN2624400PE,0.1554994871174349
20-01-2026 12:45||NIFTY27JAN2625100PE,0.1144262014377418
20-01-2026 12:50||NIFTY27JAN2624200PE,0.1749742518252758
20-01-2026 12:50||NIFTY27JAN2625600CE,0.1051385194292549
20-01-2026 12:50||NIFTY27JAN2626000CE,0.1149243444816892
20-01-2026 12:50||NIFTY27JAN2626200CE,0.1259945847422704
20-01-2026 12:55||NIFTY27JAN2624900PE,0.1210170475648026
20-01-2026 12:55||NIFTY27JAN2625400CE,0.1091152940237105
20-01-2026 13:00||NIFTY27JAN2623900PE,0.2021812496410983
20-01-2026 13:00||NIFTY27JAN2624200PE,0.1759856525018996
20-01-2026 13:00||NIFTY27JAN2625100PE,0.1142320401849553
20-01-2026 13:00||NIFTY27JAN2625800CE,0.1065790715510485
20-01-2026 13:00||NIFTY27JAN2625900CE,0.1107854589971518
20-01-2026 13:00||NIFTY27JAN2626400CE,0.1407581031948679
20-01-2026 13:05||NIFTY27JAN2624200PE,0.1756797121641404
20-01-2026 13:05||NIFTY27JAN2624900PE,0.1218528235454095
20-01-2026 13:05||NIFTY27JAN2625300CE,0.1100447363907441
20-01-2026 13:05||NIFTY27JAN2625400CE,0.1064983233674805
20-01-2026 13:05||NIFTY27JAN2625600CE,0.1047351168396385
20-01-2026 13:05||NIFTY27JAN2626500CE,0.1495936455178094
20-01-2026 13:10||NIFTY27JAN2624000PE,0.1941862906575793
20-01-2026 13:10||NIFTY27JAN2624400PE,0.1576964624089205
20-01-2026 13:10||NIFTY27JAN2624700PE,0.1348290356495482
20-01-2026 13:10||NIFTY27JAN2625000PE,0.1181492160643614
20-01-2026 13:10||NIFTY27JAN2626000CE,0.112562755971604
20-01-2026 13:10||NIFTY27JAN2626400CE,0.1405815759792196
20-01-2026 13:15||NIFTY27JAN2623900PE,0.2018301919707939
20-01-2026 13:15||NIFTY27JAN2624600PE,0.1397458628972111
20-01-2026 13:15||NIFTY27JAN2624900PE,0.1206761368131513
20-01-2026 13:15||NIFTY27JAN2625000PE,0.116538287746562
20-01-2026 13:15||NIFTY27JAN2625200CE,0.1143799222575649
20-01-2026 13:15||NIFTY27JAN2626000CE,0.117631635825466
20-01-2026 13:15||NIFTY27JAN2626200CE,0.1282118210710985
20-01-2026 13:20||NIFTY27JAN2624200PE,0.1766304515210695
20-01-2026 13:20||NIFTY27JAN2624600PE,0.1423178727234848
20-01-2026 13:20||NIFTY27JAN2625000PE,0.1184556606548191
20-01-2026 13:20||NIFTY27JAN2625700CE,0.1040324288186675
20-01-2026 13:20||NIFTY27JAN2626100CE,0.1178891373676248
20-01-2026 13:20||NIFTY27JAN2626200CE,0.124429483515985
20-01-2026 13:25||NIFTY27JAN2623800PE,0.2121391185513788
20-01-2026 13:25||NIFTY27JAN2624100PE,0.1844796639685387
20-01-2026 13:25||NIFTY27JAN2624700PE,0.1339387275002088
20-01-2026 13:25||NIFTY27JAN2625000PE,0.1179865368048419
20-01-2026 13:25||NIFTY27JAN2625800CE,0.1078295337822095
20-01-2026 13:30||NIFTY27JAN2624100PE,0.1844858725359716
20-01-2026 13:30||NIFTY27JAN2624700PE,0.1347217315790149
20-01-2026 13:30||NIFTY27JAN2624900PE,0.1230614277099917
20-01-2026 13:30||NIFTY27JAN2626000CE,0.115683112830725
20-01-2026 13:35||NIFTY27JAN2625100PE,0.1149785654684052
20-01-2026 13:35||NIFTY27JAN2625800CE,0.1080311601240321
20-01-2026 13:40||NIFTY27JAN2623800PE,0.2110145647959403
20-01-2026 13:40||NIFTY27JAN2624600PE,0.13913542413711
20-01-2026 13:40||NIFTY27JAN2625000PE,0.1170199898251077
20-01-2026 13:45||NIFTY27JAN2624000PE,0.1940374608646924
20-01-2026 13:45||NIFTY27JAN2624400PE,0.1576556583981217
20-01-2026 13:45||NIFTY27JAN2624600PE,0.1413643766562596
20-01-2026 13:50||NIFTY27JAN2624000PE,0.1935831693623159
20-01-2026 13:50||NIFTY27JAN2624100PE,0.1840614089340132
20-01-2026 13:50||NIFTY27JAN2624200PE,0.1750557306515701
20-01-2026 13:50||NIFTY27JAN2624300PE,0.1654643088984292
20-01-2026 13:50||NIFTY27JAN2624500PE,0.1483395349202011
20-01-2026 13:50||NIFTY27JAN2625200CE,0.1152659348164031
20-01-2026 13:50||NIFTY27JAN2625400CE,0.1111082800229398
20-01-2026 13:50||NIFTY27JAN2626000CE,0.1199963318302419
20-01-2026 13:50||NIFTY27JAN2626100CE,0.1254293456429473
20-01-2026 13:55||NIFTY27JAN2624400PE,0.1573060374883391
20-01-2026 13:55||NIFTY27JAN2625200CE,0.1179081508779278
20-01-2026 13:55||NIFTY27JAN2625400CE,0.1116659071627621
20-01-2026 13:55||NIFTY27JAN2625600CE,0.1094182403725361
20-01-2026 14:00||NIFTY27JAN2624100PE,0.1853248290147437
20-01-2026 14:00||NIFTY27JAN2624200PE,0.1760851741192153
20-01-2026 14:00||NIFTY27JAN2624800PE,0.1285335402241607
20-01-2026 14:00||NIFTY27JAN2624900PE,0.1224997531457207
20-01-2026 14:00||NIFTY27JAN2625000PE,0.1180465839918324
20-01-2026 14:00||NIFTY27JAN2625100PE,0.1136909216394507
20-01-2026 14:00||NIFTY27JAN2625200CE,0.1161668453907626
20-01-2026 14:00||NIFTY27JAN2626100CE,0.1254408680739411
20-01-2026 14:05||NIFTY27JAN2623800PE,0.2128257450744811
20-01-2026 14:05||NIFTY27JAN2625100PE,0.1150078033587405
20-01-2026 14:05||NIFTY27JAN2625200CE,0.1167802600724998
20-01-2026 14:05||NIFTY27JAN2626100CE,0.1266266391136916
20-01-2026 14:05||NIFTY27JAN2626400CE,0.1487230874718695
20-01-2026 14:10||NIFTY27JAN2624000PE,0.1941266739472702
20-01-2026 14:10||NIFTY27JAN2624200PE,0.1767310109370009
20-01-2026 14:10||NIFTY27JAN2624500PE,0.150103162703567
20-01-2026 14:10||NIFTY27JAN2624900PE,0.1234362396948471
20-01-2026 14:10||NIFTY27JAN2625000PE,0.1187902271007039
20-01-2026 14:10||NIFTY27JAN2625500CE,0.1111239077632825
20-01-2026 14:10||NIFTY27JAN2625700CE,0.1108358167446408
20-01-2026 14:10||NIFTY27JAN2626100CE,0.1276099969177292
20-01-2026 14:10||NIFTY27JAN2626200CE,0.1345122070573758
20-01-2026 14:10||NIFTY27JAN2626300CE,0.1431882268823086
20-01-2026 14:15||NIFTY27JAN2623800PE,0.2111035835713477
20-01-2026 14:15||NIFTY27JAN2624100PE,0.184314232394435
20-01-2026 14:15||NIFTY27JAN2624500PE,0.150059295970685
20-01-2026 14:15||NIFTY27JAN2624600PE,0.1421790263216067
20-01-2026 14:15||NIFTY27JAN2624900PE,0.1244412982240556
20-01-2026 14:15||NIFTY27JAN2625200CE,0.1144595832263725
20-01-2026 14:15||NIFTY27JAN2625400CE,0.1083300451929219
20-01-2026 14:15||NIFTY27JAN2626000CE,0.1214830178498516
20-01-2026 14:15||NIFTY27JAN2626300CE,0.1412126649404716
20-01-2026 14:15||NIFTY27JAN2626500CE,0.1572504409258916
20-01-2026 14:20||NIFTY27JAN2625400CE,0.1146028395772385
20-01-2026 14:20||NIFTY27JAN2625700CE,0.1119851496996657
20-01-2026 14:20||NIFTY27JAN2626500CE,0.1583502063717609
20-01-2026 14:25||NIFTY27JAN2624100PE,0.1856315720111635
20-01-2026 14:25||NIFTY27JAN2624600PE,0.1421065982540418
20-01-2026 14:25||NIFTY27JAN2625400CE,0.1121144483635547
20-01-2026 14:25||NIFTY27JAN2625900CE,0.1155180909065083
20-01-2026 14:30||NIFTY27JAN2624000PE,0.1958823284644258
20-01-2026 14:30||NIFTY27JAN2624600PE,0.1445218837821937
20-01-2026 14:30||NIFTY27JAN2625400CE,0.106618610500559
20-01-2026 14:30||NIFTY27JAN2625500CE,0.105926996267246
20-01-2026 14:30||NIFTY27JAN2625800CE,0.1094610034089388
20-01-2026 14:30||NIFTY27JAN2626000CE,0.1196112534182968
20-01-2026 14:30||NIFTY27JAN2626400CE,0.1433476645440242
20-01-2026 14:30||NIFTY27JAN2626500CE,0.1512241130475133
20-01-2026 14:35||NIFTY27JAN2624600PE,0.1462934126989807
20-01-2026 14:35||NIFTY27JAN2624800PE,0.1328426526823065
20-01-2026 14:35||NIFTY27JAN2625600CE,0.1052959730788039
20-01-2026 14:35||NIFTY27JAN2626000CE,0.1198552160546245
20-01-2026 14:35||NIFTY27JAN2626300CE,0.1370030027793013
20-01-2026 14:40||NIFTY27JAN2623800PE,0.2169877684840058
20-01-2026 14:40||NIFTY27JAN2625200CE,0.1143490004690448
20-01-2026 14:40||NIFTY27JAN2625500CE,0.1067436611534448
20-01-2026 14:45||NIFTY27JAN2624600PE,0.145446104161376
20-01-2026 14:45||NIFTY27JAN2625500CE,0.1087806540062297
20-01-2026 14:45||NIFTY27JAN2626000CE,0.1209285992454336
20-01-2026 14:45||NIFTY27JAN2626100CE,0.1270609403634641
20-01-2026 14:50||NIFTY27JAN2624000PE,0.1983385067099199
20-01-2026 14:50||NIFTY27JAN2624200PE,0.1802825488329964
20-01-2026 14:50||NIFTY27JAN2624900PE,0.1268064050010966
20-01-2026 14:50||NIFTY27JAN2625100PE,0.1187019811314284
20-01-2026 14:50||NIFTY27JAN2625500CE,0.10351247666086
20-01-2026 14:50||NIFTY27JAN2625900CE,0.113067208531386
20-01-2026 14:55||NIFTY27JAN2623900PE,0.2072194928337111
20-01-2026 14:55||NIFTY27JAN2624000PE,0.1979442170914204
20-01-2026 14:55||NIFTY27JAN2624100PE,0.1886516111150529
20-01-2026 14:55||NIFTY27JAN2626000CE,0.1193563451042467
20-01-2026 15:00||NIFTY27JAN2624800PE,0.1291574094925906
20-01-2026 15:00||NIFTY27JAN2625600CE,0.106922056472827
20-01-2026 15:00||NIFTY27JAN2626100CE,0.1297779839980913
20-01-2026 15:00||NIFTY27JAN2626200CE,0.1400515453590061
20-01-2026 15:00||NIFTY27JAN2626400CE,0.153398294584914
20-01-2026 15:05||NIFTY27JAN2623900PE,0.2059595134383332
20-01-2026 15:05||NIFTY27JAN2624300PE,0.1673792107509795
20-01-2026 15:05||NIFTY27JAN2625000PE,0.1250961325875594
20-01-2026 15:05||NIFTY27JAN2625200CE,0.0999413963222076
20-01-2026 15:05||NIFTY27JAN2626100CE,0.1297962559213307
20-01-2026 15:05||NIFTY27JAN2626200CE,0.1382944313137723
20-01-2026 15:10||NIFTY27JAN2624300PE,0.1658952179536304
20-01-2026 15:10||NIFTY27JAN2625100PE,0.1232456170768192
20-01-2026 15:10||NIFTY27JAN2625300CE,0.1043190683995703
20-01-2026 15:10||NIFTY27JAN2625400CE,0.1047569073205691
20-01-2026 15:10||NIFTY27JAN2625900CE,0.1230937886304608
20-01-2026 15:10||NIFTY27JAN2626100CE,0.1368936095510868
20-01-2026 15:15||NIFTY27JAN2624000PE,0.2024105818840296
20-01-2026 15:15||NIFTY27JAN2624200PE,0.1820942960138949
20-01-2026 15:15||NIFTY27JAN2624500PE,0.1562924517317621
20-01-2026 15:15||NIFTY27JAN2624800PE,0.1365211882251724
20-01-2026 15:15||NIFTY27JAN2625000PE,0.1283918795390083
20-01-2026 15:15||NIFTY27JAN2625100PE,0.1201676993123442
20-01-2026 15:15||NIFTY27JAN2625700CE,0.1148578334858009
20-01-2026 15:15||NIFTY27JAN2625900CE,0.1272447895816355
20-01-2026 15:15||NIFTY27JAN2626000CE,0.134244321394683
20-01-2026 15:15||NIFTY27JAN2626200CE,0.1463006067995706
20-01-2026 15:20||NIFTY27JAN2623800PE,0.2196966388776396
20-01-2026 15:20||NIFTY27JAN2624200PE,0.1792129164370854
20-01-2026 15:20||NIFTY27JAN2624500PE,0.1517879593792621
20-01-2026 15:20||NIFTY27JAN2625500CE,0.1184505445436075
20-01-2026 15:20||NIFTY27JAN2625700CE,0.122074148727139
20-01-2026 15:20||NIFTY27JAN2626400CE,0.1638266317693727
20-01-2026 15:25||NIFTY27JAN2623800PE,0.2209291265606561
20-01-2026 15:25||NIFTY27JAN2625100PE,0.1084866864655592
20-01-2026 15:25||NIFTY27JAN2625200CE,0.1322325304990555
20-01-2026 15:25||NIFTY27JAN2625300CE,0.1307219220101977
20-01-2026 15:25||NIFTY27JAN2625900CE,0.1343548560843072
20-01-2026 15:25||NIFTY27JAN2626200CE,0.1508187275492558
21-01-2026 09:15||NIFTY27JAN2625200CE,0.145046711500789
21-01-2026 09:15||NIFTY27JAN2625400CE,0.1430295791429716
21-01-2026 09:15||NIFTY27JAN2625900CE,0.1420084793139154
21-01-2026 09:15||NIFTY27JAN2626200CE,0.1589021828277245
21-01-2026 09:20||NIFTY27JAN2623900PE,0.2195098449023398
21-01-2026 09:20||NIFTY27JAN2624300PE,0.1767206793280304
21-01-2026 09:20||NIFTY27JAN2624400PE,0.1660666938062714
21-01-2026 09:25||NIFTY27JAN2624000PE,0.2179167918692919
21-01-2026 09:25||NIFTY27JAN2624300PE,0.1880542293569274
21-01-2026 09:25||NIFTY27JAN2624400PE,0.1782545634788144
21-01-2026 09:25||NIFTY27JAN2625100PE,0.1176886439460302
21-01-2026 09:25||NIFTY27JAN2625300CE,0.1132370794042468
21-01-2026 09:25||NIFTY27JAN2625600CE,0.1111375754754898
21-01-2026 09:25||NIFTY27JAN2625800CE,0.1183539409372053
21-01-2026 09:30||NIFTY27JAN2623800PE,0.2319597259080307
21-01-2026 09:30||NIFTY27JAN2623900PE,0.2212314286684295
21-01-2026 09:30||NIFTY27JAN2624000PE,0.2134892855583034
21-01-2026 09:30||NIFTY27JAN2624400PE,0.1705000812953428
21-01-2026 09:30||NIFTY27JAN2625300CE,0.125998497529948
21-01-2026 09:30||NIFTY27JAN2625700CE,0.1199590508393029
21-01-2026 09:35||NIFTY27JAN2623900PE,0.2250382076791606
21-01-2026 09:35||NIFTY27JAN2624200PE,0.1953326028530238
21-01-2026 09:35||NIFTY27JAN2625200CE,0.1223108842991766
21-01-2026 09:35||NIFTY27JAN2625300CE,0.1156366307782957
21-01-2026 09:35||NIFTY27JAN2625600CE,0.1109599970040203
21-01-2026 09:35||NIFTY27JAN2626200CE,0.1457816698902025
21-01-2026 09:40||NIFTY27JAN2624400PE,0.1655446335701879
21-01-2026 09:40||NIFTY27JAN2625100PE,0.1119321289024323
21-01-2026 09:40||NIFTY27JAN2625200CE,0.1251952329504286
21-01-2026 09:40||NIFTY27JAN2625900CE,0.1310193387739195
21-01-2026 09:40||NIFTY27JAN2626300CE,0.1601762200277984
21-01-2026 09:40||NIFTY27JAN2626400CE,0.1680696662087644
21-01-2026 09:45||NIFTY27JAN2623800PE,0.2292814446216217
21-01-2026 09:45||NIFTY27JAN2624100PE,0.1975837086799387
21-01-2026 09:45||NIFTY27JAN2624400PE,0.1643100466637199
21-01-2026 09:45||NIFTY27JAN2625200CE,0.1282807561040524
21-01-2026 09:45||NIFTY27JAN2625600CE,0.1195002865144668
21-01-2026 09:45||NIFTY27JAN2626000CE,0.1373793797807091
21-01-2026 09:45||NIFTY27JAN2626300CE,0.1599555872234752
21-01-2026 09:50||NIFTY27JAN2624700PE,0.1372172370392952
21-01-2026 09:50||NIFTY27JAN2624900PE,0.1231451056597199
21-01-2026 09:50||NIFTY27JAN2625400CE,0.1161818308533135
21-01-2026 09:50||NIFTY27JAN2625600CE,0.1171595587370643
21-01-2026 09:50||NIFTY27JAN2625800CE,0.1243138789626515
21-01-2026 09:55||NIFTY27JAN2624100PE,0.1942230199671626
21-01-2026 09:55||NIFTY27JAN2624200PE,0.1844899300509997
21-01-2026 09:55||NIFTY27JAN2624400PE,0.1647791677651143
21-01-2026 09:55||NIFTY27JAN2624800PE,0.133281367813743
21-01-2026 09:55||NIFTY27JAN2625400CE,0.1109138681673228
21-01-2026 09:55||NIFTY27JAN2626000CE,0.1367702855977855
21-01-2026 09:55||NIFTY27JAN2626100CE,0.1436973025845072
21-01-2026 09:55||NIFTY27JAN2626200CE,0.1515789409943476
21-01-2026 09:55||NIFTY27JAN2626500CE,0.1771488282338881
21-01-2026 10:00||NIFTY27JAN2624000PE,0.202271376511861
21-01-2026 10:00||NIFTY27JAN2625000PE,0.1157218731910512
21-01-2026 10:00||NIFTY27JAN2625300CE,0.1206457995398668
21-01-2026 10:00||NIFTY27JAN2625400CE,0.1194523058521586
21-01-2026 10:00||NIFTY27JAN2626500CE,0.1794254458655809
21-01-2026 10:05||NIFTY27JAN2625200CE,0.1187937551327282
21-01-2026 10:05||NIFTY27JAN2625600CE,0.1163559864363459
21-01-2026 10:05||NIFTY27JAN2625700CE,0.1204854965467655
21-01-2026 10:05||NIFTY27JAN2625800CE,0.1251821966215686
21-01-2026 10:10||NIFTY27JAN2624000PE,0.1987932686182111
21-01-2026 10:10||NIFTY27JAN2624400PE,0.15836409932971
21-01-2026 10:10||NIFTY27JAN2625800CE,0.1286769223908189
21-01-2026 10:10||NIFTY27JAN2626100CE,0.148864540755643
21-01-2026 10:15||NIFTY27JAN2624000PE,0.2005654390637763
21-01-2026 10:15||NIFTY27JAN2624200PE,0.1797921824351379
21-01-2026 10:15||NIFTY27JAN2624500PE,0.1521029209117243
21-01-2026 10:15||NIFTY27JAN2624600PE,0.1441401761351585
21-01-2026 10:15||NIFTY27JAN2625500CE,0.118580366556707
21-01-2026 10:15||NIFTY27JAN2626100CE,0.1479777272740409
21-01-2026 10:20||NIFTY27JAN2625700CE,0.121116113506821
21-01-2026 10:25||NIFTY27JAN2624300PE,0.169919121815422
21-01-2026 10:25||NIFTY27JAN2625000PE,0.1174783803520485
21-01-2026 10:25||NIFTY27JAN2625700CE,0.1270736212621434
21-01-2026 10:25||NIFTY27JAN2626200CE,0.1638394827081347
21-01-2026 10:30||NIFTY27JAN2624200PE,0.1770204974748915
21-01-2026 10:30||NIFTY27JAN2624700PE,0.1348107940162826
21-01-2026 10:30||NIFTY27JAN2624800PE,0.1279829905579807
21-01-2026 10:30||NIFTY27JAN2625200CE,0.1195181954138668
21-01-2026 10:30||NIFTY27JAN2625900CE,0.1407048199703881
21-01-2026 10:30||NIFTY27JAN2626300CE,0.1711853432030957
21-01-2026 10:30||NIFTY27JAN2626400CE,0.1797731324517668
21-01-2026 10:35||NIFTY27JAN2624400PE,0.1587558701580933
21-01-2026 10:35||NIFTY27JAN2625100PE,0.1135790728583647
21-01-2026 10:35||NIFTY27JAN2625500CE,0.1192620891463774
21-01-2026 10:35||NIFTY27JAN2625600CE,0.1239530629218487
21-01-2026 10:35||NIFTY27JAN2625800CE,0.1345324401998
21-01-2026 10:35||NIFTY27JAN2625900CE,0.1407955702265362
21-01-2026 10:40||NIFTY27JAN2624200PE,0.182900286878418
21-01-2026 10:40||NIFTY27JAN2624800PE,0.1418216820127532
21-01-2026 10:40||NIFTY27JAN2625200CE,0.1274400884926272
21-01-2026 10:40||NIFTY27JAN2625400CE,0.1164398633454648
21-01-2026 10:40||NIFTY27JAN2626300CE,0.1759841148966218
21-01-2026 10:45||NIFTY27JAN2624700PE,0.1365167189462659
21-01-2026 10:45||NIFTY27JAN2624800PE,0.1301867731765201
21-01-2026 10:45||NIFTY27JAN2625700CE,0.1410595368174898
21-01-2026 10:45||NIFTY27JAN2626400CE,0.1918026305733818
21-01-2026 10:45||NIFTY27JAN2626500CE,0.2003352806375129
21-01-2026 10:50||NIFTY27JAN2624100PE,0.1935406956091181
21-01-2026 10:50||NIFTY27JAN2624300PE,0.1775166061312947
21-01-2026 10:50||NIFTY27JAN2624400PE,0.1696826811728029
21-01-2026 10:50||NIFTY27JAN2624500PE,0.1629699935540632
21-01-2026 10:50||NIFTY27JAN2625400CE,0.1277100533929871
21-01-2026 10:50||NIFTY27JAN2625700CE,0.14156049958293
21-01-2026 10:50||NIFTY27JAN2625900CE,0.1542083070065256
21-01-2026 10:50||NIFTY27JAN2626400CE,0.1930665349021052
21-01-2026 10:55||NIFTY27JAN2623900PE,0.2120420150035237
21-01-2026 10:55||NIFTY27JAN2624300PE,0.1772050304853158
21-01-2026 10:55||NIFTY27JAN2624800PE,0.1342200962059717
21-01-2026 10:55||NIFTY27JAN2625000PE,0.1245766138754966
21-01-2026 10:55||NIFTY27JAN2625100PE,0.1237133329430022
21-01-2026 10:55||NIFTY27JAN2625300CE,0.1410313281446925
21-01-2026 10:55||NIFTY27JAN2625900CE,0.1683355333392872
21-01-2026 10:55||NIFTY27JAN2626200CE,0.1843829132311248
21-01-2026 11:00||NIFTY27JAN2624000PE,0.2031974721141659
21-01-2026 11:00||NIFTY27JAN2624300PE,0.1738157092845896
21-01-2026 11:00||NIFTY27JAN2624600PE,0.1501400605550374
21-01-2026 11:00||NIFTY27JAN2624800PE,0.1384305300740934
21-01-2026 11:00||NIFTY27JAN2625100PE,0.1213863039078692
21-01-2026 11:00||NIFTY27JAN2625300CE,0.1367885065382008
21-01-2026 11:05||NIFTY27JAN2624000PE,0.200427678551058
21-01-2026 11:05||NIFTY27JAN2624100PE,0.1891089963318383
21-01-2026 11:05||NIFTY27JAN2624400PE,0.1599218610594069
21-01-2026 11:05||NIFTY27JAN2625000PE,0.1196307414048361
21-01-2026 11:05||NIFTY27JAN2625200CE,0.1320726580851496
21-01-2026 11:10||NIFTY27JAN2624800PE,0.1253470633693057
21-01-2026 11:10||NIFTY27JAN2625200CE,0.1238304826874763
21-01-2026 11:10||NIFTY27JAN2625300CE,0.1300827004700304
21-01-2026 11:10||NIFTY27JAN2625500CE,0.1357858796293775
21-01-2026 11:10||NIFTY27JAN2625900CE,0.1575806063618564
21-01-2026 11:10||NIFTY27JAN2626100CE,0.1704795993573439
21-01-2026 11:15||NIFTY27JAN2624300PE,0.1715857830855836
21-01-2026 11:15||NIFTY27JAN2625100PE,0.1157862309257101
21-01-2026 11:15||NIFTY27JAN2625400CE,0.1391876055190973
21-01-2026 11:20||NIFTY27JAN2623900PE,0.2150071879691645
21-01-2026 11:20||NIFTY27JAN2625800CE,0.1422646492582483
21-01-2026 11:20||NIFTY27JAN2626000CE,0.1568084844864432
21-01-2026 11:20||NIFTY27JAN2626100CE,0.1631363185999663
21-01-2026 11:20||NIFTY27JAN2626400CE,0.1847391544808602
21-01-2026 11:20||NIFTY27JAN2626500CE,0.1939323504122548
21-01-2026 11:25||NIFTY27JAN2624600PE,0.152523130881428
21-01-2026 11:25||NIFTY27JAN2624800PE,0.1379646928426203
21-01-2026 11:30||NIFTY27JAN2623900PE,0.2159127514602476
21-01-2026 11:30||NIFTY27JAN2624000PE,0.2061237174711734
21-01-2026 11:30||NIFTY27JAN2624100PE,0.1961410757520591
21-01-2026 11:30||NIFTY27JAN2624400PE,0.1681717269757288
21-01-2026 11:30||NIFTY27JAN2625400CE,0.1306305284692615
21-01-2026 11:30||NIFTY27JAN2625800CE,0.1434431643896933
21-01-2026 11:30||NIFTY27JAN2626000CE,0.1582667856151741
21-01-2026 11:30||NIFTY27JAN2626500CE,0.1962787628946798
21-01-2026 11:35||NIFTY27JAN2623900PE,0.2162945102518714
21-01-2026 11:35||NIFTY27JAN2624600PE,0.1514425113147486
21-01-2026 11:35||NIFTY27JAN2626100CE,0.1636253188067411
21-01-2026 11:35||NIFTY27JAN2626300CE,0.1786794711820876
21-01-2026 11:40||NIFTY27JAN2624800PE,0.1357560753235025
21-01-2026 11:40||NIFTY27JAN2625100PE,0.1199032853630413
21-01-2026 11:40||NIFTY27JAN2625200CE,0.131419510882044
21-01-2026 11:40||NIFTY27JAN2625700CE,0.1392850518145701
21-01-2026 11:45||NIFTY27JAN2624600PE,0.1500814199711828
21-01-2026 11:45||NIFTY27JAN2625100PE,0.1200466982035648
21-01-2026 11:45||NIFTY27JAN2625200CE,0.1318146733530189
21-01-2026 11:45||NIFTY27JAN2625400CE,0.1321389061691734
21-01-2026 11:50||NIFTY27JAN2624000PE,0.2065988399050833
21-01-2026 11:50||NIFTY27JAN2624100PE,0.1976672596590885
21-01-2026 11:50||NIFTY27JAN2624300PE,0.1778232680471337
21-01-2026 11:55||NIFTY27JAN2624000PE,0.2065820902032634
21-01-2026 11:55||NIFTY27JAN2624600PE,0.1499736958060581
21-01-2026 11:55||NIFTY27JAN2624700PE,0.1439443738428429
21-01-2026 11:55||NIFTY27JAN2624900PE,0.1291016526164591
21-01-2026 12:00||NIFTY27JAN2624100PE,0.1958516669776401
21-01-2026 12:00||NIFTY27JAN2624200PE,0.1862515472068178
21-01-2026 12:00||NIFTY27JAN2624700PE,0.1395095079526163
21-01-2026 12:00||NIFTY27JAN2624800PE,0.1311472810265281
21-01-2026 12:00||NIFTY27JAN2625600CE,0.1352914528206424
21-01-2026 12:00||NIFTY27JAN2625900CE,0.146992426195782
21-01-2026 12:05||NIFTY27JAN2623800PE,0.2273614073091138
21-01-2026 12:05||NIFTY27JAN2624100PE,0.1991911553556585
21-01-2026 12:05||NIFTY27JAN2625500CE,0.1262303054936501
21-01-2026 12:05||NIFTY27JAN2626200CE,0.1609637080095608
21-01-2026 12:10||NIFTY27JAN2624100PE,0.1950070081363639
21-01-2026 12:10||NIFTY27JAN2624200PE,0.1850926937397223
21-01-2026 12:10||NIFTY27JAN2625000PE,0.1140599255336182
21-01-2026 12:10||NIFTY27JAN2625900CE,0.1428028545808162
21-01-2026 12:10||NIFTY27JAN2626500CE,0.1854417133236338
21-01-2026 12:15||NIFTY27JAN2623800PE,0.2249041195648402
21-01-2026 12:15||NIFTY27JAN2624200PE,0.1833624997615546
21-01-2026 12:15||NIFTY27JAN2625400CE,0.1313188933393231
21-01-2026 12:15||NIFTY27JAN2625700CE,0.1336184344160773
21-01-2026 12:20||NIFTY27JAN2624200PE,0.192359667022209
21-01-2026 12:20||NIFTY27JAN2625000PE,0.1224330067243851
21-01-2026 12:20||NIFTY27JAN2625400CE,0.1283531488798648
21-01-2026 12:20||NIFTY27JAN2625600CE,0.1283692548997927
21-01-2026 12:20||NIFTY27JAN2625700CE,0.1313846608413115
21-01-2026 12:20||NIFTY27JAN2626300CE,0.1630709429177183
21-01-2026 12:25||NIFTY27JAN2624000PE,0.2172380475255315
21-01-2026 12:25||NIFTY27JAN2624500PE,0.1707637898141111
21-01-2026 12:25||NIFTY27JAN2624600PE,0.1612494092656095
21-01-2026 12:25||NIFTY27JAN2624700PE,0.1530246693676366
21-01-2026 12:25||NIFTY27JAN2625700CE,0.1232539129093965
21-01-2026 12:25||NIFTY27JAN2626500CE,0.1761755495418893
21-01-2026 12:30||NIFTY27JAN2624100PE,0.2046042908034072
21-01-2026 12:30||NIFTY27JAN2624200PE,0.1952969802582234
21-01-2026 12:30||NIFTY27JAN2625300CE,0.1373593013938372
21-01-2026 12:30||NIFTY27JAN2625800CE,0.1345888206333776
21-01-2026 12:35||NIFTY27JAN2624000PE,0.213312124778435
21-01-2026 12:35||NIFTY27JAN2624100PE,0.2045895374366791
21-01-2026 12:35||NIFTY27JAN2625600CE,0.1317718552981501
21-01-2026 12:35||NIFTY27JAN2626400CE,0.1674732011859418
21-01-2026 12:40||NIFTY27JAN2624500PE,0.1755306944602403
21-01-2026 12:40||NIFTY27JAN2624700PE,0.1579019850892909
21-01-2026 12:40||NIFTY27JAN2624800PE,0.1503835022925555
21-01-2026 12:40||NIFTY27JAN2625200CE,0.1385521979014786
21-01-2026 12:40||NIFTY27JAN2625400CE,0.1280450560678878
21-01-2026 12:40||NIFTY27JAN2625900CE,0.1321834725254715
21-01-2026 12:45||NIFTY27JAN2623800PE,0.2420382357516592
21-01-2026 12:45||NIFTY27JAN2624400PE,0.1856513978042167
21-01-2026 12:45||NIFTY27JAN2625300CE,0.1395370267417695
21-01-2026 12:45||NIFTY27JAN2625800CE,0.130430050664142
21-01-2026 12:45||NIFTY27JAN2626200CE,0.1480729763771072
21-01-2026 12:50||NIFTY27JAN2623800PE,0.2464710633193924
21-01-2026 12:50||NIFTY27JAN2624100PE,0.2192689395843621
21-01-2026 12:50||NIFTY27JAN2625200CE,0.1423612313083999
21-01-2026 12:50||NIFTY27JAN2625500CE,0.1327877145571445
21-01-2026 12:50||NIFTY27JAN2625600CE,0.1319698642743059
21-01-2026 12:55||NIFTY27JAN2625300CE,0.1307821831953312
21-01-2026 12:55||NIFTY27JAN2625400CE,0.1267820706703549
21-01-2026 12:55||NIFTY27JAN2625600CE,0.1243446936932016
21-01-2026 12:55||NIFTY27JAN2625700CE,0.1238819374763714
21-01-2026 12:55||NIFTY27JAN2625800CE,0.1257830912153096
21-01-2026 12:55||NIFTY27JAN2625900CE,0.1291785858250774
21-01-2026 12:55||NIFTY27JAN2626500CE,0.1673014456141786
21-01-2026 13:00||NIFTY27JAN2624600PE,0.1743228238414398
21-01-2026 13:00||NIFTY27JAN2624700PE,0.1642526241659955
21-01-2026 13:00||NIFTY27JAN2626100CE,0.1387135545810431
21-01-2026 13:05||NIFTY27JAN2623800PE,0.2490735425866778
21-01-2026 13:05||NIFTY27JAN2623900PE,0.2405383822965193
21-01-2026 13:05||NIFTY27JAN2624100PE,0.2224612184522935
21-01-2026 13:05||NIFTY27JAN2625600CE,0.115602743015001
21-01-2026 13:05||NIFTY27JAN2626300CE,0.150166477281706
21-01-2026 13:05||NIFTY27JAN2626400CE,0.1567542358199344
21-01-2026 13:10||NIFTY27JAN2625800CE,0.126951436660346
21-01-2026 13:10||NIFTY27JAN2626200CE,0.1496475591777225
21-01-2026 13:15||NIFTY27JAN2624400PE,0.1873340633822026
21-01-2026 13:15||NIFTY27JAN2625400CE,0.1262591993374752
21-01-2026 13:15||NIFTY27JAN2625800CE,0.1272006256576575
21-01-2026 13:20||NIFTY27JAN2623800PE,0.2404765971593792
21-01-2026 13:20||NIFTY27JAN2623900PE,0.231420395180342
21-01-2026 13:20||NIFTY27JAN2624600PE,0.1720627517988419
21-01-2026 13:20||NIFTY27JAN2624800PE,0.1550590009711313
21-01-2026 13:20||NIFTY27JAN2625400CE,0.122077917254459
21-01-2026 13:20||NIFTY27JAN2626200CE,0.1477320667199037
21-01-2026 13:25||NIFTY27JAN2624200PE,0.2048943713053162
21-01-2026 13:25||NIFTY27JAN2624300PE,0.1963385402665309
21-01-2026 13:25||NIFTY27JAN2624900PE,0.1440305950217936
21-01-2026 13:25||NIFTY27JAN2625000PE,0.1366674759503761
21-01-2026 13:25||NIFTY27JAN2625200CE,0.1350469920037707
21-01-2026 13:25||NIFTY27JAN2625700CE,0.1267874929972549
21-01-2026 13:25||NIFTY27JAN2626000CE,0.1385099371724915
21-01-2026 13:25||NIFTY27JAN2626300CE,0.1576150360650526
21-01-2026 13:30||NIFTY27JAN2624000PE,0.2268537657640083
21-01-2026 13:30||NIFTY27JAN2624400PE,0.1899889226312122
21-01-2026 13:30||NIFTY27JAN2625200CE,0.1301804895511757
21-01-2026 13:30||NIFTY27JAN2625300CE,0.1199927973330868
21-01-2026 13:30||NIFTY27JAN2625800CE,0.1219158909864973
21-01-2026 13:30||NIFTY27JAN2626200CE,0.1485072652496428
21-01-2026 13:30||NIFTY27JAN2626300CE,0.1556721084786646
21-01-2026 13:35||NIFTY27JAN2623800PE,0.2363780781395088
21-01-2026 13:35||NIFTY27JAN2624000PE,0.2178645072700229
21-01-2026 13:35||NIFTY27JAN2624700PE,0.1537980372848173
21-01-2026 13:35||NIFTY27JAN2624800PE,0.1456263003071783
21-01-2026 13:35||NIFTY27JAN2625800CE,0.134213127655874
21-01-2026 13:35||NIFTY27JAN2626300CE,0.1606951764696352
21-01-2026 13:40||NIFTY27JAN2624600PE,0.1671192538812203
21-01-2026 13:40||NIFTY27JAN2624800PE,0.1516072164152817
21-01-2026 13:40||NIFTY27JAN2625300CE,0.1293459640866823
21-01-2026 13:40||NIFTY27JAN2625800CE,0.1297518096810422
21-01-2026 13:40||NIFTY27JAN2626200CE,0.1511754081227227
21-01-2026 13:45||NIFTY27JAN2624800PE,0.1512904112724739
21-01-2026 13:45||NIFTY27JAN2625400CE,0.1245254371090185
21-01-2026 13:45||NIFTY27JAN2625900CE,0.1330049276912418
21-01-2026 13:50||NIFTY27JAN2625100PE,0.134786302497059
21-01-2026 13:50||NIFTY27JAN2626100CE,0.1447967456420033
21-01-2026 13:55||NIFTY27JAN2624300PE,0.1911935332609797
21-01-2026 13:55||NIFTY27JAN2624400PE,0.1808127506600645
21-01-2026 13:55||NIFTY27JAN2625500CE,0.121835620777751
21-01-2026 13:55||NIFTY27JAN2625700CE,0.1259110441234344
21-01-2026 14:00||NIFTY27JAN2623800PE,0.232603529468092
21-01-2026 14:00||NIFTY27JAN2624200PE,0.1964655290741042
21-01-2026 14:00||NIFTY27JAN2624600PE,0.1598695910181076
21-01-2026 14:00||NIFTY27JAN2625000PE,0.1315960839500629
21-01-2026 14:00||NIFTY27JAN2625200CE,0.1326936484433236
21-01-2026 14:05||NIFTY27JAN2624500PE,0.1692881817282343
21-01-2026 14:05||NIFTY27JAN2625000PE,0.1358444994121105
21-01-2026 14:05||NIFTY27JAN2625400CE,0.1200564432247786
21-01-2026 14:05||NIFTY27JAN2626100CE,0.1454445420302931
21-01-2026 14:05||NIFTY27JAN2626500CE,0.176461876129012
21-01-2026 14:10||NIFTY27JAN2624000PE,0.2111957553752367
21-01-2026 14:10||NIFTY27JAN2624100PE,0.2018050469023314
21-01-2026 14:10||NIFTY27JAN2624400PE,0.1735518045998016
21-01-2026 14:10||NIFTY27JAN2624500PE,0.1656424205754914
21-01-2026 14:10||NIFTY27JAN2625000PE,0.1319622804413485
21-01-2026 14:10||NIFTY27JAN2625200CE,0.119818947208118
21-01-2026 14:10||NIFTY27JAN2626000CE,0.1413788569729317
21-01-2026 14:10||NIFTY27JAN2626400CE,0.1700576470520825
21-01-2026 14:10||NIFTY27JAN2626500CE,0.1777907781808797
21-01-2026 14:15||NIFTY27JAN2624700PE,0.1430395430310464
21-01-2026 14:15||NIFTY27JAN2625400CE,0.1295510643578495
21-01-2026 14:15||NIFTY27JAN2625800CE,0.132705735053003
21-01-2026 14:15||NIFTY27JAN2626100CE,0.1489292045678053
21-01-2026 14:20||NIFTY27JAN2624000PE,0.2141716742747749
21-01-2026 14:20||NIFTY27JAN2624300PE,0.1889027961783796
21-01-2026 14:20||NIFTY27JAN2624700PE,0.1545068093193609
21-01-2026 14:20||NIFTY27JAN2625200CE,0.1212946778248267
21-01-2026 14:20||NIFTY27JAN2625600CE,0.1160355225343913
21-01-2026 14:20||NIFTY27JAN2626100CE,0.1418933610562346
21-01-2026 14:20||NIFTY27JAN2626500CE,0.1739522590500543
21-01-2026 14:25||NIFTY27JAN2623900PE,0.2206154363317265
21-01-2026 14:25||NIFTY27JAN2624800PE,0.1472416805545809
21-01-2026 14:25||NIFTY27JAN2624900PE,0.1407411869779914
21-01-2026 14:25||NIFTY27JAN2625100PE,0.131641581466922
21-01-2026 14:25||NIFTY27JAN2626500CE,0.1768524627517973
21-01-2026 14:30||NIFTY27JAN2624500PE,0.1599414679952935
21-01-2026 14:30||NIFTY27JAN2624600PE,0.1496684484989655
21-01-2026 14:30||NIFTY27JAN2624800PE,0.1340688770739931
21-01-2026 14:30||NIFTY27JAN2625200CE,0.1331028966469588
21-01-2026 14:30||NIFTY27JAN2625300CE,0.1300795730529862
21-01-2026 14:30||NIFTY27JAN2626300CE,0.162719957014707
21-01-2026 14:35||NIFTY27JAN2624200PE,0.1880746622283598
21-01-2026 14:35||NIFTY27JAN2624700PE,0.1446724332171945
21-01-2026 14:35||NIFTY27JAN2624800PE,0.137831740233096
21-01-2026 14:35||NIFTY27JAN2625100PE,0.1221350148238418
21-01-2026 14:35||NIFTY27JAN2625200CE,0.1292374750504888
21-01-2026 14:35||NIFTY27JAN2625800CE,0.1308998810633469
21-01-2026 14:35||NIFTY27JAN2626100CE,0.1474617550556561
21-01-2026 14:40||NIFTY27JAN2624000PE,0.2054037804062094
21-01-2026 14:40||NIFTY27JAN2624200PE,0.186287543390543
21-01-2026 14:40||NIFTY27JAN2624500PE,0.1612984284051912
21-01-2026 14:40||NIFTY27JAN2624600PE,0.1537702799103493
21-01-2026 14:40||NIFTY27JAN2624700PE,0.146648820245742
21-01-2026 14:40||NIFTY27JAN2625100PE,0.1257017583081326
21-01-2026 14:40||NIFTY27JAN2625200CE,0.1208725682000139
21-01-2026 14:40||NIFTY27JAN2625400CE,0.1185059909473061
21-01-2026 14:40||NIFTY27JAN2625800CE,0.1277769586859395
21-01-2026 14:40||NIFTY27JAN2626200CE,0.1518878718741577
21-01-2026 14:45||NIFTY27JAN2624500PE,0.161260406560713
21-01-2026 14:45||NIFTY27JAN2625400CE,0.1216257781053226
21-01-2026 14:45||NIFTY27JAN2625900CE,0.1342335612809126
21-01-2026 14:45||NIFTY27JAN2626100CE,0.1460213119910955
21-01-2026 14:50||NIFTY27JAN2623900PE,0.2174618219283894
21-01-2026 14:50||NIFTY27JAN2624900PE,0.1368750749608795
21-01-2026 14:50||NIFTY27JAN2625200CE,0.1208725682000139
21-01-2026 14:50||NIFTY27JAN2625300CE,0.119013640097733
21-01-2026 14:50||NIFTY27JAN2625500CE,0.1186639331918658
21-01-2026 14:50||NIFTY27JAN2625800CE,0.1274722016910076
21-01-2026 14:50||NIFTY27JAN2626300CE,0.1600745951559945
21-01-2026 14:55||NIFTY27JAN2624200PE,0.1873040565841878
21-01-2026 14:55||NIFTY27JAN2625300CE,0.1203149556995579
21-01-2026 14:55||NIFTY27JAN2625700CE,0.1241798799183306
21-01-2026 14:55||NIFTY27JAN2626100CE,0.1440088902514735
21-01-2026 15:00||NIFTY27JAN2623900PE,0.2149435510986543
21-01-2026 15:00||NIFTY27JAN2624100PE,0.1947770031303939
21-01-2026 15:00||NIFTY27JAN2624500PE,0.1566121780561744
21-01-2026 15:00||NIFTY27JAN2624800PE,0.1337798518828347
21-01-2026 15:00||NIFTY27JAN2625000PE,0.1229531727603812
21-01-2026 15:00||NIFTY27JAN2625200CE,0.1176714356223704
21-01-2026 15:00||NIFTY27JAN2625300CE,0.1213258884531294
21-01-2026 15:00||NIFTY27JAN2625600CE,0.1245610213422062
21-01-2026 15:00||NIFTY27JAN2626400CE,0.1670987820791778
21-01-2026 15:05||NIFTY27JAN2624300PE,0.1790700850526078
21-01-2026 15:05||NIFTY27JAN2625100PE,0.1251315454948302
21-01-2026 15:05||NIFTY27JAN2626200CE,0.1501613409901174
21-01-2026 15:10||NIFTY27JAN2624300PE,0.178835403099144
21-01-2026 15:10||NIFTY27JAN2624500PE,0.1624528593498605
21-01-2026 15:10||NIFTY27JAN2624600PE,0.1545523064642008
21-01-2026 15:10||NIFTY27JAN2625700CE,0.1199271758243632
21-01-2026 15:10||NIFTY27JAN2625800CE,0.1251685428472346
21-01-2026 15:10||NIFTY27JAN2625900CE,0.1304852674287445
21-01-2026 15:10||NIFTY27JAN2626500CE,0.1757471958751841
21-01-2026 15:15||NIFTY27JAN2624200PE,0.1871379237543632
21-01-2026 15:15||NIFTY27JAN2624300PE,0.1774096636655606
21-01-2026 15:15||NIFTY27JAN2624800PE,0.1386938687138649
21-01-2026 15:15||NIFTY27JAN2624900PE,0.1333985036929253
21-01-2026 15:15||NIFTY27JAN2625200CE,0.1241623540140081
21-01-2026 15:15||NIFTY27JAN2625300CE,0.1198895602678815
21-01-2026 15:15||NIFTY27JAN2625600CE,0.1190988021958445
21-01-2026 15:15||NIFTY27JAN2625700CE,0.1235584662578578
21-01-2026 15:15||NIFTY27JAN2625900CE,0.1308084375299587
21-01-2026 15:15||NIFTY27JAN2626200CE,0.1524977451090302
21-01-2026 15:20||NIFTY27JAN2623800PE,0.2247459976073823
21-01-2026 15:20||NIFTY27JAN2624800PE,0.1410438299838466
21-01-2026 15:20||NIFTY27JAN2625100PE,0.1228002928706963
21-01-2026 15:20||NIFTY27JAN2625400CE,0.1115498162671815
21-01-2026 15:20||NIFTY27JAN2625600CE,0.1150320904096333
21-01-2026 15:25||NIFTY27JAN2623800PE,0.2230549849313993
21-01-2026 15:25||NIFTY27JAN2624200PE,0.1809765067285848
21-01-2026 15:25||NIFTY27JAN2624500PE,0.1532511616294759
21-01-2026 15:25||NIFTY27JAN2624800PE,0.129984585694252
21-01-2026 15:25||NIFTY27JAN2625100PE,0.113929472900714
21-01-2026 15:25||NIFTY27JAN2626200CE,0.1504027488885702
22-01-2026 09:15||NIFTY27JAN2623800PE,0.2463461585915138
22-01-2026 09:15||NIFTY27JAN2625100PE,0.1224675125933215
22-01-2026 09:15||NIFTY27JAN2625300CE,0.1071825122505634
22-01-2026 09:20||NIFTY27JAN2623900PE,0.2327876578125093
22-01-2026 09:20||NIFTY27JAN2624000PE,0.2211722217129648
22-01-2026 09:20||NIFTY27JAN2624300PE,0.1894687670221141
22-01-2026 09:20||NIFTY27JAN2624500PE,0.1667414740194696
22-01-2026 09:20||NIFTY27JAN2624800PE,0.1399568322046478
22-01-2026 09:20||NIFTY27JAN2625200CE,0.1079405046643753
22-01-2026 09:20||NIFTY27JAN2626300CE,0.1515733838948557
22-01-2026 09:25||NIFTY27JAN2624700PE,0.1457185665814411
22-01-2026 09:25||NIFTY27JAN2625000PE,0.1209542466538542
22-01-2026 09:25||NIFTY27JAN2625200CE,0.1355791918837328
22-01-2026 09:25||NIFTY27JAN2625500CE,0.1268082589576434
22-01-2026 09:25||NIFTY27JAN2625600CE,0.1251235079229461
22-01-2026 09:25||NIFTY27JAN2626200CE,0.1442945916366206
22-01-2026 09:30||NIFTY27JAN2624600PE,0.1990262762102912
22-01-2026 09:30||NIFTY27JAN2624800PE,0.1719642068212801
22-01-2026 09:30||NIFTY27JAN2624900PE,0.1584543584103217
22-01-2026 09:30||NIFTY27JAN2625100PE,0.1363255576876963
22-01-2026 09:30||NIFTY27JAN2625500CE,0.1155424234290177
22-01-2026 09:30||NIFTY27JAN2625800CE,0.1184360683241636
22-01-2026 09:30||NIFTY27JAN2626000CE,0.1295860148134978
22-01-2026 09:30||NIFTY27JAN2626300CE,0.1520895559930335
22-01-2026 09:35||NIFTY27JAN2624100PE,0.2740210522356912
22-01-2026 09:40||NIFTY27JAN2624100PE,0.2599409963894225
22-01-2026 09:40||NIFTY27JAN2624500PE,0.2159895695557809
22-01-2026 09:40||NIFTY27JAN2626000CE,0.1318751096304571
22-01-2026 09:40||NIFTY27JAN2626200CE,0.1445275581912197
22-01-2026 09:45||NIFTY27JAN2623900PE,0.2825787385767394
22-01-2026 09:45||NIFTY27JAN2624200PE,0.2407339322391888
22-01-2026 09:50||NIFTY27JAN2623900PE,0.2746042765981391
22-01-2026 09:50||NIFTY27JAN2624100PE,0.2431563325039999
22-01-2026 09:50||NIFTY27JAN2624900PE,0.1584608732088278
22-01-2026 09:50||NIFTY27JAN2625000PE,0.1485620009230281
22-01-2026 09:50||NIFTY27JAN2625600CE,0.1065846602524008
22-01-2026 09:50||NIFTY27JAN2625800CE,0.1133794019696233
22-01-2026 09:50||NIFTY27JAN2625900CE,0.1184559944101447
22-01-2026 09:50||NIFTY27JAN2626300CE,0.1470175517723471
22-01-2026 09:50||NIFTY27JAN2626500CE,0.1618017805595533
22-01-2026 09:55||NIFTY27JAN2624700PE,0.16489776043876
22-01-2026 09:55||NIFTY27JAN2624800PE,0.1556637849378866
22-01-2026 09:55||NIFTY27JAN2624900PE,0.1423143271940909
22-01-2026 09:55||NIFTY27JAN2625200CE,0.1258087823442683
22-01-2026 09:55||NIFTY27JAN2625500CE,0.1190670877061824
22-01-2026 10:00||NIFTY27JAN2624200PE,0.2263549440742786
22-01-2026 10:00||NIFTY27JAN2624700PE,0.1691851864209191
22-01-2026 10:00||NIFTY27JAN2625100PE,0.1292954711083735
22-01-2026 10:00||NIFTY27JAN2625400CE,0.1051096226894421
22-01-2026 10:00||NIFTY27JAN2625600CE,0.1047643513335974
22-01-2026 10:00||NIFTY27JAN2626100CE,0.1281621520547347
22-01-2026 10:00||NIFTY27JAN2626500CE,0.1590700991053811
22-01-2026 10:05||NIFTY27JAN2624500PE,0.1851252596758321
22-01-2026 10:05||NIFTY27JAN2624800PE,0.1548340735720429
22-01-2026 10:05||NIFTY27JAN2625000PE,0.1361301257615554
22-01-2026 10:05||NIFTY27JAN2625400CE,0.1117124523730688
22-01-2026 10:05||NIFTY27JAN2625700CE,0.1107372007710799
22-01-2026 10:05||NIFTY27JAN2625800CE,0.113257489529211
22-01-2026 10:05||NIFTY27JAN2626100CE,0.13056573071279
22-01-2026 10:05||NIFTY27JAN2626400CE,0.1527922607511332
22-01-2026 10:10||NIFTY27JAN2623800PE,0.253190921491787
22-01-2026 10:10||NIFTY27JAN2624200PE,0.2136537344597781
22-01-2026 10:10||NIFTY27JAN2624300PE,0.2027232106457106
22-01-2026 10:10||NIFTY27JAN2624500PE,0.183876584123126
22-01-2026 10:10||NIFTY27JAN2624800PE,0.1480109992235734
22-01-2026 10:10||NIFTY27JAN2625300CE,0.128207309767695
22-01-2026 10:10||NIFTY27JAN2625500CE,0.1178336762568477
22-01-2026 10:10||NIFTY27JAN2626200CE,0.1421735198634257
22-01-2026 10:10||NIFTY27JAN2626300CE,0.1493270846295811
22-01-2026 10:15||NIFTY27JAN2623900PE,0.2522300200004818
22-01-2026 10:15||NIFTY27JAN2624400PE,0.1953532061275509
22-01-2026 10:15||NIFTY27JAN2625000PE,0.1378087826085051
22-01-2026 10:15||NIFTY27JAN2625300CE,0.10245313984528
22-01-2026 10:15||NIFTY27JAN2625400CE,0.1006003958470261
22-01-2026 10:20||NIFTY27JAN2624000PE,0.2306420505603265
22-01-2026 10:20||NIFTY27JAN2625000PE,0.1287397791958744
22-01-2026 10:20||NIFTY27JAN2625100PE,0.1215431869887763
22-01-2026 10:20||NIFTY27JAN2625400CE,0.1228332335769512
22-01-2026 10:20||NIFTY27JAN2625500CE,0.1180366416968459
22-01-2026 10:20||NIFTY27JAN2625600CE,0.1178876418465285
22-01-2026 10:20||NIFTY27JAN2625900CE,0.1243942348171475
22-01-2026 10:25||NIFTY27JAN2623900PE,0.229150609623427
22-01-2026 10:25||NIFTY27JAN2624000PE,0.2191887853269376
22-01-2026 10:25||NIFTY27JAN2624200PE,0.19838884174051
22-01-2026 10:25||NIFTY27JAN2625100PE,0.1213088978275912
22-01-2026 10:25||NIFTY27JAN2625900CE,0.1169829399783861
22-01-2026 10:25||NIFTY27JAN2626300CE,0.1490462392747758
22-01-2026 10:30||NIFTY27JAN2624300PE,0.1834247801912328
22-01-2026 10:30||NIFTY27JAN2625800CE,0.125123636725363
22-01-2026 10:30||NIFTY27JAN2626100CE,0.1439328449034474
22-01-2026 10:35||NIFTY27JAN2625100PE,0.1212369972248391
22-01-2026 10:35||NIFTY27JAN2625200CE,0.1185054873690909
22-01-2026 10:35||NIFTY27JAN2625300CE,0.1133301734270215
22-01-2026 10:35||NIFTY27JAN2625400CE,0.1089142854578074
22-01-2026 10:35||NIFTY27JAN2625800CE,0.1162479113877064
22-01-2026 10:40||NIFTY27JAN2624300PE,0.1832399698950101
22-01-2026 10:40||NIFTY27JAN2624600PE,0.1538600117144903
22-01-2026 10:40||NIFTY27JAN2625000PE,0.1234666674119307
22-01-2026 10:40||NIFTY27JAN2625800CE,0.1212312688932627
22-01-2026 10:40||NIFTY27JAN2625900CE,0.1261779167036481
22-01-2026 10:40||NIFTY27JAN2626000CE,0.1332925610027843
22-01-2026 10:45||NIFTY27JAN2623900PE,0.226288944124204
22-01-2026 10:45||NIFTY27JAN2625000PE,0.1257767316355315
22-01-2026 10:45||NIFTY27JAN2625400CE,0.1127574092543863
22-01-2026 10:45||NIFTY27JAN2625500CE,0.1118137951116908
22-01-2026 10:45||NIFTY27JAN2625700CE,0.1168489274897035
22-01-2026 10:45||NIFTY27JAN2625900CE,0.1261591549790894
22-01-2026 10:45||NIFTY27JAN2626400CE,0.1648187842934926
22-01-2026 10:45||NIFTY27JAN2626500CE,0.1740321516641523
22-01-2026 10:50||NIFTY27JAN2623900PE,0.2256637450887208
22-01-2026 10:50||NIFTY27JAN2624400PE,0.1743911858754554
22-01-2026 10:50||NIFTY27JAN2624500PE,0.165353171137495
22-01-2026 10:50||NIFTY27JAN2624600PE,0.1542662259651692
22-01-2026 10:50||NIFTY27JAN2624900PE,0.1322756124563812
22-01-2026 10:50||NIFTY27JAN2625000PE,0.1255824826815993
22-01-2026 10:50||NIFTY27JAN2625300CE,0.1156687408028661
22-01-2026 10:50||NIFTY27JAN2625700CE,0.1205874932567779
22-01-2026 10:50||NIFTY27JAN2625900CE,0.128933027414099
22-01-2026 10:50||NIFTY27JAN2626000CE,0.1365558127704122
22-01-2026 10:50||NIFTY27JAN2626300CE,0.1598243471321553
22-01-2026 10:55||NIFTY27JAN2624000PE,0.2207813751870505
22-01-2026 10:55||NIFTY27JAN2624200PE,0.1983545779781174
22-01-2026 10:55||NIFTY27JAN2624600PE,0.1630189105098699
22-01-2026 10:55||NIFTY27JAN2625900CE,0.1252835482028146
22-01-2026 11:00||NIFTY27JAN2624400PE,0.1740037805629524
22-01-2026 11:00||NIFTY27JAN2624800PE,0.1411838788033132
22-01-2026 11:00||NIFTY27JAN2626300CE,0.1643530075584243
22-01-2026 11:05||NIFTY27JAN2624500PE,0.1630580271258392
22-01-2026 11:05||NIFTY27JAN2624800PE,0.1398720726298693
22-01-2026 11:05||NIFTY27JAN2625500CE,0.11927860790832
22-01-2026 11:05||NIFTY27JAN2625600CE,0.1214696096643977
22-01-2026 11:05||NIFTY27JAN2625900CE,0.1358146639008139
22-01-2026 11:05||NIFTY27JAN2626200CE,0.1575652201588765
22-01-2026 11:10||NIFTY27JAN2623800PE,0.2339246537718737
22-01-2026 11:10||NIFTY27JAN2624300PE,0.1831294824275096
22-01-2026 11:10||NIFTY27JAN2624600PE,0.1566759638240824
22-01-2026 11:10||NIFTY27JAN2624700PE,0.1494631529817461
22-01-2026 11:10||NIFTY27JAN2625000PE,0.130063673887762
22-01-2026 11:10||NIFTY27JAN2625100PE,0.1253305412218389
22-01-2026 11:10||NIFTY27JAN2625400CE,0.1163598686630718
22-01-2026 11:10||NIFTY27JAN2625800CE,0.1288087595756698
22-01-2026 11:10||NIFTY27JAN2626100CE,0.1483423881115436
22-01-2026 11:15||NIFTY27JAN2623900PE,0.2219107328942568
22-01-2026 11:15||NIFTY27JAN2624300PE,0.1823056597405439
22-01-2026 11:15||NIFTY27JAN2625600CE,0.1191616549920091
22-01-2026 11:15||NIFTY27JAN2625800CE,0.1292054998110281
22-01-2026 11:15||NIFTY27JAN2626100CE,0.1507774844137966
22-01-2026 11:15||NIFTY27JAN2626200CE,0.1581656533448784
22-01-2026 11:15||NIFTY27JAN2626400CE,0.1740243963415977
22-01-2026 11:15||NIFTY27JAN2626500CE,0.1821503958383928
22-01-2026 11:20||NIFTY27JAN2623900PE,0.2188876661523051
22-01-2026 11:20||NIFTY27JAN2624700PE,0.1417285584609758
22-01-2026 11:20||NIFTY27JAN2624800PE,0.1343080087412774
22-01-2026 11:20||NIFTY27JAN2625600CE,0.1271675119643447
22-01-2026 11:20||NIFTY27JAN2625900CE,0.1385634415165439
22-01-2026 11:25||NIFTY27JAN2623800PE,0.2368367665852523
22-01-2026 11:25||NIFTY27JAN2623900PE,0.2272155876904658
22-01-2026 11:25||NIFTY27JAN2624000PE,0.2167868317580969
22-01-2026 11:25||NIFTY27JAN2624500PE,0.1657747374784169
22-01-2026 11:25||NIFTY27JAN2624600PE,0.1579688233885399
22-01-2026 11:25||NIFTY27JAN2625800CE,0.1220066108916677
22-01-2026 11:25||NIFTY27JAN2625900CE,0.1271880626144063
22-01-2026 11:25||NIFTY27JAN2626500CE,0.177984205403466
22-01-2026 11:30||NIFTY27JAN2624300PE,0.1801511266576099
22-01-2026 11:30||NIFTY27JAN2625800CE,0.1309161069844047
22-01-2026 11:30||NIFTY27JAN2626000CE,0.1439526680067984
22-01-2026 11:35||NIFTY27JAN2624200PE,0.191403057952888
22-01-2026 11:35||NIFTY27JAN2625500CE,0.1159405053661032
22-01-2026 11:35||NIFTY27JAN2625900CE,0.1315390161271137
22-01-2026 11:40||NIFTY27JAN2624200PE,0.1926846143918272
22-01-2026 11:40||NIFTY27JAN2624700PE,0.1501730221914868
22-01-2026 11:40||NIFTY27JAN2625200CE,0.1208892065863348
22-01-2026 11:40||NIFTY27JAN2626300CE,0.1669866056277769
22-01-2026 11:45||NIFTY27JAN2623900PE,0.2182947501755078
22-01-2026 11:45||NIFTY27JAN2624400PE,0.1670447334693729
22-01-2026 11:45||NIFTY27JAN2625000PE,0.1249765977795218
22-01-2026 11:45||NIFTY27JAN2626500CE,0.1875471769255812
22-01-2026 11:50||NIFTY27JAN2624500PE,0.1644767361745451
22-01-2026 11:50||NIFTY27JAN2624800PE,0.1414492270074171
22-01-2026 11:50||NIFTY27JAN2625200CE,0.1265531677974245
22-01-2026 11:50||NIFTY27JAN2625700CE,0.1272872271109016
22-01-2026 11:50||NIFTY27JAN2626200CE,0.1606129592131688
22-01-2026 11:50||NIFTY27JAN2626300CE,0.1687630687635095
22-01-2026 11:55||NIFTY27JAN2624000PE,0.208654471733123
22-01-2026 11:55||NIFTY27JAN2625000PE,0.1296876187511776
22-01-2026 12:00||NIFTY27JAN2623800PE,0.2278774519220505
22-01-2026 12:00||NIFTY27JAN2624300PE,0.1765524746617192
22-01-2026 12:00||NIFTY27JAN2625600CE,0.1321518702814645
22-01-2026 12:00||NIFTY27JAN2625700CE,0.1347669535555899
22-01-2026 12:00||NIFTY27JAN2626100CE,0.1592869310970031
22-01-2026 12:00||NIFTY27JAN2626400CE,0.1833889751825957
22-01-2026 12:05||NIFTY27JAN2624300PE,0.1789336229973077
22-01-2026 12:05||NIFTY27JAN2625600CE,0.1262084455110234
22-01-2026 12:05||NIFTY27JAN2625700CE,0.1289917467979094
22-01-2026 12:05||NIFTY27JAN2626000CE,0.1466134194270851
22-01-2026 12:05||NIFTY27JAN2626300CE,0.1699897000257526
22-01-2026 12:10||NIFTY27JAN2624000PE,0.2092166846284878
22-01-2026 12:10||NIFTY27JAN2624500PE,0.1596042288460518
22-01-2026 12:10||NIFTY27JAN2625500CE,0.1234004352339257
22-01-2026 12:10||NIFTY27JAN2625800CE,0.1332649443432009
22-01-2026 12:10||NIFTY27JAN2626100CE,0.1526909264221011
22-01-2026 12:15||NIFTY27JAN2623800PE,0.2296993055953524
22-01-2026 12:15||NIFTY27JAN2624000PE,0.2071318975294574
22-01-2026 12:15||NIFTY27JAN2624500PE,0.1558807095636658
22-01-2026 12:15||NIFTY27JAN2626100CE,0.1532081121511585
22-01-2026 12:15||NIFTY27JAN2626400CE,0.1773993631410597
22-01-2026 12:15||NIFTY27JAN2626500CE,0.1867931421588256
22-01-2026 12:20||NIFTY27JAN2624800PE,0.1426861979443857
22-01-2026 12:20||NIFTY27JAN2624900PE,0.1371678004423173
22-01-2026 12:20||NIFTY27JAN2625900CE,0.1295103880731599
22-01-2026 12:20||NIFTY27JAN2626000CE,0.138264917071037
22-01-2026 12:20||NIFTY27JAN2626500CE,0.1811784042220269
22-01-2026 12:25||NIFTY27JAN2623900PE,0.2205410919521761
22-01-2026 12:25||NIFTY27JAN2624200PE,0.1884749040452497
22-01-2026 12:25||NIFTY27JAN2624700PE,0.1433236676942563
22-01-2026 12:25||NIFTY27JAN2624800PE,0.1356094999661218
22-01-2026 12:25||NIFTY27JAN2625300CE,0.1263954771496226
22-01-2026 12:30||NIFTY27JAN2624200PE,0.1890847778478402
22-01-2026 12:30||NIFTY27JAN2624400PE,0.1686298596079703
22-01-2026 12:30||NIFTY27JAN2624500PE,0.1598108920869525
22-01-2026 12:30||NIFTY27JAN2625100PE,0.1226732423475055
22-01-2026 12:30||NIFTY27JAN2625700CE,0.1236054923346617
22-01-2026 12:30||NIFTY27JAN2625800CE,0.128220112738038
22-01-2026 12:30||NIFTY27JAN2625900CE,0.1329106508662129
22-01-2026 12:30||NIFTY27JAN2626400CE,0.1728219201798171
22-01-2026 12:35||NIFTY27JAN2623800PE,0.233868676814405
22-01-2026 12:35||NIFTY27JAN2624400PE,0.1707527076749656
22-01-2026 12:35||NIFTY27JAN2626100CE,0.1456772344864909
22-01-2026 12:35||NIFTY27JAN2626300CE,0.1630714386502971
22-01-2026 12:40||NIFTY27JAN2624100PE,0.1985984859622085
22-01-2026 12:40||NIFTY27JAN2626200CE,0.1577432639070397
22-01-2026 12:45||NIFTY27JAN2624700PE,0.143525900179329
22-01-2026 12:45||NIFTY27JAN2624900PE,0.1294137607833688
22-01-2026 12:45||NIFTY27JAN2625200CE,0.1156372887216558
22-01-2026 12:45||NIFTY27JAN2625700CE,0.1206114481879102
22-01-2026 12:45||NIFTY27JAN2625800CE,0.1254872613700082
22-01-2026 12:45||NIFTY27JAN2626000CE,0.1400084651965365
22-01-2026 12:45||NIFTY27JAN2626100CE,0.1471732130507169
22-01-2026 12:45||NIFTY27JAN2626200CE,0.1554663039396442
22-01-2026 12:45||NIFTY27JAN2626300CE,0.1636244452648587
22-01-2026 12:45||NIFTY27JAN2626400CE,0.1719347399313412
22-01-2026 12:50||NIFTY27JAN2624200PE,0.1888444392688456
22-01-2026 12:50||NIFTY27JAN2624300PE,0.1796648543463725
22-01-2026 12:50||NIFTY27JAN2624900PE,0.1320812982457327
22-01-2026 12:50||NIFTY27JAN2625900CE,0.1288322577726203
22-01-2026 12:50||NIFTY27JAN2626200CE,0.1549659012875858
22-01-2026 12:50||NIFTY27JAN2626300CE,0.1636948249210925
22-01-2026 12:55||NIFTY27JAN2624400PE,0.1641709277029076
22-01-2026 12:55||NIFTY27JAN2625100PE,0.118771696013907
22-01-2026 12:55||NIFTY27JAN2626100CE,0.1528422794418777
22-01-2026 12:55||NIFTY27JAN2626400CE,0.1789034178050165
22-01-2026 13:00||NIFTY27JAN2624000PE,0.2042174273065991
22-01-2026 13:00||NIFTY27JAN2624400PE,0.1631801318704575
22-01-2026 13:00||NIFTY27JAN2624900PE,0.1264236050956486
22-01-2026 13:00||NIFTY27JAN2625700CE,0.125035315115602
22-01-2026 13:05||NIFTY27JAN2623800PE,0.226860208653277
22-01-2026 13:05||NIFTY27JAN2624100PE,0.1937617215471964
22-01-2026 13:05||NIFTY27JAN2624400PE,0.1638946916665263
22-01-2026 13:05||NIFTY27JAN2625000PE,0.1230149813508329
22-01-2026 13:05||NIFTY27JAN2625300CE,0.1144014484713869
22-01-2026 13:05||NIFTY27JAN2625400CE,0.1140985253712129
22-01-2026 13:05||NIFTY27JAN2625700CE,0.124889203993988
22-01-2026 13:10||NIFTY27JAN2624200PE,0.1833270187519741
22-01-2026 13:10||NIFTY27JAN2625300CE,0.113867899913628
22-01-2026 13:10||NIFTY27JAN2625500CE,0.115210501773908
22-01-2026 13:10||NIFTY27JAN2626000CE,0.1443012056367509
22-01-2026 13:10||NIFTY27JAN2626500CE,0.1902294498801369
22-01-2026 13:15||NIFTY27JAN2624200PE,0.181282150389431
22-01-2026 13:15||NIFTY27JAN2624600PE,0.1415470389983535
22-01-2026 13:15||NIFTY27JAN2624700PE,0.1331712618052059
22-01-2026 13:15||NIFTY27JAN2625200CE,0.126807840853113
22-01-2026 13:15||NIFTY27JAN2625600CE,0.1241396986859824
22-01-2026 13:20||NIFTY27JAN2623900PE,0.2148364293710671
22-01-2026 13:20||NIFTY27JAN2624700PE,0.1366121892026889
22-01-2026 13:20||NIFTY27JAN2624900PE,0.1231706793693325
22-01-2026 13:20||NIFTY27JAN2625200CE,0.1199601537282386
22-01-2026 13:20||NIFTY27JAN2625500CE,0.1183595146116611
22-01-2026 13:20||NIFTY27JAN2626100CE,0.1536015278408829
22-01-2026 13:25||NIFTY27JAN2624900PE,0.1281562120944546
22-01-2026 13:25||NIFTY27JAN2625100PE,0.1195736807567276
22-01-2026 13:25||NIFTY27JAN2625800CE,0.1299463196217958
22-01-2026 13:25||NIFTY27JAN2626100CE,0.1538707258368772
22-01-2026 13:25||NIFTY27JAN2626300CE,0.1723212623572526
22-01-2026 13:30||NIFTY27JAN2623800PE,0.2210555193233419
22-01-2026 13:30||NIFTY27JAN2624000PE,0.2002027636962979
22-01-2026 13:30||NIFTY27JAN2624100PE,0.1892025932994474
22-01-2026 13:30||NIFTY27JAN2624600PE,0.1375087849945323
22-01-2026 13:30||NIFTY27JAN2625100PE,0.1173853011795868
22-01-2026 13:30||NIFTY27JAN2625800CE,0.1358192130875918
22-01-2026 13:30||NIFTY27JAN2625900CE,0.141639974594414
22-01-2026 13:35||NIFTY27JAN2623800PE,0.2263641042485465
22-01-2026 13:35||NIFTY27JAN2623900PE,0.2156558905603527
22-01-2026 13:35||NIFTY27JAN2624400PE,0.1670300258916562
22-01-2026 13:35||NIFTY27JAN2624600PE,0.1490155310606221
22-01-2026 13:35||NIFTY27JAN2624700PE,0.1405677148000281
22-01-2026 13:35||NIFTY27JAN2625300CE,0.1072301234495162
22-01-2026 13:35||NIFTY27JAN2625500CE,0.1101586557316916
22-01-2026 13:35||NIFTY27JAN2625700CE,0.1199238752499591
22-01-2026 13:35||NIFTY27JAN2626000CE,0.1412528768595533
22-01-2026 13:35||NIFTY27JAN2626100CE,0.149709284824388
22-01-2026 13:35||NIFTY27JAN2626400CE,0.1757205629508977
22-01-2026 13:40||NIFTY27JAN2624000PE,0.2031974472372561
22-01-2026 13:40||NIFTY27JAN2624200PE,0.180940100849007
22-01-2026 13:40||NIFTY27JAN2624300PE,0.1714113074601769
22-01-2026 13:40||NIFTY27JAN2624400PE,0.1614906816990904
22-01-2026 13:40||NIFTY27JAN2624900PE,0.121010772350024
22-01-2026 13:40||NIFTY27JAN2625100PE,0.1117534390241213
22-01-2026 13:40||NIFTY27JAN2625300CE,0.1204183879108996
22-01-2026 13:40||NIFTY27JAN2625400CE,0.1192571818360047
22-01-2026 13:40||NIFTY27JAN2625600CE,0.1217289195255996
22-01-2026 13:40||NIFTY27JAN2626000CE,0.1463585534668795
22-01-2026 13:40||NIFTY27JAN2626300CE,0.171598861761424
22-01-2026 13:45||NIFTY27JAN2624400PE,0.1597696361299087
22-01-2026 13:45||NIFTY27JAN2625200CE,0.1282708748936369
22-01-2026 13:45||NIFTY27JAN2625800CE,0.1339354640801388
22-01-2026 13:45||NIFTY27JAN2626100CE,0.1554442154729864
22-01-2026 13:45||NIFTY27JAN2626300CE,0.1726517915584856
22-01-2026 13:50||NIFTY27JAN2623800PE,0.2242432770486245
22-01-2026 13:50||NIFTY27JAN2625200CE,0.1165821612534047
22-01-2026 13:50||NIFTY27JAN2626300CE,0.1711480402463198
22-01-2026 13:55||NIFTY27JAN2624500PE,0.1551420196091037
22-01-2026 13:55||NIFTY27JAN2624600PE,0.1448757711573012
22-01-2026 13:55||NIFTY27JAN2624800PE,0.1288370530024371
22-01-2026 13:55||NIFTY27JAN2625400CE,0.1139605998451312
22-01-2026 13:55||NIFTY27JAN2625500CE,0.1150292279753291
22-01-2026 13:55||NIFTY27JAN2625900CE,0.1323569823545966
22-01-2026 13:55||NIFTY27JAN2626000CE,0.1415935485704835
22-01-2026 13:55||NIFTY27JAN2626400CE,0.1758776266838933
22-01-2026 14:00||NIFTY27JAN2623800PE,0.225174621473187
22-01-2026 14:00||NIFTY27JAN2623900PE,0.2151510435350418
22-01-2026 14:00||NIFTY27JAN2624300PE,0.1717335085918043
22-01-2026 14:00||NIFTY27JAN2625000PE,0.1195537412498656
22-01-2026 14:00||NIFTY27JAN2625300CE,0.1107449447446833
22-01-2026 14:00||NIFTY27JAN2625500CE,0.1118652814018139
22-01-2026 14:00||NIFTY27JAN2625600CE,0.1143703595580904
22-01-2026 14:00||NIFTY27JAN2626500CE,0.1852995847029238
22-01-2026 14:05||NIFTY27JAN2623800PE,0.2241019431735985
22-01-2026 14:05||NIFTY27JAN2624000PE,0.2017832417844207
22-01-2026 14:05||NIFTY27JAN2624200PE,0.1793418258016503
22-01-2026 14:05||NIFTY27JAN2624300PE,0.1693587462145124
22-01-2026 14:05||NIFTY27JAN2625200CE,0.1088562574339265
22-01-2026 14:05||NIFTY27JAN2626200CE,0.1595898441500639
22-01-2026 14:05||NIFTY27JAN2626400CE,0.1772287742341305
22-01-2026 14:10||NIFTY27JAN2623900PE,0.2133792476334788
22-01-2026 14:10||NIFTY27JAN2624200PE,0.1808227552103957
22-01-2026 14:10||NIFTY27JAN2625100PE,0.1129051871453503
22-01-2026 14:10||NIFTY27JAN2625900CE,0.1340056262341655
22-01-2026 14:15||NIFTY27JAN2623800PE,0.2199475962258443
22-01-2026 14:15||NIFTY27JAN2624600PE,0.1399881620944025
22-01-2026 14:15||NIFTY27JAN2625000PE,0.1110439830161915
22-01-2026 14:15||NIFTY27JAN2625100PE,0.1065075500823018
22-01-2026 14:15||NIFTY27JAN2626500CE,0.1924374243205865
22-01-2026 14:20||NIFTY27JAN2623800PE,0.2205353162252703
22-01-2026 14:20||NIFTY27JAN2623900PE,0.2092863370899755
22-01-2026 14:20||NIFTY27JAN2624000PE,0.1980177767529824
22-01-2026 14:20||NIFTY27JAN2624100PE,0.1873457490517602
22-01-2026 14:20||NIFTY27JAN2624400PE,0.1558603077002134
22-01-2026 14:20||NIFTY27JAN2624900PE,0.1157435187195646
22-01-2026 14:20||NIFTY27JAN2625400CE,0.1128950440616769
22-01-2026 14:20||NIFTY27JAN2625700CE,0.1218266325998645
22-01-2026 14:20||NIFTY27JAN2625800CE,0.1263073988000863
22-01-2026 14:20||NIFTY27JAN2625900CE,0.1334971069929429
22-01-2026 14:20||NIFTY27JAN2626100CE,0.1531552196608392
22-01-2026 14:20||NIFTY27JAN2626200CE,0.1641857427725406
22-01-2026 14:25||NIFTY27JAN2624200PE,0.1759557706576086
22-01-2026 14:25||NIFTY27JAN2624300PE,0.1653196311556843
22-01-2026 14:25||NIFTY27JAN2624600PE,0.1343860048848143
22-01-2026 14:25||NIFTY27JAN2624700PE,0.1245581559679853
22-01-2026 14:25||NIFTY27JAN2626500CE,0.1873708784472575
22-01-2026 14:30||NIFTY27JAN2623800PE,0.2241652803777694
22-01-2026 14:30||NIFTY27JAN2624300PE,0.1679563427981407
22-01-2026 14:30||NIFTY27JAN2625600CE,0.1217023445827428
22-01-2026 14:30||NIFTY27JAN2625700CE,0.1220830735538368
22-01-2026 14:30||NIFTY27JAN2625900CE,0.1329196936002004
22-01-2026 14:30||NIFTY27JAN2626500CE,0.1819114155995679
22-01-2026 14:35||NIFTY27JAN2624000PE,0.2079942838705486
22-01-2026 14:35||NIFTY27JAN2624800PE,0.1231794893013996
22-01-2026 14:35||NIFTY27JAN2625500CE,0.1175246596482528
22-01-2026 14:40||NIFTY27JAN2623800PE,0.2297573980397031
22-01-2026 14:40||NIFTY27JAN2625200CE,0.1234609229897487
22-01-2026 14:40||NIFTY27JAN2625400CE,0.1128167635921315
22-01-2026 14:40||NIFTY27JAN2626100CE,0.1407508958317429
22-01-2026 14:40||NIFTY27JAN2626500CE,0.1727780981215265
22-01-2026 14:45||NIFTY27JAN2624000PE,0.2051317095206656
22-01-2026 14:45||NIFTY27JAN2626100CE,0.137026708668044
22-01-2026 14:50||NIFTY27JAN2624400PE,0.1601293887620427
22-01-2026 14:50||NIFTY27JAN2624500PE,0.1497812801359688
22-01-2026 14:50||NIFTY27JAN2625400CE,0.1083197338512209
22-01-2026 14:50||NIFTY27JAN2625500CE,0.107462639257449
22-01-2026 14:50||NIFTY27JAN2625600CE,0.1089792832049453
22-01-2026 14:50||NIFTY27JAN2626200CE,0.1449281201633201
22-01-2026 14:55||NIFTY27JAN2624300PE,0.1694673283307632
22-01-2026 14:55||NIFTY27JAN2625000PE,0.1092816515945145
22-01-2026 14:55||NIFTY27JAN2626100CE,0.1354449623625965
22-01-2026 14:55||NIFTY27JAN2626500CE,0.1713819047079414
22-01-2026 15:00||NIFTY27JAN2624300PE,0.1688514082635863
22-01-2026 15:00||NIFTY27JAN2624600PE,0.1370312789990117
22-01-2026 15:00||NIFTY27JAN2624900PE,0.1162233040612742
22-01-2026 15:00||NIFTY27JAN2625600CE,0.1069797898187642
22-01-2026 15:00||NIFTY27JAN2626400CE,0.1622594232217242
22-01-2026 15:05||NIFTY27JAN2625300CE,0.1263914146361237
22-01-2026 15:05||NIFTY27JAN2625400CE,0.1213870720831604
22-01-2026 15:05||NIFTY27JAN2625600CE,0.1169064285130358
22-01-2026 15:10||NIFTY27JAN2623800PE,0.2262536999053255
22-01-2026 15:10||NIFTY27JAN2624000PE,0.2045642108755825
22-01-2026 15:10||NIFTY27JAN2624200PE,0.180383838807052
22-01-2026 15:10||NIFTY27JAN2625100PE,0.1001204633873598
22-01-2026 15:10||NIFTY27JAN2625600CE,0.108189672588854
22-01-2026 15:10||NIFTY27JAN2626100CE,0.1299110238817967
22-01-2026 15:15||NIFTY27JAN2623800PE,0.2240464184698286
22-01-2026 15:15||NIFTY27JAN2624200PE,0.1772923867676375
22-01-2026 15:15||NIFTY27JAN2624600PE,0.1342250307883259
22-01-2026 15:15||NIFTY27JAN2625400CE,0.1150098430869303
22-01-2026 15:15||NIFTY27JAN2625800CE,0.1119995264166462
22-01-2026 15:15||NIFTY27JAN2625900CE,0.1170602941728151
22-01-2026 15:15||NIFTY27JAN2626200CE,0.1407356862265351
22-01-2026 15:15||NIFTY27JAN2626300CE,0.1483336945840895
22-01-2026 15:20||NIFTY27JAN2624800PE,0.1156552561468848
22-01-2026 15:20||NIFTY27JAN2625200CE,0.1294561968443603
22-01-2026 15:20||NIFTY27JAN2626400CE,0.1573783382558518
22-01-2026 15:25||NIFTY27JAN2623800PE,0.2262918219112156
22-01-2026 15:25||NIFTY27JAN2624300PE,0.1687487973212451
22-01-2026 15:25||NIFTY27JAN2624700PE,0.125767664992745
22-01-2026 15:25||NIFTY27JAN2625100PE,0.0944020895204204
22-01-2026 15:25||NIFTY27JAN2625200CE,0.1250099127551679
22-01-2026 15:25||NIFTY27JAN2625300CE,0.1203664153557433
22-01-2026 15:25||NIFTY27JAN2625600CE,0.1091932989357471
22-01-2026 15:25||NIFTY27JAN2625900CE,0.1146942089914387
22-01-2026 15:25||NIFTY27JAN2626000CE,0.1226565016850962
22-01-2026 15:25||NIFTY27JAN2626400CE,0.1580842496820773
23-01-2026 09:15||NIFTY27JAN2624100PE,0.2067979832516484
23-01-2026 09:15||NIFTY27JAN2624200PE,0.1939047066151315
23-01-2026 09:15||NIFTY27JAN2624300PE,0.1842918368979953
23-01-2026 09:15||NIFTY27JAN2625500CE,0.1138414638792232
23-01-2026 09:15||NIFTY27JAN2626000CE,0.1340467149292468
23-01-2026 09:15||NIFTY27JAN2626100CE,0.1438006400576555
23-01-2026 09:15||NIFTY27JAN2626200CE,0.1539004004178104
23-01-2026 09:15||NIFTY27JAN2626300CE,0.1638175447199923
23-01-2026 09:15||NIFTY27JAN2626500CE,0.1826523736304877
23-01-2026 09:20||NIFTY27JAN2623900PE,0.2316409065682801
23-01-2026 09:20||NIFTY27JAN2624400PE,0.1684806754503307
23-01-2026 09:20||NIFTY27JAN2625500CE,0.1254094195357697
23-01-2026 09:20||NIFTY27JAN2626200CE,0.154512952181774
23-01-2026 09:20||NIFTY27JAN2626400CE,0.1750532292932584
23-01-2026 09:25||NIFTY27JAN2623800PE,0.2517240983420405
23-01-2026 09:25||NIFTY27JAN2625100PE,0.1138482741807313
23-01-2026 09:25||NIFTY27JAN2626100CE,0.1361463262142883
23-01-2026 09:25||NIFTY27JAN2626200CE,0.1462924980684479
23-01-2026 09:25||NIFTY27JAN2626400CE,0.1665793813818406
23-01-2026 09:30||NIFTY27JAN2623900PE,0.2430682981005506
23-01-2026 09:30||NIFTY27JAN2624000PE,0.2289617169066009
23-01-2026 09:30||NIFTY27JAN2624400PE,0.1782806971317047
23-01-2026 09:30||NIFTY27JAN2624500PE,0.1656128236325462
23-01-2026 09:30||NIFTY27JAN2624600PE,0.1537354962242186
23-01-2026 09:30||NIFTY27JAN2624700PE,0.1444586113853515
23-01-2026 09:30||NIFTY27JAN2625200CE,0.1163717679700713
23-01-2026 09:30||NIFTY27JAN2626300CE,0.1567837464550309
23-01-2026 09:35||NIFTY27JAN2623900PE,0.2398910706917805
23-01-2026 09:35||NIFTY27JAN2624000PE,0.2270565786133606
23-01-2026 09:35||NIFTY27JAN2624400PE,0.1761641951712516
23-01-2026 09:35||NIFTY27JAN2625500CE,0.1087055926240782
23-01-2026 09:35||NIFTY27JAN2626100CE,0.1380744475549739
23-01-2026 09:40||NIFTY27JAN2625400CE,0.1047941198951753
23-01-2026 09:40||NIFTY27JAN2625500CE,0.103719162667838
23-01-2026 09:40||NIFTY27JAN2626000CE,0.1276591041144188
23-01-2026 09:45||NIFTY27JAN2623900PE,0.236669829225914
23-01-2026 09:45||NIFTY27JAN2624100PE,0.2097780412946743
23-01-2026 09:45||NIFTY27JAN2624300PE,0.1844746966596534
23-01-2026 09:45||NIFTY27JAN2624800PE,0.1246055724645003
23-01-2026 09:45||NIFTY27JAN2624900PE,0.1162369234059014
23-01-2026 09:45||NIFTY27JAN2626100CE,0.1428560494770186
23-01-2026 09:45||NIFTY27JAN2626400CE,0.1746454282742282
23-01-2026 09:50||NIFTY27JAN2623900PE,0.239105466201622
23-01-2026 09:50||NIFTY27JAN2624200PE,0.2015500507231418
23-01-2026 09:50||NIFTY27JAN2624400PE,0.1775583306109378
23-01-2026 09:50||NIFTY27JAN2624700PE,0.1426085111414862
23-01-2026 09:50||NIFTY27JAN2625200CE,0.1194876241332319
23-01-2026 09:50||NIFTY27JAN2625300CE,0.1085259318687555
23-01-2026 09:50||NIFTY27JAN2625700CE,0.1027285835394985
23-01-2026 09:50||NIFTY27JAN2625800CE,0.1071723375392553
23-01-2026 09:55||NIFTY27JAN2623800PE,0.2475931420871581
23-01-2026 09:55||NIFTY27JAN2624200PE,0.1984486199502723
23-01-2026 09:55||NIFTY27JAN2624800PE,0.1301688059237595
23-01-2026 09:55||NIFTY27JAN2625000PE,0.1155539477002337
23-01-2026 09:55||NIFTY27JAN2625200CE,0.1204438316178625
23-01-2026 09:55||NIFTY27JAN2625700CE,0.1073074373537038
23-01-2026 09:55||NIFTY27JAN2626300CE,0.1632131096705458
23-01-2026 10:00||NIFTY27JAN2624700PE,0.140603329205776
23-01-2026 10:00||NIFTY27JAN2625900CE,0.1176527312980485
23-01-2026 10:00||NIFTY27JAN2626000CE,0.12760887993724
23-01-2026 10:00||NIFTY27JAN2626100CE,0.1381833196045399
23-01-2026 10:00||NIFTY27JAN2626300CE,0.1607161524158343
23-01-2026 10:05||NIFTY27JAN2623800PE,0.2474071332986709
23-01-2026 10:05||NIFTY27JAN2624100PE,0.2122941403083562
23-01-2026 10:05||NIFTY27JAN2624600PE,0.1504927188846818
23-01-2026 10:05||NIFTY27JAN2624800PE,0.1308917455710809
23-01-2026 10:05||NIFTY27JAN2626200CE,0.1507281619820247
23-01-2026 10:10||NIFTY27JAN2623800PE,0.2485251860229255
23-01-2026 10:10||NIFTY27JAN2624000PE,0.2238252442980639
23-01-2026 10:10||NIFTY27JAN2624400PE,0.1732765110145927
23-01-2026 10:10||NIFTY27JAN2624600PE,0.1484199986958614
23-01-2026 10:10||NIFTY27JAN2624800PE,0.1305523456166886
23-01-2026 10:10||NIFTY27JAN2625300CE,0.106817926415813
23-01-2026 10:15||NIFTY27JAN2624700PE,0.1406083499960248
23-01-2026 10:15||NIFTY27JAN2625700CE,0.1013795525607158
23-01-2026 10:15||NIFTY27JAN2625900CE,0.117255685196398
23-01-2026 10:15||NIFTY27JAN2626000CE,0.1288032922759356
23-01-2026 10:15||NIFTY27JAN2626400CE,0.1734119026335452
23-01-2026 10:20||NIFTY27JAN2625700CE,0.1042861842938896
23-01-2026 10:20||NIFTY27JAN2625800CE,0.1111649316386794
23-01-2026 10:20||NIFTY27JAN2626100CE,0.1430452397477701
23-01-2026 10:20||NIFTY27JAN2626500CE,0.1874476013012395
23-01-2026 10:25||NIFTY27JAN2623800PE,0.2450225107722047
23-01-2026 10:25||NIFTY27JAN2624400PE,0.1687766622175275
23-01-2026 10:25||NIFTY27JAN2624600PE,0.1456912714587447
23-01-2026 10:25||NIFTY27JAN2625100PE,0.1063337317565064
23-01-2026 10:25||NIFTY27JAN2625400CE,0.110628376067229
23-01-2026 10:25||NIFTY27JAN2626000CE,0.1322883314602108
23-01-2026 10:30||NIFTY27JAN2624100PE,0.2123921075686269
23-01-2026 10:30||NIFTY27JAN2624400PE,0.1758404563969929
23-01-2026 10:30||NIFTY27JAN2624600PE,0.15130668717143
23-01-2026 10:30||NIFTY27JAN2625100PE,0.1073386352800022
23-01-2026 10:35||NIFTY27JAN2624000PE,0.2253330926598278
23-01-2026 10:35||NIFTY27JAN2624100PE,0.2131962487021311
23-01-2026 10:35||NIFTY27JAN2624200PE,0.2010157847772062
23-01-2026 10:35||NIFTY27JAN2624500PE,0.1626772559354689
23-01-2026 10:35||NIFTY27JAN2624900PE,0.1224799798514118
23-01-2026 10:35||NIFTY27JAN2625100PE,0.1106639164520531
23-01-2026 10:35||NIFTY27JAN2625600CE,0.0978993599682283
23-01-2026 10:40||NIFTY27JAN2624000PE,0.2260560861023953
23-01-2026 10:40||NIFTY27JAN2624600PE,0.1517952275877582
23-01-2026 10:40||NIFTY27JAN2624800PE,0.1297012900007313
23-01-2026 10:40||NIFTY27JAN2625300CE,0.1049433789445628
23-01-2026 10:40||NIFTY27JAN2625800CE,0.1052765934759006
23-01-2026 10:45||NIFTY27JAN2624100PE,0.2125415642405719
23-01-2026 10:45||NIFTY27JAN2625100PE,0.1039749560221478
23-01-2026 10:45||NIFTY27JAN2625900CE,0.1141850293522758
23-01-2026 10:45||NIFTY27JAN2626200CE,0.1476836488399037
23-01-2026 10:45||NIFTY27JAN2626500CE,0.1812708529063763
23-01-2026 10:50||NIFTY27JAN2623900PE,0.2386424142772183
23-01-2026 10:50||NIFTY27JAN2625400CE,0.1001799992867296
23-01-2026 10:50||NIFTY27JAN2625700CE,0.0997045934617446
23-01-2026 10:50||NIFTY27JAN2626200CE,0.1510633764186615
23-01-2026 10:50||NIFTY27JAN2626300CE,0.1624536209341585
23-01-2026 10:50||NIFTY27JAN2626400CE,0.1712965860080136
23-01-2026 10:55||NIFTY27JAN2623800PE,0.2488976411993262
23-01-2026 10:55||NIFTY27JAN2624600PE,0.1468090953835046
23-01-2026 10:55||NIFTY27JAN2624900PE,0.1164636010559041
23-01-2026 10:55||NIFTY27JAN2626200CE,0.150049726791394
23-01-2026 11:00||NIFTY27JAN2625100PE,0.1077995895569706
23-01-2026 11:00||NIFTY27JAN2625400CE,0.0952662190154628
23-01-2026 11:00||NIFTY27JAN2625800CE,0.1046843638661487
23-01-2026 11:00||NIFTY27JAN2626100CE,0.1389964237189523
23-01-2026 11:05||NIFTY27JAN2624200PE,0.1959294343752826
23-01-2026 11:05||NIFTY27JAN2625600CE,0.0997838980437268
23-01-2026 11:05||NIFTY27JAN2625700CE,0.1024218300665256
23-01-2026 11:05||NIFTY27JAN2626200CE,0.1534152779706638
23-01-2026 11:05||NIFTY27JAN2626500CE,0.1837991051090125
23-01-2026 11:10||NIFTY27JAN2624000PE,0.2219456813241286
23-01-2026 11:10||NIFTY27JAN2624100PE,0.2091380882857897
23-01-2026 11:10||NIFTY27JAN2625300CE,0.1008306155861618
23-01-2026 11:10||NIFTY27JAN2626300CE,0.1623831070164214
23-01-2026 11:15||NIFTY27JAN2624200PE,0.1968147284829558
23-01-2026 11:15||NIFTY27JAN2624800PE,0.1266209045286382
23-01-2026 11:15||NIFTY27JAN2624900PE,0.1196310574450672
23-01-2026 11:15||NIFTY27JAN2625300CE,0.0931364930722037
23-01-2026 11:15||NIFTY27JAN2625400CE,0.0923364282686607
23-01-2026 11:15||NIFTY27JAN2625500CE,0.0923264799618259
23-01-2026 11:15||NIFTY27JAN2625700CE,0.0991472087799217
23-01-2026 11:15||NIFTY27JAN2626300CE,0.1624216021548766
23-01-2026 11:20||NIFTY27JAN2624100PE,0.2079591077568913
23-01-2026 11:20||NIFTY27JAN2624400PE,0.1670772156986303
23-01-2026 11:20||NIFTY27JAN2624800PE,0.1234984282288521
23-01-2026 11:20||NIFTY27JAN2625100PE,0.1010366846259979
23-01-2026 11:20||NIFTY27JAN2626000CE,0.1306375154648914
23-01-2026 11:20||NIFTY27JAN2626300CE,0.1647051284846726
23-01-2026 11:25||NIFTY27JAN2623800PE,0.2446198640704223
23-01-2026 11:25||NIFTY27JAN2623900PE,0.2338058769280394
23-01-2026 11:25||NIFTY27JAN2624900PE,0.1145235548232926
23-01-2026 11:25||NIFTY27JAN2625200CE,0.1009163587386061
23-01-2026 11:25||NIFTY27JAN2625800CE,0.1066803762030907
23-01-2026 11:25||NIFTY27JAN2626400CE,0.1750806538322849
23-01-2026 11:30||NIFTY27JAN2624700PE,0.1365636723838303
23-01-2026 11:30||NIFTY27JAN2624900PE,0.1197128201859389
23-01-2026 11:30||NIFTY27JAN2625000PE,0.1122676314545441
23-01-2026 11:30||NIFTY27JAN2625500CE,0.0907159729776471
23-01-2026 11:30||NIFTY27JAN2625800CE,0.104469493209559
23-01-2026 11:30||NIFTY27JAN2626000CE,0.1282679658177901
23-01-2026 11:30||NIFTY27JAN2626200CE,0.1520858457718845
23-01-2026 11:30||NIFTY27JAN2626400CE,0.1747812562928257
23-01-2026 11:35||NIFTY27JAN2624900PE,0.1197404405147761
23-01-2026 11:35||NIFTY27JAN2625400CE,0.0921886597434814
23-01-2026 11:35||NIFTY27JAN2626000CE,0.1334230359678234
23-01-2026 11:40||NIFTY27JAN2623900PE,0.2277946236740517
23-01-2026 11:40||NIFTY27JAN2624300PE,0.1764408579588238
23-01-2026 11:40||NIFTY27JAN2624900PE,0.1152389597699882
23-01-2026 11:40||NIFTY27JAN2625500CE,0.098627268305894
23-01-2026 11:40||NIFTY27JAN2626300CE,0.1727239956882061
23-01-2026 11:40||NIFTY27JAN2626500CE,0.1949512623091528
23-01-2026 11:45||NIFTY27JAN2625300CE,0.0973194790775304
23-01-2026 11:45||NIFTY27JAN2626100CE,0.1533263455088375
23-01-2026 11:45||NIFTY27JAN2626400CE,0.1861199215083419
23-01-2026 11:50||NIFTY27JAN2624100PE,0.1959035493970484
23-01-2026 11:50||NIFTY27JAN2624500PE,0.1473646469722496
23-01-2026 11:50||NIFTY27JAN2625400CE,0.1060118041996091
23-01-2026 11:50||NIFTY27JAN2625500CE,0.1059939993334048
23-01-2026 11:50||NIFTY27JAN2625700CE,0.112948118055941
23-01-2026 11:55||NIFTY27JAN2624800PE,0.1208051345947478
23-01-2026 11:55||NIFTY27JAN2625100PE,0.103734189743566
23-01-2026 11:55||NIFTY27JAN2625700CE,0.1105157886640207
23-01-2026 11:55||NIFTY27JAN2626200CE,0.1650229121904155
23-01-2026 11:55||NIFTY27JAN2626500CE,0.1965690224630633
23-01-2026 12:00||NIFTY27JAN2624000PE,0.209855058384588
23-01-2026 12:00||NIFTY27JAN2624300PE,0.1715193584793335
23-01-2026 12:00||NIFTY27JAN2624800PE,0.1190722277211206
23-01-2026 12:00||NIFTY27JAN2625200CE,0.1095114394539923
23-01-2026 12:00||NIFTY27JAN2625800CE,0.120515597103029
23-01-2026 12:00||NIFTY27JAN2625900CE,0.1305240240998131
23-01-2026 12:00||NIFTY27JAN2626400CE,0.1856242717433144
23-01-2026 12:05||NIFTY27JAN2624600PE,0.1370901796655179
23-01-2026 12:05||NIFTY27JAN2625300CE,0.0956282083557416
23-01-2026 12:05||NIFTY27JAN2625400CE,0.0993083794367905
23-01-2026 12:05||NIFTY27JAN2626400CE,0.1863177271525878
23-01-2026 12:10||NIFTY27JAN2623900PE,0.2203750027466587
23-01-2026 12:10||NIFTY27JAN2624000PE,0.2070157590784714
23-01-2026 12:10||NIFTY27JAN2625000PE,0.105094183732115
23-01-2026 12:10||NIFTY27JAN2625700CE,0.1127073061991314
23-01-2026 12:10||NIFTY27JAN2626200CE,0.16716029945949
23-01-2026 12:10||NIFTY27JAN2626500CE,0.2004665657135341
23-01-2026 12:15||NIFTY27JAN2625500CE,0.108101390047448
23-01-2026 12:15||NIFTY27JAN2626100CE,0.1562688321113419
23-01-2026 12:15||NIFTY27JAN2626300CE,0.1777911785832763
23-01-2026 12:20||NIFTY27JAN2624200PE,0.1853232079371258
23-01-2026 12:20||NIFTY27JAN2625200CE,0.1006240500880173
23-01-2026 12:20||NIFTY27JAN2625300CE,0.0978326687745681
23-01-2026 12:20||NIFTY27JAN2625400CE,0.0985085070065109
23-01-2026 12:20||NIFTY27JAN2625800CE,0.1185576648643625
23-01-2026 12:20||NIFTY27JAN2626100CE,0.151671742802608
23-01-2026 12:25||NIFTY27JAN2624300PE,0.1709267838511733
23-01-2026 12:25||NIFTY27JAN2624500PE,0.1456914809748979
23-01-2026 12:25||NIFTY27JAN2624600PE,0.1327659422832667
23-01-2026 12:25||NIFTY27JAN2624900PE,0.1069230433824461
23-01-2026 12:25||NIFTY27JAN2625400CE,0.1033213724808026
23-01-2026 12:25||NIFTY27JAN2625600CE,0.1061194661855366
23-01-2026 12:25||NIFTY27JAN2626400CE,0.1870703853752748
23-01-2026 12:30||NIFTY27JAN2623800PE,0.2344230327588781
23-01-2026 12:30||NIFTY27JAN2624100PE,0.1967481170092384
23-01-2026 12:30||NIFTY27JAN2624200PE,0.1840958303174645
23-01-2026 12:30||NIFTY27JAN2624500PE,0.1452364975055429
23-01-2026 12:30||NIFTY27JAN2625900CE,0.1278718758569448
23-01-2026 12:30||NIFTY27JAN2626100CE,0.1507378535065817
23-01-2026 12:30||NIFTY27JAN2626200CE,0.1615991644754403
23-01-2026 12:35||NIFTY27JAN2624100PE,0.1962746583220044
23-01-2026 12:35||NIFTY27JAN2624400PE,0.1583504414142408
23-01-2026 12:35||NIFTY27JAN2625100PE,0.0914070641822335
23-01-2026 12:35||NIFTY27JAN2625300CE,0.1079438625587544
23-01-2026 12:35||NIFTY27JAN2626100CE,0.1533595039609644
23-01-2026 12:40||NIFTY27JAN2624500PE,0.1432514332212197
23-01-2026 12:40||NIFTY27JAN2624600PE,0.13095060459542
23-01-2026 12:40||NIFTY27JAN2624900PE,0.1053168247355102
23-01-2026 12:40||NIFTY27JAN2625300CE,0.1060378463802639
23-01-2026 12:45||NIFTY27JAN2623800PE,0.2373381844678823
23-01-2026 12:45||NIFTY27JAN2623900PE,0.2235732548813513
23-01-2026 12:45||NIFTY27JAN2624600PE,0.1372161416217866
23-01-2026 12:45||NIFTY27JAN2625900CE,0.1249826029331428
23-01-2026 12:50||NIFTY27JAN2623800PE,0.235139641382458
23-01-2026 12:50||NIFTY27JAN2624400PE,0.1588087830914638
23-01-2026 12:50||NIFTY27JAN2624800PE,0.1109230043457609
23-01-2026 12:50||NIFTY27JAN2625300CE,0.1048259531008066
23-01-2026 12:50||NIFTY27JAN2625600CE,0.1066533460245216
23-01-2026 12:50||NIFTY27JAN2625700CE,0.1100041885817123
23-01-2026 12:50||NIFTY27JAN2626000CE,0.1417355512650094
23-01-2026 12:50||NIFTY27JAN2626400CE,0.1858168975125846
23-01-2026 12:55||NIFTY27JAN2624200PE,0.186886799093866
23-01-2026 12:55||NIFTY27JAN2625400CE,0.0920559476715132
23-01-2026 12:55||NIFTY27JAN2625600CE,0.0973194792553881
23-01-2026 12:55||NIFTY27JAN2625800CE,0.1155016148936184
23-01-2026 12:55||NIFTY27JAN2626400CE,0.1849119482300328
23-01-2026 13:00||NIFTY27JAN2624900PE,0.1044042399983042
23-01-2026 13:00||NIFTY27JAN2625700CE,0.1120554787756209
23-01-2026 13:00||NIFTY27JAN2626000CE,0.144788553008381
23-01-2026 13:05||NIFTY27JAN2623800PE,0.2320046396653874
23-01-2026 13:05||NIFTY27JAN2625200CE,0.1011632152997959
23-01-2026 13:05||NIFTY27JAN2625900CE,0.1335556434637924
23-01-2026 13:10||NIFTY27JAN2623900PE,0.2217027880081565
23-01-2026 13:10||NIFTY27JAN2624000PE,0.2084550754412663
23-01-2026 13:10||NIFTY27JAN2624100PE,0.1957599010827536
23-01-2026 13:10||NIFTY27JAN2624700PE,0.1215546464035818
23-01-2026 13:10||NIFTY27JAN2625100PE,0.0923652260512219
23-01-2026 13:10||NIFTY27JAN2625800CE,0.1221782260842037
23-01-2026 13:10||NIFTY27JAN2626000CE,0.1457659012840244
23-01-2026 13:15||NIFTY27JAN2623800PE,0.2282129187045923
23-01-2026 13:15||NIFTY27JAN2624200PE,0.1793426491122674
23-01-2026 13:15||NIFTY27JAN2625300CE,0.096774038818365
23-01-2026 13:15||NIFTY27JAN2625600CE,0.108564414616692
23-01-2026 13:15||NIFTY27JAN2625900CE,0.1356885600621963
23-01-2026 13:15||NIFTY27JAN2626000CE,0.1479614745160818
23-01-2026 13:20||NIFTY27JAN2624700PE,0.1207120519010225
23-01-2026 13:20||NIFTY27JAN2624800PE,0.112906590221008
23-01-2026 13:20||NIFTY27JAN2625700CE,0.1224021801027362
23-01-2026 13:20||NIFTY27JAN2626200CE,0.1772428159885759
23-01-2026 13:20||NIFTY27JAN2626500CE,0.2097196894098504
23-01-2026 13:25||NIFTY27JAN2624100PE,0.1855835070034334
23-01-2026 13:25||NIFTY27JAN2624500PE,0.1403296478004007
23-01-2026 13:25||NIFTY27JAN2625000PE,0.1027850530402505
23-01-2026 13:25||NIFTY27JAN2625400CE,0.1006313628537749
23-01-2026 13:30||NIFTY27JAN2624700PE,0.1270182121270315
23-01-2026 13:30||NIFTY27JAN2624800PE,0.1212292524171934
23-01-2026 13:30||NIFTY27JAN2625000PE,0.1133356260655987
23-01-2026 13:30||NIFTY27JAN2625400CE,0.1091163315061655
23-01-2026 13:30||NIFTY27JAN2625700CE,0.1297313142892731
23-01-2026 13:30||NIFTY27JAN2626000CE,0.1665373515423923
23-01-2026 13:35||NIFTY27JAN2623900PE,0.2085822108523912
23-01-2026 13:35||NIFTY27JAN2624100PE,0.1841637174397259
23-01-2026 13:35||NIFTY27JAN2624900PE,0.1090049295809927
23-01-2026 13:35||NIFTY27JAN2625600CE,0.1234171498558952
23-01-2026 13:35||NIFTY27JAN2626000CE,0.1672193122735828
23-01-2026 13:35||NIFTY27JAN2626200CE,0.1875976085815801
23-01-2026 13:35||NIFTY27JAN2626500CE,0.2207223940457522
23-01-2026 13:40||NIFTY27JAN2623900PE,0.2127014107266727
23-01-2026 13:40||NIFTY27JAN2624600PE,0.1345502216904775
23-01-2026 13:40||NIFTY27JAN2624900PE,0.1201652705287164
23-01-2026 13:40||NIFTY27JAN2625700CE,0.1343357133170959
23-01-2026 13:40||NIFTY27JAN2625800CE,0.1447612933514994
23-01-2026 13:40||NIFTY27JAN2626300CE,0.2012150144534607
23-01-2026 13:45||NIFTY27JAN2623900PE,0.2070662738935066
23-01-2026 13:45||NIFTY27JAN2624000PE,0.1946407055450624
23-01-2026 13:45||NIFTY27JAN2624500PE,0.135773064817206
23-01-2026 13:45||NIFTY27JAN2624600PE,0.1265134915364388
23-01-2026 13:45||NIFTY27JAN2625000PE,0.1025872517385215
23-01-2026 13:45||NIFTY27JAN2625300CE,0.1127013668788797
23-01-2026 13:45||NIFTY27JAN2626100CE,0.1828353607804301
23-01-2026 13:45||NIFTY27JAN2626300CE,0.2054579762554222
23-01-2026 13:50||NIFTY27JAN2624000PE,0.1948142027036938
23-01-2026 13:50||NIFTY27JAN2624500PE,0.1341616661938819
23-01-2026 13:50||NIFTY27JAN2625100PE,0.0987436517557076
23-01-2026 13:50||NIFTY27JAN2626400CE,0.2171275554799699
23-01-2026 13:55||NIFTY27JAN2625500CE,0.1224360767757479
23-01-2026 13:55||NIFTY27JAN2625700CE,0.1375792637777207
23-01-2026 13:55||NIFTY27JAN2625800CE,0.1477749705865795
23-01-2026 13:55||NIFTY27JAN2626400CE,0.215582177871129
23-01-2026 13:55||NIFTY27JAN2626500CE,0.2266575389722417
23-01-2026 14:00||NIFTY27JAN2624200PE,0.1701690301192016
23-01-2026 14:00||NIFTY27JAN2624300PE,0.1579442877791619
23-01-2026 14:00||NIFTY27JAN2625300CE,0.1143900320073137
23-01-2026 14:00||NIFTY27JAN2625400CE,0.1160297941152278
23-01-2026 14:00||NIFTY27JAN2625500CE,0.1228851111986337
23-01-2026 14:00||NIFTY27JAN2625800CE,0.1494919866300214
23-01-2026 14:05||NIFTY27JAN2624200PE,0.1710683184199227
23-01-2026 14:05||NIFTY27JAN2624800PE,0.1118247568014924
23-01-2026 14:05||NIFTY27JAN2626300CE,0.2009656978450321
23-01-2026 14:10||NIFTY27JAN2623900PE,0.2079714461449624
23-01-2026 14:10||NIFTY27JAN2625800CE,0.1480953202818087
23-01-2026 14:10||NIFTY27JAN2626400CE,0.213187652441317
23-01-2026 14:15||NIFTY27JAN2625000PE,0.1111570423641523
23-01-2026 14:15||NIFTY27JAN2625400CE,0.1075110876324448
23-01-2026 14:15||NIFTY27JAN2626400CE,0.2061888100099524
23-01-2026 14:20||NIFTY27JAN2624100PE,0.1846677629929398
23-01-2026 14:20||NIFTY27JAN2624800PE,0.1141027009148771
23-01-2026 14:20||NIFTY27JAN2625400CE,0.1144757361300063
23-01-2026 14:20||NIFTY27JAN2625600CE,0.1251152309981465
23-01-2026 14:20||NIFTY27JAN2625800CE,0.1451762813778731
23-01-2026 14:20||NIFTY27JAN2626400CE,0.2106156719470739
23-01-2026 14:20||NIFTY27JAN2626500CE,0.222646404810242
23-01-2026 14:25||NIFTY27JAN2624200PE,0.1691476685853661
23-01-2026 14:25||NIFTY27JAN2624400PE,0.1412902645545075
23-01-2026 14:25||NIFTY27JAN2624500PE,0.1327233178946747
23-01-2026 14:25||NIFTY27JAN2625200CE,0.109427855549706
23-01-2026 14:25||NIFTY27JAN2626200CE,0.1840092494985009
23-01-2026 14:25||NIFTY27JAN2626300CE,0.1960522416483007
23-01-2026 14:25||NIFTY27JAN2626400CE,0.2091453673253995
23-01-2026 14:30||NIFTY27JAN2624600PE,0.1204729820092426
23-01-2026 14:30||NIFTY27JAN2625700CE,0.1330421866427056
23-01-2026 14:35||NIFTY27JAN2623900PE,0.2120585311272354
23-01-2026 14:35||NIFTY27JAN2624500PE,0.1339567396061619
23-01-2026 14:35||NIFTY27JAN2624700PE,0.1153901319848913
23-01-2026 14:35||NIFTY27JAN2625400CE,0.1086164295911401
23-01-2026 14:35||NIFTY27JAN2625600CE,0.1205739192301721
23-01-2026 14:35||NIFTY27JAN2625800CE,0.1416938997426934
23-01-2026 14:35||NIFTY27JAN2625900CE,0.1512320487995904
23-01-2026 14:35||NIFTY27JAN2626000CE,0.1613198959331994
23-01-2026 14:35||NIFTY27JAN2626300CE,0.1942977155094199
23-01-2026 14:40||NIFTY27JAN2623900PE,0.2115669598108099
23-01-2026 14:40||NIFTY27JAN2624300PE,0.1599423435945653
23-01-2026 14:40||NIFTY27JAN2624400PE,0.1479461668969771
23-01-2026 14:40||NIFTY27JAN2625000PE,0.1023687747446068
23-01-2026 14:40||NIFTY27JAN2625100PE,0.0988852501156499
23-01-2026 14:40||NIFTY27JAN2625200CE,0.1022354349679095
23-01-2026 14:40||NIFTY27JAN2625700CE,0.1302188010464972
23-01-2026 14:40||NIFTY27JAN2625800CE,0.1420310259522497
23-01-2026 14:40||NIFTY27JAN2626400CE,0.206632118276244
23-01-2026 14:45||NIFTY27JAN2624400PE,0.1489370053011074
23-01-2026 14:45||NIFTY27JAN2624700PE,0.1211998885830174
23-01-2026 14:45||NIFTY27JAN2625100PE,0.1003365013807066
23-01-2026 14:45||NIFTY27JAN2625400CE,0.1093950950228146
23-01-2026 14:45||NIFTY27JAN2625600CE,0.121161189543806
23-01-2026 14:45||NIFTY27JAN2626000CE,0.1634436031100555
23-01-2026 14:45||NIFTY27JAN2626200CE,0.1861422501579876
23-01-2026 14:50||NIFTY27JAN2623800PE,0.2199088721613869
23-01-2026 14:50||NIFTY27JAN2624500PE,0.1299492425615135
23-01-2026 14:50||NIFTY27JAN2624800PE,0.1044342937338149
23-01-2026 14:50||NIFTY27JAN2625200CE,0.1042122714890303
23-01-2026 14:50||NIFTY27JAN2625300CE,0.1121803601669017
23-01-2026 14:50||NIFTY27JAN2625500CE,0.119963068651819
23-01-2026 14:55||NIFTY27JAN2623900PE,0.2105411359192597
23-01-2026 14:55||NIFTY27JAN2624400PE,0.1460150832848681
23-01-2026 14:55||NIFTY27JAN2625200CE,0.1031977180006421
23-01-2026 14:55||NIFTY27JAN2625900CE,0.1516380687656557
23-01-2026 14:55||NIFTY27JAN2626200CE,0.1830533093054029
23-01-2026 15:00||NIFTY27JAN2623900PE,0.2088985093574943
23-01-2026 15:00||NIFTY27JAN2624100PE,0.1841331952407108
23-01-2026 15:00||NIFTY27JAN2624300PE,0.1584308240816642
23-01-2026 15:00||NIFTY27JAN2624600PE,0.123774560539325
23-01-2026 15:05||NIFTY27JAN2623900PE,0.2071319397837114
23-01-2026 15:05||NIFTY27JAN2624800PE,0.1155666350574348
23-01-2026 15:05||NIFTY27JAN2626200CE,0.1929963141327537
23-01-2026 15:10||NIFTY27JAN2623800PE,0.2194204640692804
23-01-2026 15:10||NIFTY27JAN2624000PE,0.1947741865541989
23-01-2026 15:10||NIFTY27JAN2624200PE,0.169359682702851
23-01-2026 15:10||NIFTY27JAN2624600PE,0.1208377517053446
23-01-2026 15:10||NIFTY27JAN2625000PE,0.0989579167858175
23-01-2026 15:10||NIFTY27JAN2625300CE,0.1129837953360873
23-01-2026 15:10||NIFTY27JAN2625700CE,0.1395737435818533
23-01-2026 15:10||NIFTY27JAN2626100CE,0.1822515758143981
23-01-2026 15:10||NIFTY27JAN2626200CE,0.193737036522125
23-01-2026 15:10||NIFTY27JAN2626300CE,0.2063132026293105
23-01-2026 15:15||NIFTY27JAN2624100PE,0.1834336387239805
23-01-2026 15:15||NIFTY27JAN2624200PE,0.1656189612391337
23-01-2026 15:15||NIFTY27JAN2625000PE,0.1023773166306835
23-01-2026 15:20||NIFTY27JAN2623800PE,0.2197432708803479
23-01-2026 15:20||NIFTY27JAN2623900PE,0.2043985118732291
23-01-2026 15:20||NIFTY27JAN2624800PE,0.1029386957934
23-01-2026 15:20||NIFTY27JAN2625400CE,0.1192167863417368
23-01-2026 15:20||NIFTY27JAN2625500CE,0.1238183226499454
23-01-2026 15:20||NIFTY27JAN2625700CE,0.1417310013862889
23-01-2026 15:20||NIFTY27JAN2625900CE,0.1640003695353294
23-01-2026 15:20||NIFTY27JAN2626200CE,0.1965974908158989
23-01-2026 15:25||NIFTY27JAN2624500PE,0.1280784980630361
23-01-2026 15:25||NIFTY27JAN2624600PE,0.1154085488166524
23-01-2026 15:25||NIFTY27JAN2625700CE,0.1393645230897964
27-01-2026 09:15||NIFTY27JAN2626200CE,0.6767342422514521
27-01-2026 09:15||NIFTY27JAN2626400CE,0.7692614777170667
27-01-2026 09:15||NIFTY27JAN2626500CE,0.8166593683647889
27-01-2026 09:20||NIFTY27JAN2624400PE,0.4368387607912348
27-01-2026 09:20||NIFTY27JAN2624900PE,0.3957381413792855
27-01-2026 09:20||NIFTY27JAN2625100PE,0.3721260198504093
27-01-2026 09:20||NIFTY27JAN2625400CE,0.3978144085813599
27-01-2026 09:20||NIFTY27JAN2625500CE,0.4403897731460779
27-01-2026 09:20||NIFTY27JAN2625600CE,0.4895808145552394
27-01-2026 09:20||NIFTY27JAN2625700CE,0.5356688602661475
27-01-2026 09:20||NIFTY27JAN2626500CE,0.9044617674891774
27-01-2026 09:25||NIFTY27JAN2623900PE,0.655592485460768
27-01-2026 09:25||NIFTY27JAN2624600PE,0.3350333382108829
27-01-2026 09:25||NIFTY27JAN2625100PE,0.1750736612362895
27-01-2026 09:25||NIFTY27JAN2625500CE,0.4510509544000022
27-01-2026 09:25||NIFTY27JAN2625900CE,0.6334992755634365
27-01-2026 09:25||NIFTY27JAN2626500CE,0.9220828868849116
27-01-2026 09:30||NIFTY27JAN2624400PE,0.4013190065539618
27-01-2026 09:30||NIFTY27JAN2624800PE,0.2918697563353722
27-01-2026 09:30||NIFTY27JAN2624900PE,0.2714557395498654
27-01-2026 09:30||NIFTY27JAN2625400CE,0.4320186845731003
27-01-2026 09:30||NIFTY27JAN2625600CE,0.5010153696435237
27-01-2026 09:30||NIFTY27JAN2625800CE,0.5780328267279496
27-01-2026 09:30||NIFTY27JAN2626100CE,0.7359525244518478
27-01-2026 09:30||NIFTY27JAN2626400CE,0.8789285121458539
27-01-2026 09:35||NIFTY27JAN2623800PE,0.7435151099379957
27-01-2026 09:35||NIFTY27JAN2624500PE,0.4098296428432317
27-01-2026 09:35||NIFTY27JAN2625700CE,0.5012806934925677
27-01-2026 09:35||NIFTY27JAN2626200CE,0.7303674717850276
27-01-2026 09:45||NIFTY27JAN2623800PE,0.8170026759646479
27-01-2026 09:45||NIFTY27JAN2624000PE,0.7211769155654685
27-01-2026 09:45||NIFTY27JAN2624500PE,0.4823894973580794
27-01-2026 09:45||NIFTY27JAN2625000PE,0.3405817668136827
27-01-2026 09:45||NIFTY27JAN2625600CE,0.3581191307871496
27-01-2026 09:45||NIFTY27JAN2626200CE,0.651986417457673
27-01-2026 09:45||NIFTY27JAN2626300CE,0.6953222325790728
27-01-2026 09:50||NIFTY27JAN2623800PE,0.8170026759646479
27-01-2026 09:50||NIFTY27JAN2624200PE,0.6337883952148223
27-01-2026 09:50||NIFTY27JAN2624800PE,0.3765635704546963
27-01-2026 09:50||NIFTY27JAN2624900PE,0.3527214570499745
27-01-2026 09:50||NIFTY27JAN2626300CE,0.6953222325790728
27-01-2026 09:55||NIFTY27JAN2624100PE,0.6814831030485988
27-01-2026 09:55||NIFTY27JAN2624700PE,0.3993258216936564
27-01-2026 09:55||NIFTY27JAN2624800PE,0.3780493005545403
27-01-2026 09:55||NIFTY27JAN2625000PE,0.3570093663416627
27-01-2026 09:55||NIFTY27JAN2625700CE,0.4028698552227865
27-01-2026 09:55||NIFTY27JAN2626000CE,0.5662889922776735
27-01-2026 09:55||NIFTY27JAN2626200CE,0.6646792424352711
27-01-2026 10:00||NIFTY27JAN2624000PE,0.7288932435320832
27-01-2026 10:00||NIFTY27JAN2625300CE,0.3152794073624716
27-01-2026 10:00||NIFTY27JAN2625400CE,0.3108107672703701
27-01-2026 10:00||NIFTY27JAN2625600CE,0.3586919290688026
27-01-2026 10:00||NIFTY27JAN2625800CE,0.4634061888152599
27-01-2026 10:00||NIFTY27JAN2626100CE,0.6018693648930011
27-01-2026 10:00||NIFTY27JAN2626400CE,0.7541344521991742
27-01-2026 10:00||NIFTY27JAN2626500CE,0.8018943186768801
27-01-2026 10:05||NIFTY27JAN2623800PE,0.6319442283166344
27-01-2026 10:05||NIFTY27JAN2623900PE,0.6354344601862534
27-01-2026 10:05||NIFTY27JAN2624100PE,0.6896957227984841
27-01-2026 10:05||NIFTY27JAN2626400CE,0.7506544585064387
27-01-2026 10:10||NIFTY27JAN2624200PE,0.6061017349745124
27-01-2026 10:10||NIFTY27JAN2624900PE,0.298562581193402
27-01-2026 10:10||NIFTY27JAN2625300CE,0.3606122205503386
27-01-2026 10:10||NIFTY27JAN2625600CE,0.4011676688332019
27-01-2026 10:15||NIFTY27JAN2625800CE,0.4673663605994644
27-01-2026 10:20||NIFTY27JAN2623900PE,0.8553432827526283
27-01-2026 10:20||NIFTY27JAN2624500PE,0.5130101671903382
27-01-2026 10:20||NIFTY27JAN2624600PE,0.4638879302548062
27-01-2026 10:20||NIFTY27JAN2624800PE,0.3967349500569778
27-01-2026 10:20||NIFTY27JAN2625000PE,0.3429596182784319
27-01-2026 10:20||NIFTY27JAN2625400CE,0.3079608790052784
27-01-2026 10:20||NIFTY27JAN2625800CE,0.4463007732482577
27-01-2026 10:25||NIFTY27JAN2624600PE,0.4640949346246094
27-01-2026 10:25||NIFTY27JAN2624900PE,0.3822595909979712
27-01-2026 10:25||NIFTY27JAN2626000CE,0.5571743805518143
27-01-2026 10:25||NIFTY27JAN2626300CE,0.7158807961517717
27-01-2026 10:25||NIFTY27JAN2626400CE,0.7618627973298269
27-01-2026 10:30||NIFTY27JAN2624100PE,0.7049223963373833
27-01-2026 10:30||NIFTY27JAN2624800PE,0.3666324173769293
27-01-2026 10:30||NIFTY27JAN2625400CE,0.3133751611136131
27-01-2026 10:30||NIFTY27JAN2625600CE,0.3778541714179959
27-01-2026 10:30||NIFTY27JAN2625900CE,0.536680981639251
27-01-2026 10:30||NIFTY27JAN2626200CE,0.7021347447966322
27-01-2026 10:35||NIFTY27JAN2624300PE,0.5948351166362557
27-01-2026 10:35||NIFTY27JAN2624400PE,0.5436535083619939
27-01-2026 10:35||NIFTY27JAN2624800PE,0.3840859195169954
27-01-2026 10:35||NIFTY27JAN2625200CE,0.324231509634269
27-01-2026 10:35||NIFTY27JAN2625300CE,0.3061564372774061
27-01-2026 10:35||NIFTY27JAN2625700CE,0.4257067054381424
27-01-2026 10:40||NIFTY27JAN2624400PE,0.5262660954618711
27-01-2026 10:40||NIFTY27JAN2625200CE,0.3110365588213742
27-01-2026 10:40||NIFTY27JAN2625700CE,0.4663838806483843
27-01-2026 10:40||NIFTY27JAN2626100CE,0.6909770227276358
27-01-2026 10:40||NIFTY27JAN2626200CE,0.7406044801567992
27-01-2026 10:45||NIFTY27JAN2624000PE,0.7139534933465685
27-01-2026 10:45||NIFTY27JAN2624700PE,0.3469928637432856
27-01-2026 10:45||NIFTY27JAN2624900PE,0.3033820758535585
27-01-2026 10:45||NIFTY27JAN2625500CE,0.3964782878526144
27-01-2026 10:45||NIFTY27JAN2626200CE,0.7914519206192278
27-01-2026 10:45||NIFTY27JAN2626400CE,0.8852688734207442
27-01-2026 10:50||NIFTY27JAN2623900PE,0.7738492067913461
27-01-2026 10:50||NIFTY27JAN2624000PE,0.7186001689611162
27-01-2026 10:50||NIFTY27JAN2624600PE,0.3796175658951238
27-01-2026 10:50||NIFTY27JAN2625000PE,0.3941364119471191
27-01-2026 10:50||NIFTY27JAN2625200CE,0.3364825128648606
27-01-2026 10:50||NIFTY27JAN2625400CE,0.3579157630906753
27-01-2026 10:50||NIFTY27JAN2625700CE,0.5266888071070178
27-01-2026 10:55||NIFTY27JAN2623900PE,0.7576254805121355
27-01-2026 10:55||NIFTY27JAN2624400PE,0.4589385034060665
27-01-2026 10:55||NIFTY27JAN2624900PE,0.3701135406162616
27-01-2026 10:55||NIFTY27JAN2625000PE,0.3878534100502283
27-01-2026 10:55||NIFTY27JAN2625300CE,0.3371600025939831
27-01-2026 10:55||NIFTY27JAN2625400CE,0.3662836968042564
27-01-2026 10:55||NIFTY27JAN2625600CE,0.4868223233994564
27-01-2026 10:55||NIFTY27JAN2626400CE,0.9170372948285188
27-01-2026 11:00||NIFTY27JAN2623800PE,0.7812361426978077
27-01-2026 11:00||NIFTY27JAN2623900PE,0.7342661183513839
27-01-2026 11:00||NIFTY27JAN2624300PE,0.518188936028764
27-01-2026 11:00||NIFTY27JAN2625200CE,0.3524663953600384
27-01-2026 11:00||NIFTY27JAN2625300CE,0.3692259274488313
27-01-2026 11:00||NIFTY27JAN2625400CE,0.3823602909453328
27-01-2026 11:00||NIFTY27JAN2626300CE,0.8760686952678164
27-01-2026 11:05||NIFTY27JAN2623800PE,0.8112707791836322
27-01-2026 11:05||NIFTY27JAN2624100PE,0.6562097767145239
27-01-2026 11:05||NIFTY27JAN2624200PE,0.5882930242182851
27-01-2026 11:05||NIFTY27JAN2624900PE,0.314681382993165
27-01-2026 11:05||NIFTY27JAN2625300CE,0.3759358845385766
27-01-2026 11:05||NIFTY27JAN2625700CE,0.5436615433583782
27-01-2026 11:10||NIFTY27JAN2624200PE,0.5970458449199305
27-01-2026 11:10||NIFTY27JAN2624400PE,0.4851617565477821
27-01-2026 11:10||NIFTY27JAN2624900PE,0.3052459741006477
27-01-2026 11:10||NIFTY27JAN2625300CE,0.3707667443226263
27-01-2026 11:10||NIFTY27JAN2625500CE,0.4347223681725613
27-01-2026 11:10||NIFTY27JAN2625800CE,0.6035766444916782
27-01-2026 11:10||NIFTY27JAN2626500CE,0.9948026170344144
27-01-2026 11:15||NIFTY27JAN2624300PE,0.5620068868287532
27-01-2026 11:15||NIFTY27JAN2625000PE,0.301420373971207
27-01-2026 11:15||NIFTY27JAN2625100PE,0.290488633073704
27-01-2026 11:15||NIFTY27JAN2626400CE,0.9332821209614608
27-01-2026 11:20||NIFTY27JAN2625300CE,0.3405061159968671
27-01-2026 11:20||NIFTY27JAN2626100CE,0.7555828108086747
27-01-2026 11:25||NIFTY27JAN2623800PE,0.8625647037568981
27-01-2026 11:25||NIFTY27JAN2624000PE,0.760478452845478
27-01-2026 11:25||NIFTY27JAN2624200PE,0.6480724058654285
27-01-2026 11:25||NIFTY27JAN2624900PE,0.2891162480522029
27-01-2026 11:25||NIFTY27JAN2625600CE,0.466330182596187
27-01-2026 11:25||NIFTY27JAN2626500CE,0.9418420261727516
27-01-2026 11:30||NIFTY27JAN2624200PE,0.6753943862004501
27-01-2026 11:30||NIFTY27JAN2625100PE,0.2749304716659603
27-01-2026 11:30||NIFTY27JAN2625600CE,0.4423562098669963
27-01-2026 11:30||NIFTY27JAN2625900CE,0.6083343063463053
27-01-2026 11:30||NIFTY27JAN2626200CE,0.7924677050009958
27-01-2026 11:35||NIFTY27JAN2624000PE,0.7902622033613349
27-01-2026 11:35||NIFTY27JAN2624900PE,0.3073322346031039
27-01-2026 11:35||NIFTY27JAN2625200CE,0.3211491073409627
27-01-2026 11:40||NIFTY27JAN2623800PE,0.902404373000802
27-01-2026 11:40||NIFTY27JAN2624000PE,0.802867329787054
27-01-2026 11:40||NIFTY27JAN2626000CE,0.6536365597203397
27-01-2026 11:40||NIFTY27JAN2626300CE,0.8186639859775139
27-01-2026 11:45||NIFTY27JAN2624300PE,0.6636850998040222
27-01-2026 11:45||NIFTY27JAN2624400PE,0.5924307096849197
27-01-2026 11:45||NIFTY27JAN2624500PE,0.5318499838793163
27-01-2026 11:45||NIFTY27JAN2626100CE,0.6684302295750661
27-01-2026 11:45||NIFTY27JAN2626400CE,0.8466683968990744
27-01-2026 11:50||NIFTY27JAN2624700PE,0.4127941364781257
27-01-2026 11:50||NIFTY27JAN2624900PE,0.3726813741358839
27-01-2026 11:50||NIFTY27JAN2625700CE,0.4839198205548575
27-01-2026 11:50||NIFTY27JAN2626000CE,0.6482634947920055
27-01-2026 11:55||NIFTY27JAN2623900PE,0.8796381048756603
27-01-2026 11:55||NIFTY27JAN2624000PE,0.8213989900951488
27-01-2026 11:55||NIFTY27JAN2624400PE,0.5545208400412892
27-01-2026 11:55||NIFTY27JAN2624500PE,0.4952180176040532
27-01-2026 11:55||NIFTY27JAN2624800PE,0.3519724033843893
27-01-2026 11:55||NIFTY27JAN2625200CE,0.3651653710647137
27-01-2026 11:55||NIFTY27JAN2625400CE,0.3824898862946106
27-01-2026 11:55||NIFTY27JAN2626500CE,0.9460815187577948
27-01-2026 12:00||NIFTY27JAN2624200PE,0.7030129035742055
27-01-2026 12:00||NIFTY27JAN2624300PE,0.6360670074150784
27-01-2026 12:00||NIFTY27JAN2624500PE,0.5057911859747604
27-01-2026 12:00||NIFTY27JAN2625100PE,0.3046006795420493
27-01-2026 12:00||NIFTY27JAN2625500CE,0.3895543366206015
27-01-2026 12:00||NIFTY27JAN2626100CE,0.7073803555450029
27-01-2026 12:00||NIFTY27JAN2626400CE,0.8803249021878262
27-01-2026 12:00||NIFTY27JAN2626500CE,0.9233342093772962
27-01-2026 12:05||NIFTY27JAN2624500PE,0.5369374767066255
27-01-2026 12:05||NIFTY27JAN2624700PE,0.4287468521624358
27-01-2026 12:05||NIFTY27JAN2625100PE,0.3588914611045354
27-01-2026 12:05||NIFTY27JAN2625900CE,0.5923204569239703
27-01-2026 12:05||NIFTY27JAN2626500CE,0.9519020555223686
27-01-2026 12:10||NIFTY27JAN2624400PE,0.6058717409054821
27-01-2026 12:10||NIFTY27JAN2625700CE,0.4958964862153107
27-01-2026 12:10||NIFTY27JAN2626400CE,0.9138960024556408
27-01-2026 12:15||NIFTY27JAN2624500PE,0.5491043923748732
27-01-2026 12:15||NIFTY27JAN2624600PE,0.4866812458498504
27-01-2026 12:15||NIFTY27JAN2626000CE,0.6792258604304786
27-01-2026 12:15||NIFTY27JAN2626200CE,0.7941256534142734
27-01-2026 12:20||NIFTY27JAN2624000PE,0.886600439896673
27-01-2026 12:20||NIFTY27JAN2624200PE,0.7541424541853708
27-01-2026 12:20||NIFTY27JAN2625000PE,0.3202896472000487
27-01-2026 12:20||NIFTY27JAN2625300CE,0.3668162992848505
27-01-2026 12:20||NIFTY27JAN2625600CE,0.4365894000731924
27-01-2026 12:25||NIFTY27JAN2624100PE,0.8355779572397523
27-01-2026 12:25||NIFTY27JAN2624700PE,0.4578261680727617
27-01-2026 12:25||NIFTY27JAN2625400CE,0.3188289177069159
27-01-2026 12:25||NIFTY27JAN2625900CE,0.6029477750397716
27-01-2026 12:30||NIFTY27JAN2625300CE,0.3447819623356279
27-01-2026 12:35||NIFTY27JAN2624100PE,0.849606079355337
27-01-2026 12:35||NIFTY27JAN2624400PE,0.6399995476873374
27-01-2026 12:35||NIFTY27JAN2624900PE,0.3802820772151604
27-01-2026 12:35||NIFTY27JAN2625100PE,0.3143948234006631
27-01-2026 12:35||NIFTY27JAN2625800CE,0.5983489662067731
27-01-2026 12:35||NIFTY27JAN2626100CE,0.7964716319460208
27-01-2026 12:40||NIFTY27JAN2624200PE,0.7870617730394509
27-01-2026 12:40||NIFTY27JAN2624700PE,0.4441223123426596
27-01-2026 12:40||NIFTY27JAN2624800PE,0.3971192925620277
27-01-2026 12:40||NIFTY27JAN2624900PE,0.3614486035674881
27-01-2026 12:40||NIFTY27JAN2625100PE,0.2943189682024478
27-01-2026 12:40||NIFTY27JAN2625200CE,0.3400369621894134
27-01-2026 12:40||NIFTY27JAN2625900CE,0.6748375145825697
27-01-2026 12:40||NIFTY27JAN2626000CE,0.7534031316210317
27-01-2026 12:40||NIFTY27JAN2626300CE,0.9175095604972644
27-01-2026 12:45||NIFTY27JAN2625200CE,0.329689562008325
27-01-2026 12:45||NIFTY27JAN2625700CE,0.5670450544945744
27-01-2026 12:45||NIFTY27JAN2625900CE,0.7011584152212648
27-01-2026 12:45||NIFTY27JAN2626200CE,0.908957542201532
27-01-2026 12:50||NIFTY27JAN2624600PE,0.4869384548780462
27-01-2026 12:50||NIFTY27JAN2625000PE,0.322393977608034
27-01-2026 12:50||NIFTY27JAN2625100PE,0.3447932223058071
27-01-2026 12:50||NIFTY27JAN2625900CE,0.721520002134164
27-01-2026 12:50||NIFTY27JAN2626200CE,0.9326856693231036
27-01-2026 12:50||NIFTY27JAN2626500CE,1.1022276017267811
27-01-2026 12:55||NIFTY27JAN2623900PE,1.0226191436238643
27-01-2026 12:55||NIFTY27JAN2624000PE,0.9427381336990462
27-01-2026 12:55||NIFTY27JAN2625500CE,0.4384867311723166
27-01-2026 12:55||NIFTY27JAN2625600CE,0.5012332344484195
27-01-2026 12:55||NIFTY27JAN2625800CE,0.6546715810269075
27-01-2026 12:55||NIFTY27JAN2626200CE,0.935938334690537
27-01-2026 13:00||NIFTY27JAN2624100PE,0.8877989078291602
27-01-2026 13:00||NIFTY27JAN2624500PE,0.5726880321221302
27-01-2026 13:00||NIFTY27JAN2625400CE,0.3890768160333737
27-01-2026 13:00||NIFTY27JAN2626000CE,0.790017984836129
27-01-2026 13:05||NIFTY27JAN2623900PE,1.02649664086525
27-01-2026 13:05||NIFTY27JAN2624500PE,0.5990123416317953
27-01-2026 13:05||NIFTY27JAN2624800PE,0.4025848632082303
27-01-2026 13:10||NIFTY27JAN2624200PE,0.8285384453665428
27-01-2026 13:10||NIFTY27JAN2624500PE,0.6050426323398137
27-01-2026 13:10||NIFTY27JAN2624600PE,0.5103907005165167
27-01-2026 13:10||NIFTY27JAN2624700PE,0.4486153500794939
27-01-2026 13:15||NIFTY27JAN2624400PE,0.6988964502341448
27-01-2026 13:15||NIFTY27JAN2625000PE,0.3122593057796311
27-01-2026 13:15||NIFTY27JAN2625200CE,0.4281197892404802
27-01-2026 13:15||NIFTY27JAN2626300CE,1.0452015433359003
27-01-2026 13:20||NIFTY27JAN2624000PE,0.9988771125806024
27-01-2026 13:20||NIFTY27JAN2624200PE,0.8523853834485827
27-01-2026 13:20||NIFTY27JAN2624600PE,0.5263087725904855
27-01-2026 13:20||NIFTY27JAN2624900PE,0.3559426734813909
27-01-2026 13:20||NIFTY27JAN2625700CE,0.632074255193776
27-01-2026 13:20||NIFTY27JAN2625900CE,0.778372743431435
27-01-2026 13:25||NIFTY27JAN2623800PE,1.1709797859564854
27-01-2026 13:25||NIFTY27JAN2625100PE,0.3016982026020894
27-01-2026 13:25||NIFTY27JAN2625700CE,0.649252314030822
27-01-2026 13:30||NIFTY27JAN2624100PE,1.0193917300273525
27-01-2026 13:30||NIFTY27JAN2624300PE,0.8489115807842116
27-01-2026 13:30||NIFTY27JAN2625100PE,0.3910810007537919
27-01-2026 13:30||NIFTY27JAN2625400CE,0.4460955799803701
27-01-2026 13:30||NIFTY27JAN2626300CE,1.0805074570099236
27-01-2026 13:35||NIFTY27JAN2623900PE,1.1644021495356496
27-01-2026 13:35||NIFTY27JAN2624300PE,0.8580257261249387
27-01-2026 13:35||NIFTY27JAN2624400PE,0.7699776666255849
27-01-2026 13:35||NIFTY27JAN2624600PE,0.609381702195413
27-01-2026 13:35||NIFTY27JAN2624800PE,0.491488866991364
27-01-2026 13:35||NIFTY27JAN2625300CE,0.3596223233890936
27-01-2026 13:35||NIFTY27JAN2625600CE,0.5940357777015006
27-01-2026 13:35||NIFTY27JAN2626000CE,0.9051882653428556
27-01-2026 13:35||NIFTY27JAN2626200CE,1.0287659486644194
27-01-2026 13:35||NIFTY27JAN2626300CE,1.0855089841887504
27-01-2026 13:35||NIFTY27JAN2626400CE,1.233957132856028
27-01-2026 13:40||NIFTY27JAN2625500CE,0.5446818590542829
27-01-2026 13:40||NIFTY27JAN2626300CE,1.1394729484011317
27-01-2026 13:45||NIFTY27JAN2623800PE,1.1434895984800253
27-01-2026 13:45||NIFTY27JAN2623900PE,1.0883136580616553
27-01-2026 13:45||NIFTY27JAN2624100PE,0.9608072177164256
27-01-2026 13:45||NIFTY27JAN2624700PE,0.4547341895058422
27-01-2026 13:45||NIFTY27JAN2625300CE,0.4383508462793559
27-01-2026 13:45||NIFTY27JAN2625600CE,0.5938418630473856
27-01-2026 13:45||NIFTY27JAN2625700CE,0.6756416914411926
27-01-2026 13:45||NIFTY27JAN2625800CE,0.7328650724466164
27-01-2026 13:45||NIFTY27JAN2625900CE,0.8017935810794957
27-01-2026 13:45||NIFTY27JAN2626000CE,0.943123810615524
27-01-2026 13:45||NIFTY27JAN2626300CE,1.1785203317936723
27-01-2026 13:45||NIFTY27JAN2626400CE,1.291905458716882
27-01-2026 13:50||NIFTY27JAN2623900PE,1.253430348692231
27-01-2026 13:50||NIFTY27JAN2624800PE,0.4276767815874769
27-01-2026 13:50||NIFTY27JAN2625000PE,0.3506244802193423
27-01-2026 13:50||NIFTY27JAN2626200CE,1.1521415563348076
27-01-2026 13:55||NIFTY27JAN2623800PE,1.3007076959751844
27-01-2026 13:55||NIFTY27JAN2624000PE,1.144994452016741
27-01-2026 13:55||NIFTY27JAN2624100PE,1.0794959082557094
27-01-2026 13:55||NIFTY27JAN2624300PE,0.8938774338944818
27-01-2026 13:55||NIFTY27JAN2624400PE,0.7848373241035056
27-01-2026 13:55||NIFTY27JAN2624600PE,0.5788450757694255
27-01-2026 13:55||NIFTY27JAN2624900PE,0.3553274894492975
27-01-2026 13:55||NIFTY27JAN2625400CE,0.5407720140864378
27-01-2026 13:55||NIFTY27JAN2625700CE,0.7922949054792751
27-01-2026 14:00||NIFTY27JAN2623800PE,1.319890618202639
27-01-2026 14:00||NIFTY27JAN2624300PE,0.9133991571566986
27-01-2026 14:00||NIFTY27JAN2624500PE,0.7158448264064567
27-01-2026 14:00||NIFTY27JAN2625000PE,0.3072424647478147
27-01-2026 14:00||NIFTY27JAN2625100PE,0.2248107408089543
27-01-2026 14:05||NIFTY27JAN2624000PE,1.1737318899665516
27-01-2026 14:05||NIFTY27JAN2624800PE,0.3911561714552581
27-01-2026 14:05||NIFTY27JAN2625400CE,0.5881523104747086
27-01-2026 14:05||NIFTY27JAN2625700CE,0.8478440231177555
27-01-2026 14:05||NIFTY27JAN2625800CE,0.9754150613815298
27-01-2026 14:05||NIFTY27JAN2626100CE,1.1706538814070342
27-01-2026 14:05||NIFTY27JAN2626200CE,1.3156783048139675
27-01-2026 14:05||NIFTY27JAN2626400CE,1.5123580293747405
27-01-2026 14:10||NIFTY27JAN2623900PE,1.3329332533134912
27-01-2026 14:10||NIFTY27JAN2624000PE,1.2770825275452553
27-01-2026 14:10||NIFTY27JAN2624600PE,0.625331555599867
27-01-2026 14:10||NIFTY27JAN2625500CE,0.6316537355276979
27-01-2026 14:10||NIFTY27JAN2626000CE,1.1395275914578982
27-01-2026 14:10||NIFTY27JAN2626200CE,1.3517802286510237
27-01-2026 14:15||NIFTY27JAN2624000PE,1.2977430343085976
27-01-2026 14:15||NIFTY27JAN2624400PE,0.8539804744786784
27-01-2026 14:15||NIFTY27JAN2624900PE,0.3687246335205046
27-01-2026 14:15||NIFTY27JAN2625600CE,0.8066894509509173
27-01-2026 14:15||NIFTY27JAN2625800CE,1.011257384479296
27-01-2026 14:20||NIFTY27JAN2624100PE,1.191352680710347
27-01-2026 14:20||NIFTY27JAN2625500CE,0.6593487294665457
27-01-2026 14:20||NIFTY27JAN2626000CE,1.1709545315277083
27-01-2026 14:20||NIFTY27JAN2626100CE,1.2714096110812352
27-01-2026 14:20||NIFTY27JAN2626500CE,1.630242613844249
27-01-2026 14:25||NIFTY27JAN2623800PE,1.463549821700233
27-01-2026 14:25||NIFTY27JAN2623900PE,1.3675379285780396
27-01-2026 14:25||NIFTY27JAN2624000PE,1.3215587282715238
27-01-2026 14:25||NIFTY27JAN2624200PE,1.0784907691832435
27-01-2026 14:25||NIFTY27JAN2624300PE,0.9712739690485986
27-01-2026 14:25||NIFTY27JAN2624800PE,0.4237851162340936
27-01-2026 14:25||NIFTY27JAN2624900PE,0.347448883660447
27-01-2026 14:25||NIFTY27JAN2625000PE,0.2844022057267448
27-01-2026 14:25||NIFTY27JAN2625700CE,0.923022366140298
27-01-2026 14:30||NIFTY27JAN2624000PE,1.4794850842321683
27-01-2026 14:30||NIFTY27JAN2624200PE,1.214842493003094
27-01-2026 14:30||NIFTY27JAN2624600PE,0.7555822954353733
27-01-2026 14:30||NIFTY27JAN2625100PE,0.1400822768051953
27-01-2026 14:30||NIFTY27JAN2626400CE,1.7467136922959128
27-01-2026 14:35||NIFTY27JAN2624000PE,1.502866837908409
27-01-2026 14:35||NIFTY27JAN2624200PE,1.27763060946918
27-01-2026 14:35||NIFTY27JAN2624900PE,0.4182657778949152
27-01-2026 14:35||NIFTY27JAN2625000PE,0.3076596347856354
27-01-2026 14:35||NIFTY27JAN2626200CE,1.5986127577191744
27-01-2026 14:40||NIFTY27JAN2624000PE,1.6285044068113834
27-01-2026 14:40||NIFTY27JAN2624800PE,0.5383416406343926
27-01-2026 14:40||NIFTY27JAN2626200CE,1.504506433187181
27-01-2026 14:40||NIFTY27JAN2626400CE,1.7140862817184994
27-01-2026 14:45||NIFTY27JAN2624000PE,1.6972701426869718
27-01-2026 14:45||NIFTY27JAN2624200PE,1.3952212270032136
27-01-2026 14:45||NIFTY27JAN2624700PE,0.7148870300461689
27-01-2026 14:45||NIFTY27JAN2625400CE,0.5592778038311964
27-01-2026 14:45||NIFTY27JAN2626400CE,1.7794443121445935
27-01-2026 14:45||NIFTY27JAN2626500CE,1.8620486825930496
27-01-2026 14:50||NIFTY27JAN2623800PE,2.00628611081368
27-01-2026 14:50||NIFTY27JAN2624000PE,1.8309799121039168
27-01-2026 14:50||NIFTY27JAN2624200PE,1.5133770891482308
27-01-2026 14:50||NIFTY27JAN2624800PE,0.6555537590858577
27-01-2026 14:50||NIFTY27JAN2625200CE,0.3889940633381247
27-01-2026 14:50||NIFTY27JAN2625900CE,1.2454667721714032
27-01-2026 14:55||NIFTY27JAN2623800PE,2.40241418625077
27-01-2026 14:55||NIFTY27JAN2624000PE,1.9061743053572924
27-01-2026 14:55||NIFTY27JAN2624800PE,0.73504760324466
27-01-2026 14:55||NIFTY27JAN2625500CE,0.7133896068211223
27-01-2026 14:55||NIFTY27JAN2625800CE,1.1482592075206706
27-01-2026 14:55||NIFTY27JAN2626400CE,1.9085743958613368
27-01-2026 15:00||NIFTY27JAN2624100PE,1.8642563981857536
27-01-2026 15:00||NIFTY27JAN2624700PE,0.907914869828511
27-01-2026 15:00||NIFTY27JAN2625100PE,0.1512740776746347
27-01-2026 15:00||NIFTY27JAN2625400CE,0.5912000545820515
27-01-2026 15:05||NIFTY27JAN2624000PE,2.152956185536326
27-01-2026 15:05||NIFTY27JAN2624100PE,2.0719011704924566
27-01-2026 15:05||NIFTY27JAN2624200PE,1.8474711916156548
27-01-2026 15:05||NIFTY27JAN2624500PE,1.255348493816666
27-01-2026 15:05||NIFTY27JAN2626300CE,2.05439875867647
27-01-2026 15:10||NIFTY27JAN2623900PE,2.1034590802782334
27-01-2026 15:10||NIFTY27JAN2624000PE,2.1266926607930685
27-01-2026 15:10||NIFTY27JAN2624900PE,0.5946451269763616
27-01-2026 15:10||NIFTY27JAN2625400CE,0.6716636658461593
27-01-2026 15:10||NIFTY27JAN2625600CE,0.9611469060546054
27-01-2026 15:10||NIFTY27JAN2625800CE,1.3353335329861449
27-01-2026 15:10||NIFTY27JAN2626000CE,1.764784556818265
27-01-2026 15:15||NIFTY27JAN2625000PE,0.632554542396577
27-01-2026 15:15||NIFTY27JAN2625900CE,1.7116531456782234
27-01-2026 15:15||NIFTY27JAN2626000CE,2.1022659045945624
27-01-2026 15:15||NIFTY27JAN2626400CE,2.502040935160499
27-01-2026 15:20||NIFTY27JAN2623800PE,3.535964930938735
27-01-2026 15:20||NIFTY27JAN2623900PE,3.4852632332365783
27-01-2026 15:20||NIFTY27JAN2624900PE,0.893032788819247
27-01-2026 15:20||NIFTY27JAN2625500CE,1.0572637208446347
27-01-2026 15:20||NIFTY27JAN2626000CE,2.5908684233970223
27-01-2026 15:20||NIFTY27JAN2626300CE,3.0344062870849142
27-01-2026 15:20||NIFTY27JAN2626400CE,3.031829012772417
27-01-2026 15:25||NIFTY27JAN2623800PE,5.338789071798401
27-01-2026 15:25||NIFTY27JAN2624900PE,1.0299911053272484
27-01-2026 15:25||NIFTY27JAN2625100PE,0.4420804195713552
27-01-2026 15:25||NIFTY27JAN2626100CE,3.2145061851384336
27-01-2026 15:25||NIFTY27JAN2626300CE,3.726673736479005
27-01-2026 15:25||NIFTY27JAN2626400CE,3.726673736479005
27-01-2026 15:25||NIFTY27JAN2626500CE,3.759381459647428
