id,value
07-01-2026 09:15||NIFTY27JAN2625500CE,0.1127094366197183
07-01-2026 09:15||NIFTY27JAN2625800CE,0.098005
07-01-2026 09:15||NIFTY27JAN2624100PE,0.16480757142857144
07-01-2026 09:20||NIFTY27JAN2625300CE,0.11404031250000002
07-01-2026 09:20||NIFTY27JAN2625400CE,0.1078109090909091
07-01-2026 09:20||NIFTY27JAN2625800CE,0.09795227272727274
07-01-2026 09:20||NIFTY27JAN2625900CE,0.09429435294117644
07-01-2026 09:20||NIFTY27JAN2624000PE,0.1707877358490566
07-01-2026 09:20||NIFTY27JAN2624200PE,0.15831571428571428
07-01-2026 09:20||NIFTY27JAN2624800PE,0.12781317757009347
07-01-2026 09:20||NIFTY27JAN2625000PE,0.11749846153846152
07-01-2026 09:25||NIFTY27JAN2625300CE,0.10724255813953489
07-01-2026 09:25||NIFTY27JAN2626500CE,0.09732382113821138
07-01-2026 09:25||NIFTY27JAN2624300PE,0.15362511363636366
07-01-2026 09:25||NIFTY27JAN2625100PE,0.11328833333333334
07-01-2026 09:30||NIFTY27JAN2625900CE,0.09405627118644065
07-01-2026 09:30||NIFTY27JAN2626400CE,0.08939365853658535
07-01-2026 09:30||NIFTY27JAN2623900PE,0.17402898876404496
07-01-2026 09:30||NIFTY27JAN2624300PE,0.1533347191011236
07-01-2026 09:35||NIFTY27JAN2625900CE,0.09696583333333332
07-01-2026 09:35||NIFTY27JAN2626100CE,0.09101107438016529
07-01-2026 09:35||NIFTY27JAN2623900PE,0.17465370786516854
07-01-2026 09:35||NIFTY27JAN2624600PE,0.13744024193548385
07-01-2026 09:35||NIFTY27JAN2625100PE,0.1128890322580645
07-01-2026 09:40||NIFTY27JAN2625600CE,0.10586364485981307
07-01-2026 09:40||NIFTY27JAN2625800CE,0.10177017857142857
07-01-2026 09:40||NIFTY27JAN2625900CE,0.09272483870967745
07-01-2026 09:40||NIFTY27JAN2626200CE,0.09135560975609755
07-01-2026 09:40||NIFTY27JAN2625100PE,0.11228171052631578
07-01-2026 09:45||NIFTY27JAN2625200CE,0.09561090909090908
07-01-2026 09:45||NIFTY27JAN2625900CE,0.09766258620689652
07-01-2026 09:45||NIFTY27JAN2626400CE,0.08934539325842696
07-01-2026 09:45||NIFTY27JAN2625000PE,0.11727361904761904
07-01-2026 09:50||NIFTY27JAN2625200CE,0.10953883116883115
07-01-2026 09:50||NIFTY27JAN2625500CE,0.1091237037037037
07-01-2026 09:50||NIFTY27JAN2625600CE,0.1125244
07-01-2026 09:50||NIFTY27JAN2626400CE,0.08935597701149424
07-01-2026 09:50||NIFTY27JAN2623800PE,0.17304311475409836
07-01-2026 09:50||NIFTY27JAN2624500PE,0.14138870967741932
07-01-2026 09:50||NIFTY27JAN2624900PE,0.12143401639344262
07-01-2026 09:55||NIFTY27JAN2625500CE,0.11792739726027399
07-01-2026 09:55||NIFTY27JAN2625800CE,0.10333495652173912
07-01-2026 09:55||NIFTY27JAN2625900CE,0.09990257575757575
07-01-2026 09:55||NIFTY27JAN2624300PE,0.1526138709677419
07-01-2026 09:55||NIFTY27JAN2624700PE,0.1312661788617886
07-01-2026 09:55||NIFTY27JAN2625000PE,0.11637676056338025
07-01-2026 10:00||NIFTY27JAN2625900CE,0.10132859154929576
07-01-2026 10:00||NIFTY27JAN2626100CE,0.09787385245901639
07-01-2026 10:00||NIFTY27JAN2626500CE,0.09873637096774193
07-01-2026 10:00||NIFTY27JAN2624600PE,0.13689349593495934
07-01-2026 10:00||NIFTY27JAN2625000PE,0.11751344827586206
07-01-2026 10:05||NIFTY27JAN2625200CE,0.10523955357142856
07-01-2026 10:05||NIFTY27JAN2625500CE,0.10890438356164384
07-01-2026 10:05||NIFTY27JAN2626300CE,0.09165701612903225
07-01-2026 10:10||NIFTY27JAN2625500CE,0.10098750000000001
07-01-2026 10:10||NIFTY27JAN2625600CE,0.10364594339622642
07-01-2026 10:10||NIFTY27JAN2625700CE,0.11005370967741934
07-01-2026 10:10||NIFTY27JAN2625900CE,0.09635292929292928
07-01-2026 10:10||NIFTY27JAN2626000CE,0.09579634782608695
07-01-2026 10:10||NIFTY27JAN2623800PE,0.17374675438596493
07-01-2026 10:10||NIFTY27JAN2623900PE,0.17396012345679013
07-01-2026 10:10||NIFTY27JAN2624200PE,0.16104568807339448
07-01-2026 10:15||NIFTY27JAN2625700CE,0.10139368421052633
07-01-2026 10:15||NIFTY27JAN2626100CE,0.09581569230769231
07-01-2026 10:15||NIFTY27JAN2626200CE,0.09149869565217392
07-01-2026 10:15||NIFTY27JAN2626500CE,0.09430322314049587
07-01-2026 10:15||NIFTY27JAN2623900PE,0.1767485882352941
07-01-2026 10:20||NIFTY27JAN2625500CE,0.10135230769230769
07-01-2026 10:20||NIFTY27JAN2625700CE,0.10276555555555555
07-01-2026 10:20||NIFTY27JAN2626100CE,0.09358905660377359
07-01-2026 10:20||NIFTY27JAN2624000PE,0.17330423529411762
07-01-2026 10:20||NIFTY27JAN2624200PE,0.16172734939759034
07-01-2026 10:20||NIFTY27JAN2624300PE,0.15505824561403508
07-01-2026 10:20||NIFTY27JAN2624500PE,0.14427098360655738
07-01-2026 10:25||NIFTY27JAN2625600CE,0.1039151282051282
07-01-2026 10:25||NIFTY27JAN2625700CE,0.10334584615384615
07-01-2026 10:25||NIFTY27JAN2626100CE,0.09243087719298246
07-01-2026 10:25||NIFTY27JAN2624000PE,0.1723707407407407
07-01-2026 10:25||NIFTY27JAN2624100PE,0.1660154867256637
07-01-2026 10:30||NIFTY27JAN2625500CE,0.10752546875
07-01-2026 10:30||NIFTY27JAN2625600CE,0.10836718750000002
07-01-2026 10:30||NIFTY27JAN2626000CE,0.09487566666666668
07-01-2026 10:30||NIFTY27JAN2626200CE,0.09052819819819818
07-01-2026 10:30||NIFTY27JAN2626300CE,0.08752621212121213
07-01-2026 10:30||NIFTY27JAN2624200PE,0.159791095890411
07-01-2026 10:30||NIFTY27JAN2625100PE,0.1126734375
07-01-2026 10:35||NIFTY27JAN2625400CE,0.11863824999999997
07-01-2026 10:35||NIFTY27JAN2625500CE,0.10988641025641024
07-01-2026 10:35||NIFTY27JAN2626100CE,0.09405385714285716
07-01-2026 10:35||NIFTY27JAN2626300CE,0.08890196078431373
07-01-2026 10:35||NIFTY27JAN2623800PE,0.17231186991869918
07-01-2026 10:35||NIFTY27JAN2624200PE,0.1596411235955056
07-01-2026 10:35||NIFTY27JAN2624500PE,0.1429074193548387
07-01-2026 10:35||NIFTY27JAN2625000PE,0.11688764705882354
07-01-2026 10:40||NIFTY27JAN2625200CE,0.13531954128440365
07-01-2026 10:40||NIFTY27JAN2625400CE,0.11809518072289157
07-01-2026 10:40||NIFTY27JAN2625600CE,0.1082185393258427
07-01-2026 10:40||NIFTY27JAN2625800CE,0.1015244859813084
07-01-2026 10:40||NIFTY27JAN2626100CE,0.0936518604651163
07-01-2026 10:40||NIFTY27JAN2626300CE,0.08962605633802816
07-01-2026 10:40||NIFTY27JAN2623900PE,0.17465915887850467
07-01-2026 10:40||NIFTY27JAN2624900PE,0.12229710743801653
07-01-2026 10:40||NIFTY27JAN2625100PE,0.11189271186440677
07-01-2026 10:45||NIFTY27JAN2625300CE,0.12066766666666666
07-01-2026 10:45||NIFTY27JAN2626000CE,0.09730048780487806
07-01-2026 10:45||NIFTY27JAN2626400CE,0.09011886178861789
07-01-2026 10:45||NIFTY27JAN2624000PE,0.17156901639344263
07-01-2026 10:45||NIFTY27JAN2625100PE,0.11248675324675325
07-01-2026 10:50||NIFTY27JAN2625600CE,0.10781198113207548
07-01-2026 10:50||NIFTY27JAN2625800CE,0.10152906542056074
07-01-2026 10:50||NIFTY27JAN2623900PE,0.1751358333333333
07-01-2026 10:50||NIFTY27JAN2624200PE,0.16018759259259258
07-01-2026 10:55||NIFTY27JAN2625500CE,0.11947642276422765
07-01-2026 10:55||NIFTY27JAN2624300PE,0.15457467289719626
07-01-2026 10:55||NIFTY27JAN2624900PE,0.12310403225806449
07-01-2026 11:00||NIFTY27JAN2626500CE,0.09578556451612902
07-01-2026 11:00||NIFTY27JAN2624200PE,0.16151560747663551
07-01-2026 11:05||NIFTY27JAN2625200CE,0.12878480519480515
07-01-2026 11:05||NIFTY27JAN2626000CE,0.09724033057851239
07-01-2026 11:05||NIFTY27JAN2626200CE,0.09214338842975206
07-01-2026 11:05||NIFTY27JAN2624300PE,0.15483093457943922
07-01-2026 11:05||NIFTY27JAN2624600PE,0.13955073770491802
07-01-2026 11:05||NIFTY27JAN2624800PE,0.12865083333333333
07-01-2026 11:10||NIFTY27JAN2625200CE,0.1383794805194805
07-01-2026 11:10||NIFTY27JAN2625500CE,0.1145095041322314
07-01-2026 11:10||NIFTY27JAN2625700CE,0.10432685714285714
07-01-2026 11:10||NIFTY27JAN2625900CE,0.09883479338842975
07-01-2026 11:10||NIFTY27JAN2626300CE,0.08894340909090909
07-01-2026 11:10||NIFTY27JAN2624400PE,0.14950520325203254
07-01-2026 11:10||NIFTY27JAN2624800PE,0.12846944444444444
07-01-2026 11:15||NIFTY27JAN2625400CE,0.12410549180327868
07-01-2026 11:15||NIFTY27JAN2626100CE,0.09189652892561985
07-01-2026 11:15||NIFTY27JAN2626300CE,0.08862977011494251
07-01-2026 11:15||NIFTY27JAN2624000PE,0.1723038709677419
07-01-2026 11:15||NIFTY27JAN2624800PE,0.12777775862068963
07-01-2026 11:20||NIFTY27JAN2625300CE,0.12056918604651162
07-01-2026 11:20||NIFTY27JAN2625700CE,0.1027013698630137
07-01-2026 11:20||NIFTY27JAN2626000CE,0.09672919540229882
07-01-2026 11:20||NIFTY27JAN2623800PE,0.16836775280898875
07-01-2026 11:20||NIFTY27JAN2624200PE,0.1597707258064516
07-01-2026 11:20||NIFTY27JAN2624900PE,0.12209303278688526
07-01-2026 11:25||NIFTY27JAN2625300CE,0.1237974712643678
07-01-2026 11:25||NIFTY27JAN2625700CE,0.10581037974683544
07-01-2026 11:25||NIFTY27JAN2625800CE,0.1023998095238095
07-01-2026 11:25||NIFTY27JAN2625900CE,0.09944590476190475
07-01-2026 11:25||NIFTY27JAN2626000CE,0.09915428571428571
07-01-2026 11:25||NIFTY27JAN2626200CE,0.09176377049180329
07-01-2026 11:25||NIFTY27JAN2623800PE,0.16820179775280897
07-01-2026 11:25||NIFTY27JAN2624400PE,0.14859170454545456
07-01-2026 11:25||NIFTY27JAN2624800PE,0.1272537037037037
07-01-2026 11:30||NIFTY27JAN2624300PE,0.15453869565217396
07-01-2026 11:30||NIFTY27JAN2624400PE,0.14857913580246915
07-01-2026 11:35||NIFTY27JAN2626300CE,0.09038209677419354
07-01-2026 11:35||NIFTY27JAN2624900PE,0.12174048387096773
07-01-2026 11:40||NIFTY27JAN2625200CE,0.14317499999999997
07-01-2026 11:40||NIFTY27JAN2625900CE,0.09832548387096773
07-01-2026 11:40||NIFTY27JAN2624000PE,0.1717589189189189
07-01-2026 11:40||NIFTY27JAN2624500PE,0.14323008064516127
07-01-2026 11:45||NIFTY27JAN2625500CE,0.11329137931034484
07-01-2026 11:45||NIFTY27JAN2625600CE,0.11475913043478261
07-01-2026 11:45||NIFTY27JAN2626400CE,0.08961820224719103
07-01-2026 11:45||NIFTY27JAN2624000PE,0.1709142592592592
07-01-2026 11:45||NIFTY27JAN2625000PE,0.11643032786885245
07-01-2026 11:50||NIFTY27JAN2625700CE,0.10542796747967478
07-01-2026 11:50||NIFTY27JAN2626400CE,0.08967520547945206
07-01-2026 11:50||NIFTY27JAN2624000PE,0.17017123287671237
07-01-2026 11:50||NIFTY27JAN2624600PE,0.1367048387096774
07-01-2026 11:55||NIFTY27JAN2625200CE,0.15807409090909086
07-01-2026 11:55||NIFTY27JAN2625400CE,0.12239586776859505
07-01-2026 11:55||NIFTY27JAN2626100CE,0.09262795081967214
07-01-2026 11:55||NIFTY27JAN2626300CE,0.08827904761904762
07-01-2026 11:55||NIFTY27JAN2623900PE,0.17357536585365854
07-01-2026 12:00||NIFTY27JAN2625500CE,0.11570895652173913
07-01-2026 12:00||NIFTY27JAN2625600CE,0.11150742574257425
07-01-2026 12:00||NIFTY27JAN2626400CE,0.09050930555555556
07-01-2026 12:00||NIFTY27JAN2624300PE,0.15251686046511628
07-01-2026 12:00||NIFTY27JAN2624500PE,0.14131827868852456
07-01-2026 12:05||NIFTY27JAN2625300CE,0.14267537735849056
07-01-2026 12:05||NIFTY27JAN2625900CE,0.09964327586206899
07-01-2026 12:05||NIFTY27JAN2626000CE,0.09734206896551725
07-01-2026 12:05||NIFTY27JAN2626300CE,0.09040659999999999
07-01-2026 12:05||NIFTY27JAN2626400CE,0.09097787499999997
07-01-2026 12:05||NIFTY27JAN2624200PE,0.15774356521739127
07-01-2026 12:05||NIFTY27JAN2624300PE,0.15110757575757575
07-01-2026 12:10||NIFTY27JAN2625200CE,0.16472227272727272
07-01-2026 12:10||NIFTY27JAN2625600CE,0.11402739726027397
07-01-2026 12:10||NIFTY27JAN2626500CE,0.09641845528455285
07-01-2026 12:10||NIFTY27JAN2624000PE,0.1692485321100917
07-01-2026 12:15||NIFTY27JAN2625300CE,0.14878640449438202
07-01-2026 12:15||NIFTY27JAN2625500CE,0.12118159292035396
07-01-2026 12:15||NIFTY27JAN2625600CE,0.11223777777777776
07-01-2026 12:15||NIFTY27JAN2624300PE,0.15126611111111107
07-01-2026 12:15||NIFTY27JAN2625000PE,0.11550053097345131
07-01-2026 12:15||NIFTY27JAN2625100PE,0.11004536231884056
07-01-2026 12:20||NIFTY27JAN2626100CE,0.09518903225806452
07-01-2026 12:20||NIFTY27JAN2624000PE,0.1689445744680851
07-01-2026 12:20||NIFTY27JAN2624400PE,0.1459188636363636
07-01-2026 12:20||NIFTY27JAN2625100PE,0.11093999999999998
07-01-2026 12:25||NIFTY27JAN2625300CE,0.13971923076923076
07-01-2026 12:25||NIFTY27JAN2626300CE,0.09090864864864864
07-01-2026 12:25||NIFTY27JAN2624400PE,0.1466725581395349
07-01-2026 12:25||NIFTY27JAN2624600PE,0.13557025641025638
07-01-2026 12:25||NIFTY27JAN2624700PE,0.12983791304347828
07-01-2026 12:30||NIFTY27JAN2625200CE,0.1388163636363636
07-01-2026 12:30||NIFTY27JAN2626300CE,0.09015259259259258
07-01-2026 12:30||NIFTY27JAN2623800PE,0.17136768595041318
07-01-2026 12:30||NIFTY27JAN2624000PE,0.169199595959596
07-01-2026 12:30||NIFTY27JAN2624100PE,0.16273551724137933
07-01-2026 12:30||NIFTY27JAN2624500PE,0.14125964912280703
07-01-2026 12:30||NIFTY27JAN2624600PE,0.13501837499999997
07-01-2026 12:35||NIFTY27JAN2625300CE,0.12631530612244898
07-01-2026 12:35||NIFTY27JAN2625400CE,0.12151603448275862
07-01-2026 12:35||NIFTY27JAN2626300CE,0.08857236111111111
07-01-2026 12:35||NIFTY27JAN2626500CE,0.0950109090909091
07-01-2026 12:35||NIFTY27JAN2625100PE,0.11095415584415584
07-01-2026 12:40||NIFTY27JAN2625700CE,0.10667252032520326
07-01-2026 12:40||NIFTY27JAN2625100PE,0.11086967213114755
07-01-2026 12:45||NIFTY27JAN2625800CE,0.10151617886178861
07-01-2026 12:45||NIFTY27JAN2626400CE,0.08768239669421488
07-01-2026 12:45||NIFTY27JAN2623800PE,0.1701267619047619
07-01-2026 12:45||NIFTY27JAN2624000PE,0.16783262295081966
07-01-2026 12:45||NIFTY27JAN2624900PE,0.12026577586206895
07-01-2026 12:45||NIFTY27JAN2625000PE,0.11465071428571427
07-01-2026 12:50||NIFTY27JAN2626300CE,0.08964146341463414
07-01-2026 12:50||NIFTY27JAN2624400PE,0.1455319266055046
07-01-2026 12:50||NIFTY27JAN2624700PE,0.1292660483870968
07-01-2026 12:50||NIFTY27JAN2625100PE,0.11025967213114753
07-01-2026 12:55||NIFTY27JAN2625200CE,0.13624556818181816
07-01-2026 12:55||NIFTY27JAN2625300CE,0.12710012658227848
07-01-2026 12:55||NIFTY27JAN2623800PE,0.16833930693069302
07-01-2026 12:55||NIFTY27JAN2623900PE,0.17096989999999998
07-01-2026 12:55||NIFTY27JAN2625100PE,0.11002623376623377
07-01-2026 13:00||NIFTY27JAN2625300CE,0.12171535714285714
07-01-2026 13:00||NIFTY27JAN2625800CE,0.10355443548387096
07-01-2026 13:00||NIFTY27JAN2624000PE,0.16816909836065574
07-01-2026 13:00||NIFTY27JAN2624400PE,0.14626391304347824
07-01-2026 13:00||NIFTY27JAN2624600PE,0.134587520661157
07-01-2026 13:05||NIFTY27JAN2625200CE,0.1334717021276596
07-01-2026 13:05||NIFTY27JAN2625400CE,0.12009112676056335
07-01-2026 13:05||NIFTY27JAN2626100CE,0.09352677419354838
07-01-2026 13:05||NIFTY27JAN2623900PE,0.1725259259259259
07-01-2026 13:05||NIFTY27JAN2624700PE,0.12948806818181818
07-01-2026 13:10||NIFTY27JAN2625400CE,0.12005150943396226
07-01-2026 13:10||NIFTY27JAN2625900CE,0.09899544715447155
07-01-2026 13:10||NIFTY27JAN2626400CE,0.08930921348314605
07-01-2026 13:10||NIFTY27JAN2624400PE,0.145774495412844
07-01-2026 13:10||NIFTY27JAN2624700PE,0.12981147727272727
07-01-2026 13:15||NIFTY27JAN2625400CE,0.12483878787878788
07-01-2026 13:15||NIFTY27JAN2625500CE,0.11516132743362831
07-01-2026 13:15||NIFTY27JAN2625700CE,0.10483324561403508
07-01-2026 13:15||NIFTY27JAN2625800CE,0.10029808695652175
07-01-2026 13:15||NIFTY27JAN2626400CE,0.08941424657534246
07-01-2026 13:15||NIFTY27JAN2624600PE,0.1350726168224299
07-01-2026 13:20||NIFTY27JAN2626300CE,0.08891908045977011
07-01-2026 13:20||NIFTY27JAN2624000PE,0.16776321100917432
07-01-2026 13:20||NIFTY27JAN2624500PE,0.13962377049180325
07-01-2026 13:20||NIFTY27JAN2624800PE,0.12450902654867255
07-01-2026 13:20||NIFTY27JAN2624900PE,0.11885247311827958
07-01-2026 13:20||NIFTY27JAN2625000PE,0.11327945945945944
07-01-2026 13:25||NIFTY27JAN2626300CE,0.09014050632911393
07-01-2026 13:25||NIFTY27JAN2626400CE,0.08946164835164837
07-01-2026 13:25||NIFTY27JAN2626500CE,0.09962025316455696
07-01-2026 13:25||NIFTY27JAN2624200PE,0.1559019266055046
07-01-2026 13:25||NIFTY27JAN2624600PE,0.13460738461538463
07-01-2026 13:25||NIFTY27JAN2624700PE,0.12836403508771932
07-01-2026 13:25||NIFTY27JAN2625100PE,0.10903760416666665
07-01-2026 13:30||NIFTY27JAN2625300CE,0.13311697674418604
07-01-2026 13:30||NIFTY27JAN2625700CE,0.10798940594059404
07-01-2026 13:30||NIFTY27JAN2625800CE,0.10263905172413795
07-01-2026 13:30||NIFTY27JAN2626500CE,0.09914306818181817
07-01-2026 13:30||NIFTY27JAN2624000PE,0.16657157407407405
07-01-2026 13:30||NIFTY27JAN2624400PE,0.14460380165289255
07-01-2026 13:30||NIFTY27JAN2624600PE,0.13309162790697673
07-01-2026 13:30||NIFTY27JAN2624900PE,0.11762174311926603
07-01-2026 13:35||NIFTY27JAN2625200CE,0.1387247727272727
07-01-2026 13:35||NIFTY27JAN2625300CE,0.13402291139240508
07-01-2026 13:35||NIFTY27JAN2623900PE,0.16998462962962962
07-01-2026 13:35||NIFTY27JAN2624200PE,0.15578729411764705
07-01-2026 13:35||NIFTY27JAN2624300PE,0.149441125
07-01-2026 13:35||NIFTY27JAN2625100PE,0.10791989583333333
07-01-2026 13:40||NIFTY27JAN2625700CE,0.11075110091743119
07-01-2026 13:40||NIFTY27JAN2626100CE,0.09491604838709677
07-01-2026 13:40||NIFTY27JAN2624300PE,0.1497687356321839
07-01-2026 13:40||NIFTY27JAN2625000PE,0.11268504132231404
07-01-2026 13:45||NIFTY27JAN2625200CE,0.13464189473684207
07-01-2026 13:45||NIFTY27JAN2625400CE,0.1325979508196721
07-01-2026 13:45||NIFTY27JAN2623900PE,0.16890109589041097
07-01-2026 13:45||NIFTY27JAN2624200PE,0.1551785981308411
07-01-2026 13:45||NIFTY27JAN2624600PE,0.13316895161290318
07-01-2026 13:50||NIFTY27JAN2623800PE,0.1664204
07-01-2026 13:50||NIFTY27JAN2623900PE,0.167915625
07-01-2026 13:50||NIFTY27JAN2624100PE,0.16094586776859507
07-01-2026 13:55||NIFTY27JAN2625300CE,0.1296920661157025
07-01-2026 13:55||NIFTY27JAN2625800CE,0.10415577235772358
07-01-2026 13:55||NIFTY27JAN2626400CE,0.08977129032258065
07-01-2026 13:55||NIFTY27JAN2624400PE,0.14403908256880732
07-01-2026 13:55||NIFTY27JAN2625100PE,0.10838214285714284
07-01-2026 14:00||NIFTY27JAN2625400CE,0.12313565217391303
07-01-2026 14:00||NIFTY27JAN2625500CE,0.11909431034482758
07-01-2026 14:00||NIFTY27JAN2625900CE,0.10065885057471265
07-01-2026 14:00||NIFTY27JAN2626200CE,0.09222416666666666
07-01-2026 14:00||NIFTY27JAN2623800PE,0.1642860465116279
07-01-2026 14:00||NIFTY27JAN2623900PE,0.16907129999999998
07-01-2026 14:05||NIFTY27JAN2625900CE,0.09921742424242426
07-01-2026 14:05||NIFTY27JAN2626000CE,0.09651675438596491
07-01-2026 14:05||NIFTY27JAN2626300CE,0.08917421487603307
07-01-2026 14:05||NIFTY27JAN2624000PE,0.1670546511627907
07-01-2026 14:05||NIFTY27JAN2624200PE,0.15535525
07-01-2026 14:05||NIFTY27JAN2624400PE,0.1445511214953271
07-01-2026 14:10||NIFTY27JAN2626100CE,0.09254043859649123
07-01-2026 14:10||NIFTY27JAN2626200CE,0.09040682539682539
07-01-2026 14:10||NIFTY27JAN2626400CE,0.08674773109243698
07-01-2026 14:10||NIFTY27JAN2623800PE,0.16686955555555552
07-01-2026 14:10||NIFTY27JAN2624000PE,0.1671926436781609
07-01-2026 14:10||NIFTY27JAN2624700PE,0.12908024193548387
07-01-2026 14:15||NIFTY27JAN2625200CE,0.12081812499999998
07-01-2026 14:15||NIFTY27JAN2625600CE,0.10885040650406504
07-01-2026 14:15||NIFTY27JAN2625900CE,0.09643627659574469
07-01-2026 14:15||NIFTY27JAN2626200CE,0.09017448275862068
07-01-2026 14:20||NIFTY27JAN2625400CE,0.11496797752808989
07-01-2026 14:20||NIFTY27JAN2625700CE,0.1046025
07-01-2026 14:20||NIFTY27JAN2626300CE,0.08776027397260275
07-01-2026 14:20||NIFTY27JAN2623800PE,0.16651851851851848
07-01-2026 14:20||NIFTY27JAN2624500PE,0.1400525806451613
07-01-2026 14:25||NIFTY27JAN2625400CE,0.11620295454545454
07-01-2026 14:25||NIFTY27JAN2625700CE,0.10503034482758619
07-01-2026 14:25||NIFTY27JAN2625900CE,0.09649317757009344
07-01-2026 14:25||NIFTY27JAN2626300CE,0.08894555555555554
07-01-2026 14:25||NIFTY27JAN2623900PE,0.16991869918699187
07-01-2026 14:30||NIFTY27JAN2625300CE,0.12391652892561983
07-01-2026 14:30||NIFTY27JAN2626300CE,0.08915972602739726
07-01-2026 14:30||NIFTY27JAN2624800PE,0.12389552845528455
07-01-2026 14:30||NIFTY27JAN2625100PE,0.10866239583333333
07-01-2026 14:35||NIFTY27JAN2626400CE,0.08844582608695654
07-01-2026 14:35||NIFTY27JAN2626500CE,0.09396982608695652
07-01-2026 14:35||NIFTY27JAN2624000PE,0.1686279
07-01-2026 14:35||NIFTY27JAN2624100PE,0.16168333333333332
07-01-2026 14:35||NIFTY27JAN2624400PE,0.1455513709677419
07-01-2026 14:35||NIFTY27JAN2624700PE,0.12901739837398374
07-01-2026 14:35||NIFTY27JAN2625000PE,0.11373325000000002
07-01-2026 14:40||NIFTY27JAN2625400CE,0.12100596774193546
07-01-2026 14:40||NIFTY27JAN2626200CE,0.09052096774193548
07-01-2026 14:40||NIFTY27JAN2623800PE,0.16501181818181818
07-01-2026 14:40||NIFTY27JAN2624100PE,0.16319488372093024
07-01-2026 14:40||NIFTY27JAN2625100PE,0.10911770833333334
07-01-2026 14:45||NIFTY27JAN2623800PE,0.1647754117647059
07-01-2026 14:45||NIFTY27JAN2624000PE,0.16861825242718445
07-01-2026 14:45||NIFTY27JAN2624200PE,0.15767561983471076
07-01-2026 14:45||NIFTY27JAN2624500PE,0.14066854838709675
07-01-2026 14:45||NIFTY27JAN2624900PE,0.11907876404494383
07-01-2026 14:50||NIFTY27JAN2625600CE,0.10794153225806451
07-01-2026 14:50||NIFTY27JAN2626400CE,0.08840970000000001
07-01-2026 14:50||NIFTY27JAN2626500CE,0.09228203539823007
07-01-2026 14:50||NIFTY27JAN2623900PE,0.17303723809523808
07-01-2026 14:50||NIFTY27JAN2624900PE,0.11947651685393255
07-01-2026 14:55||NIFTY27JAN2625900CE,0.09732707317073173
07-01-2026 14:55||NIFTY27JAN2626300CE,0.08830426229508197
07-01-2026 14:55||NIFTY27JAN2624100PE,0.16462803278688526
07-01-2026 14:55||NIFTY27JAN2624300PE,0.15203647540983606
07-01-2026 14:55||NIFTY27JAN2624600PE,0.1358550806451613
07-01-2026 15:00||NIFTY27JAN2625700CE,0.10389040322580644
07-01-2026 15:00||NIFTY27JAN2626000CE,0.09503977272727272
07-01-2026 15:00||NIFTY27JAN2626400CE,0.08871684931506849
07-01-2026 15:00||NIFTY27JAN2623900PE,0.17247311926605505
07-01-2026 15:00||NIFTY27JAN2625100PE,0.11014598214285712
07-01-2026 15:05||NIFTY27JAN2625400CE,0.11192879032258063
07-01-2026 15:05||NIFTY27JAN2626000CE,0.09229696629213482
07-01-2026 15:05||NIFTY27JAN2626400CE,0.08754045454545453
07-01-2026 15:05||NIFTY27JAN2624200PE,0.15941633027522933
07-01-2026 15:05||NIFTY27JAN2624500PE,0.14214772727272726
07-01-2026 15:10||NIFTY27JAN2626500CE,0.08703391304347827
07-01-2026 15:10||NIFTY27JAN2623800PE,0.17565149122807014
07-01-2026 15:10||NIFTY27JAN2624000PE,0.1702547540983607
07-01-2026 15:10||NIFTY27JAN2624400PE,0.14844104347826087
07-01-2026 15:10||NIFTY27JAN2624500PE,0.14262851851851852
07-01-2026 15:15||NIFTY27JAN2625600CE,0.10078733870967742
07-01-2026 15:15||NIFTY27JAN2624200PE,0.16012462962962962
07-01-2026 15:15||NIFTY27JAN2624900PE,0.12157549180327867
07-01-2026 15:15||NIFTY27JAN2625100PE,0.11095181818181815
07-01-2026 15:20||NIFTY27JAN2625900CE,0.09082516129032257
07-01-2026 15:20||NIFTY27JAN2626300CE,0.08526731481481481
07-01-2026 15:20||NIFTY27JAN2624100PE,0.16616749999999997
07-01-2026 15:25||NIFTY27JAN2625500CE,0.10537758064516127
07-01-2026 15:25||NIFTY27JAN2626100CE,0.08851362903225805
07-01-2026 15:25||NIFTY27JAN2626400CE,0.0873069696969697
07-01-2026 15:25||NIFTY27JAN2626500CE,0.09574445544554455
07-01-2026 15:25||NIFTY27JAN2624700PE,0.1310833870967742
08-01-2026 09:15||NIFTY27JAN2625300CE,0.11631694444444443
08-01-2026 09:15||NIFTY27JAN2626300CE,0.08467542056074766
08-01-2026 09:15||NIFTY27JAN2624100PE,0.1670970175438596
08-01-2026 09:15||NIFTY27JAN2624300PE,0.15290745901639344
08-01-2026 09:15||NIFTY27JAN2625100PE,0.11065455357142856
08-01-2026 09:20||NIFTY27JAN2625300CE,0.10760250000000002
08-01-2026 09:20||NIFTY27JAN2625900CE,0.09019784482758621
08-01-2026 09:20||NIFTY27JAN2626000CE,0.0892023275862069
08-01-2026 09:20||NIFTY27JAN2626400CE,0.0857104761904762
08-01-2026 09:20||NIFTY27JAN2626500CE,0.08831315217391304
08-01-2026 09:20||NIFTY27JAN2623800PE,0.17936876106194688
08-01-2026 09:20||NIFTY27JAN2624100PE,0.16662868421052637
08-01-2026 09:20||NIFTY27JAN2624800PE,0.12577257425742575
08-01-2026 09:20||NIFTY27JAN2624900PE,0.11974366336633661
08-01-2026 09:25||NIFTY27JAN2625300CE,0.10921035087719298
08-01-2026 09:25||NIFTY27JAN2626200CE,0.08486042253521126
08-01-2026 09:25||NIFTY27JAN2626400CE,0.08829505882352942
08-01-2026 09:25||NIFTY27JAN2623900PE,0.17448566037735846
08-01-2026 09:25||NIFTY27JAN2624100PE,0.16683214285714287
08-01-2026 09:25||NIFTY27JAN2624200PE,0.15758184210526316
08-01-2026 09:30||NIFTY27JAN2626200CE,0.085999
08-01-2026 09:30||NIFTY27JAN2626300CE,0.08637743362831858
08-01-2026 09:30||NIFTY27JAN2624100PE,0.1638676315789474
08-01-2026 09:30||NIFTY27JAN2624700PE,0.1299000877192982
08-01-2026 09:30||NIFTY27JAN2624800PE,0.12458486842105261
08-01-2026 09:30||NIFTY27JAN2624900PE,0.11862473684210526
08-01-2026 09:30||NIFTY27JAN2625000PE,0.11340381443298969
08-01-2026 09:35||NIFTY27JAN2625300CE,0.09809040816326531
08-01-2026 09:35||NIFTY27JAN2625400CE,0.10670475247524751
08-01-2026 09:35||NIFTY27JAN2626100CE,0.08885701754385965
08-01-2026 09:35||NIFTY27JAN2626200CE,0.08985
08-01-2026 09:35||NIFTY27JAN2626500CE,0.09255295238095237
08-01-2026 09:35||NIFTY27JAN2623900PE,0.17482990384615382
08-01-2026 09:35||NIFTY27JAN2624100PE,0.1640209722222222
08-01-2026 09:35||NIFTY27JAN2624400PE,0.14477056451612905
08-01-2026 09:40||NIFTY27JAN2625200CE,0.12527585585585582
08-01-2026 09:40||NIFTY27JAN2625700CE,0.10279088709677418
08-01-2026 09:40||NIFTY27JAN2626200CE,0.08883267605633802
08-01-2026 09:40||NIFTY27JAN2626400CE,0.08704106796116504
08-01-2026 09:40||NIFTY27JAN2623800PE,0.17278235294117647
08-01-2026 09:40||NIFTY27JAN2624800PE,0.1251479797979798
08-01-2026 09:40||NIFTY27JAN2624900PE,0.1187656989247312
08-01-2026 09:40||NIFTY27JAN2625000PE,0.1133782474226804
08-01-2026 09:45||NIFTY27JAN2625400CE,0.11177138888888886
08-01-2026 09:45||NIFTY27JAN2625900CE,0.09505677419354838
08-01-2026 09:45||NIFTY27JAN2626500CE,0.09501169811320755
08-01-2026 09:45||NIFTY27JAN2624200PE,0.15835532110091743
08-01-2026 09:45||NIFTY27JAN2624600PE,0.13517018348623852
08-01-2026 09:50||NIFTY27JAN2625500CE,0.10617486956521739
08-01-2026 09:50||NIFTY27JAN2625600CE,0.0988364655172414
08-01-2026 09:50||NIFTY27JAN2626400CE,0.08739166666666666
08-01-2026 09:50||NIFTY27JAN2624400PE,0.14682927419354835
08-01-2026 09:50||NIFTY27JAN2625100PE,0.1103175
08-01-2026 09:55||NIFTY27JAN2625300CE,0.11669934426229507
08-01-2026 09:55||NIFTY27JAN2626000CE,0.09215009523809523
08-01-2026 09:55||NIFTY27JAN2626200CE,0.08946360465116279
08-01-2026 09:55||NIFTY27JAN2624200PE,0.15903091743119263
08-01-2026 09:55||NIFTY27JAN2624600PE,0.13572743243243246
08-01-2026 09:55||NIFTY27JAN2625000PE,0.11552938053097342
08-01-2026 09:55||NIFTY27JAN2625100PE,0.10997623188405795
08-01-2026 10:00||NIFTY27JAN2625900CE,0.09223394957983194
08-01-2026 10:00||NIFTY27JAN2626100CE,0.08891207207207205
08-01-2026 10:00||NIFTY27JAN2626200CE,0.08750370370370368
08-01-2026 10:00||NIFTY27JAN2624600PE,0.13558865168539325
08-01-2026 10:05||NIFTY27JAN2625500CE,0.10406146341463415
08-01-2026 10:05||NIFTY27JAN2625800CE,0.09306197183098591
08-01-2026 10:05||NIFTY27JAN2626000CE,0.08952199999999999
08-01-2026 10:05||NIFTY27JAN2626500CE,0.09450824074074073
08-01-2026 10:05||NIFTY27JAN2624800PE,0.12496749999999997
08-01-2026 10:10||NIFTY27JAN2625200CE,0.13010855670103091
08-01-2026 10:10||NIFTY27JAN2625600CE,0.09936566666666669
08-01-2026 10:10||NIFTY27JAN2625800CE,0.09579176470588235
08-01-2026 10:10||NIFTY27JAN2626400CE,0.08579383177570093
08-01-2026 10:10||NIFTY27JAN2624100PE,0.16440072580645163
08-01-2026 10:10||NIFTY27JAN2625000PE,0.11490017699115042
08-01-2026 10:10||NIFTY27JAN2625100PE,0.10939507246376812
08-01-2026 10:15||NIFTY27JAN2625700CE,0.10088848484848485
08-01-2026 10:15||NIFTY27JAN2625800CE,0.0956569696969697
08-01-2026 10:15||NIFTY27JAN2626500CE,0.09720489130434783
08-01-2026 10:15||NIFTY27JAN2625100PE,0.10955016393442624
08-01-2026 10:20||NIFTY27JAN2625200CE,0.12412161290322579
08-01-2026 10:20||NIFTY27JAN2626400CE,0.08760065217391305
08-01-2026 10:25||NIFTY27JAN2625200CE,0.1245431168831169
08-01-2026 10:25||NIFTY27JAN2625500CE,0.10904614035087716
08-01-2026 10:25||NIFTY27JAN2625600CE,0.10263759259259256
08-01-2026 10:25||NIFTY27JAN2625700CE,0.10141010101010102
08-01-2026 10:25||NIFTY27JAN2626100CE,0.09091382113821138
08-01-2026 10:25||NIFTY27JAN2626500CE,0.10127222222222221
08-01-2026 10:25||NIFTY27JAN2623900PE,0.17387973214285712
08-01-2026 10:25||NIFTY27JAN2624000PE,0.16870984848484846
08-01-2026 10:25||NIFTY27JAN2624400PE,0.14570568181818183
08-01-2026 10:25||NIFTY27JAN2624800PE,0.12391090163934425
08-01-2026 10:25||NIFTY27JAN2625000PE,0.11401133928571427
08-01-2026 10:25||NIFTY27JAN2625100PE,0.10843067415730336
08-01-2026 10:30||NIFTY27JAN2626000CE,0.09307650406504064
08-01-2026 10:30||NIFTY27JAN2626400CE,0.0868483950617284
08-01-2026 10:30||NIFTY27JAN2626500CE,0.09546947368421055
08-01-2026 10:30||NIFTY27JAN2623800PE,0.17897440366972475
08-01-2026 10:30||NIFTY27JAN2624000PE,0.16830805555555553
08-01-2026 10:30||NIFTY27JAN2624400PE,0.14626654320987656
08-01-2026 10:30||NIFTY27JAN2624500PE,0.13990321739130435
08-01-2026 10:35||NIFTY27JAN2625800CE,0.09802504065040651
08-01-2026 10:35||NIFTY27JAN2626300CE,0.08828329411764707
08-01-2026 10:35||NIFTY27JAN2626500CE,0.10502074074074073
08-01-2026 10:35||NIFTY27JAN2624000PE,0.1695632432432433
08-01-2026 10:35||NIFTY27JAN2624200PE,0.15679764150943395
08-01-2026 10:40||NIFTY27JAN2625500CE,0.10789935185185183
08-01-2026 10:40||NIFTY27JAN2625900CE,0.09380090909090909
08-01-2026 10:40||NIFTY27JAN2626100CE,0.09055295238095237
08-01-2026 10:40||NIFTY27JAN2626300CE,0.08806205128205127
08-01-2026 10:40||NIFTY27JAN2626400CE,0.08898095238095237
08-01-2026 10:40||NIFTY27JAN2624000PE,0.16811780821917807
08-01-2026 10:40||NIFTY27JAN2624300PE,0.15125368852459017
08-01-2026 10:40||NIFTY27JAN2625000PE,0.11401696721311474
08-01-2026 10:45||NIFTY27JAN2625200CE,0.12233076923076922
08-01-2026 10:45||NIFTY27JAN2625300CE,0.12514570175438597
08-01-2026 10:45||NIFTY27JAN2625600CE,0.10260121495327101
08-01-2026 10:45||NIFTY27JAN2626400CE,0.08882291139240506
08-01-2026 10:45||NIFTY27JAN2626500CE,0.10086936507936509
08-01-2026 10:45||NIFTY27JAN2623900PE,0.17300523255813952
08-01-2026 10:45||NIFTY27JAN2624200PE,0.15665129629629626
08-01-2026 10:50||NIFTY27JAN2625500CE,0.10715396226415093
08-01-2026 10:50||NIFTY27JAN2625800CE,0.0966857258064516
08-01-2026 10:50||NIFTY27JAN2626100CE,0.09096761467889906
08-01-2026 10:50||NIFTY27JAN2626500CE,0.09916690140845069
08-01-2026 10:50||NIFTY27JAN2623900PE,0.17259746478873236
08-01-2026 10:55||NIFTY27JAN2625400CE,0.1111777358490566
08-01-2026 10:55||NIFTY27JAN2625600CE,0.10140056603773584
08-01-2026 10:55||NIFTY27JAN2624000PE,0.16781091954022984
08-01-2026 10:55||NIFTY27JAN2624700PE,0.12931565217391305
08-01-2026 10:55||NIFTY27JAN2624800PE,0.1236979207920792
08-01-2026 10:55||NIFTY27JAN2625100PE,0.10943921052631576
08-01-2026 11:00||NIFTY27JAN2626200CE,0.08980352272727272
08-01-2026 11:00||NIFTY27JAN2626500CE,0.08761000000000001
08-01-2026 11:00||NIFTY27JAN2623800PE,0.17336056338028172
08-01-2026 11:00||NIFTY27JAN2623900PE,0.17373359550561798
08-01-2026 11:00||NIFTY27JAN2624000PE,0.16692640625000002
08-01-2026 11:00||NIFTY27JAN2624300PE,0.1503872950819672
08-01-2026 11:00||NIFTY27JAN2624600PE,0.13463296296296295
08-01-2026 11:00||NIFTY27JAN2625000PE,0.1146425663716814
08-01-2026 11:00||NIFTY27JAN2625100PE,0.10944652173913041
08-01-2026 11:05||NIFTY27JAN2625400CE,0.11252422018348623
08-01-2026 11:05||NIFTY27JAN2626000CE,0.09378802325581395
08-01-2026 11:05||NIFTY27JAN2626200CE,0.090126875
08-01-2026 11:05||NIFTY27JAN2626300CE,0.08863539130434783
08-01-2026 11:05||NIFTY27JAN2623800PE,0.16728333333333328
08-01-2026 11:05||NIFTY27JAN2624200PE,0.1567407042253521
08-01-2026 11:05||NIFTY27JAN2624400PE,0.14458406976744187
08-01-2026 11:05||NIFTY27JAN2624800PE,0.12491037037037035
08-01-2026 11:10||NIFTY27JAN2625200CE,0.13304753246753248
08-01-2026 11:10||NIFTY27JAN2625600CE,0.10324766129032258
08-01-2026 11:10||NIFTY27JAN2625900CE,0.09520269565217392
08-01-2026 11:10||NIFTY27JAN2626000CE,0.09303765432098766
08-01-2026 11:10||NIFTY27JAN2624000PE,0.16955386792452828
08-01-2026 11:10||NIFTY27JAN2624200PE,0.15714530612244895
08-01-2026 11:10||NIFTY27JAN2624400PE,0.146386
08-01-2026 11:10||NIFTY27JAN2624600PE,0.1360316161616162
08-01-2026 11:10||NIFTY27JAN2624700PE,0.13005130434782608
08-01-2026 11:15||NIFTY27JAN2625200CE,0.1361815584415584
08-01-2026 11:15||NIFTY27JAN2626200CE,0.09030673913043477
08-01-2026 11:15||NIFTY27JAN2626400CE,0.09058662790697675
08-01-2026 11:15||NIFTY27JAN2624100PE,0.16366333333333336
08-01-2026 11:15||NIFTY27JAN2624200PE,0.1587293846153846
08-01-2026 11:15||NIFTY27JAN2624900PE,0.12066629032258062
08-01-2026 11:20||NIFTY27JAN2625700CE,0.1014698387096774
08-01-2026 11:20||NIFTY27JAN2626400CE,0.09244728395061727
08-01-2026 11:20||NIFTY27JAN2626500CE,0.097355
08-01-2026 11:20||NIFTY27JAN2624300PE,0.152573908045977
08-01-2026 11:25||NIFTY27JAN2625400CE,0.11642056818181817
08-01-2026 11:25||NIFTY27JAN2626200CE,0.09289907407407406
08-01-2026 11:25||NIFTY27JAN2623800PE,0.16517
08-01-2026 11:25||NIFTY27JAN2624300PE,0.153427125
08-01-2026 11:25||NIFTY27JAN2624400PE,0.14724839999999997
08-01-2026 11:25||NIFTY27JAN2624700PE,0.13148155963302752
08-01-2026 11:30||NIFTY27JAN2625200CE,0.13749918918918919
08-01-2026 11:30||NIFTY27JAN2625400CE,0.11959935897435897
08-01-2026 11:30||NIFTY27JAN2625500CE,0.11440147826086956
08-01-2026 11:30||NIFTY27JAN2625800CE,0.10224803738317757
08-01-2026 11:30||NIFTY27JAN2626000CE,0.09714429824561402
08-01-2026 11:30||NIFTY27JAN2626100CE,0.09489521739130435
08-01-2026 11:30||NIFTY27JAN2623800PE,0.15968735849056603
08-01-2026 11:30||NIFTY27JAN2624100PE,0.16531409090909088
08-01-2026 11:30||NIFTY27JAN2624200PE,0.15866969696969696
08-01-2026 11:35||NIFTY27JAN2625200CE,0.13158420289855072
08-01-2026 11:35||NIFTY27JAN2625300CE,0.12862160714285714
08-01-2026 11:35||NIFTY27JAN2626500CE,0.09220730434782608
08-01-2026 11:35||NIFTY27JAN2623800PE,0.17287151515151516
08-01-2026 11:35||NIFTY27JAN2624100PE,0.16424788461538462
08-01-2026 11:35||NIFTY27JAN2624400PE,0.14755924242424243
08-01-2026 11:35||NIFTY27JAN2624500PE,0.1412334513274336
08-01-2026 11:35||NIFTY27JAN2624700PE,0.13035352380952378
08-01-2026 11:35||NIFTY27JAN2624900PE,0.12007850574712642
08-01-2026 11:40||NIFTY27JAN2625600CE,0.10938876033057851
08-01-2026 11:40||NIFTY27JAN2625800CE,0.10017417582417582
08-01-2026 11:40||NIFTY27JAN2624100PE,0.1648076923076923
08-01-2026 11:40||NIFTY27JAN2624200PE,0.15781888888888887
08-01-2026 11:40||NIFTY27JAN2624400PE,0.14658441860465116
08-01-2026 11:40||NIFTY27JAN2624900PE,0.12024921348314606
08-01-2026 11:45||NIFTY27JAN2625500CE,0.11167333333333332
08-01-2026 11:45||NIFTY27JAN2625900CE,0.09730041666666667
08-01-2026 11:45||NIFTY27JAN2626100CE,0.09388827868852459
08-01-2026 11:45||NIFTY27JAN2624200PE,0.1580086301369863
08-01-2026 11:50||NIFTY27JAN2625700CE,0.10047122807017544
08-01-2026 11:50||NIFTY27JAN2625800CE,0.09753723076923076
08-01-2026 11:50||NIFTY27JAN2626500CE,0.09251732758620689
08-01-2026 11:50||NIFTY27JAN2623800PE,0.17600181034482756
08-01-2026 11:55||NIFTY27JAN2625400CE,0.11494487603305784
08-01-2026 11:55||NIFTY27JAN2625600CE,0.10703211864406778
08-01-2026 11:55||NIFTY27JAN2625800CE,0.09651098591549295
08-01-2026 11:55||NIFTY27JAN2624200PE,0.1574222340425532
08-01-2026 11:55||NIFTY27JAN2624700PE,0.12988629213483147
08-01-2026 11:55||NIFTY27JAN2625100PE,0.11137612612612612
08-01-2026 12:00||NIFTY27JAN2625500CE,0.11371098360655736
08-01-2026 12:00||NIFTY27JAN2626300CE,0.09374
08-01-2026 12:00||NIFTY27JAN2624500PE,0.14167678160919542
08-01-2026 12:00||NIFTY27JAN2624700PE,0.12942758620689654
08-01-2026 12:00||NIFTY27JAN2625000PE,0.11596983333333333
08-01-2026 12:05||NIFTY27JAN2625300CE,0.12233795081967212
08-01-2026 12:05||NIFTY27JAN2625800CE,0.10272227722772277
08-01-2026 12:05||NIFTY27JAN2625900CE,0.09932655172413793
08-01-2026 12:05||NIFTY27JAN2626400CE,0.09461138211382113
08-01-2026 12:05||NIFTY27JAN2624000PE,0.17116034482758619
08-01-2026 12:05||NIFTY27JAN2624200PE,0.15743411214953273
08-01-2026 12:05||NIFTY27JAN2624500PE,0.1411553409090909
08-01-2026 12:05||NIFTY27JAN2624900PE,0.12125512195121951
08-01-2026 12:10||NIFTY27JAN2624000PE,0.17223261363636364
08-01-2026 12:10||NIFTY27JAN2624400PE,0.14617636363636363
08-01-2026 12:15||NIFTY27JAN2625200CE,0.13288599999999998
08-01-2026 12:15||NIFTY27JAN2625400CE,0.12204421052631578
08-01-2026 12:15||NIFTY27JAN2625500CE,0.11787035087719297
08-01-2026 12:15||NIFTY27JAN2625700CE,0.10842575471698111
08-01-2026 12:15||NIFTY27JAN2624100PE,0.1663412037037037
08-01-2026 12:15||NIFTY27JAN2624400PE,0.1490083783783784
08-01-2026 12:20||NIFTY27JAN2625800CE,0.10279803278688525
08-01-2026 12:20||NIFTY27JAN2626300CE,0.09449169354838707
08-01-2026 12:20||NIFTY27JAN2624800PE,0.12817048780487805
08-01-2026 12:25||NIFTY27JAN2625700CE,0.10795438356164383
08-01-2026 12:25||NIFTY27JAN2626000CE,0.0997385393258427
08-01-2026 12:25||NIFTY27JAN2624100PE,0.16917944444444444
08-01-2026 12:25||NIFTY27JAN2624400PE,0.1511181481481481
08-01-2026 12:25||NIFTY27JAN2624900PE,0.12353308943089429
08-01-2026 12:30||NIFTY27JAN2625700CE,0.10795045454545454
08-01-2026 12:30||NIFTY27JAN2626000CE,0.10004301369863015
08-01-2026 12:30||NIFTY27JAN2624200PE,0.16257660869565216
08-01-2026 12:30||NIFTY27JAN2624300PE,0.15682313043478263
08-01-2026 12:30||NIFTY27JAN2625100PE,0.11351747747747745
08-01-2026 12:35||NIFTY27JAN2625400CE,0.12146232758620688
08-01-2026 12:35||NIFTY27JAN2625500CE,0.1142993103448276
08-01-2026 12:35||NIFTY27JAN2625800CE,0.10370212962962963
08-01-2026 12:35||NIFTY27JAN2626100CE,0.09766070175438596
08-01-2026 12:35||NIFTY27JAN2626200CE,0.09571643564356434
08-01-2026 12:35||NIFTY27JAN2624800PE,0.12898666666666667
08-01-2026 12:35||NIFTY27JAN2625000PE,0.11879637681159422
08-01-2026 12:40||NIFTY27JAN2625200CE,0.13380828828828825
08-01-2026 12:40||NIFTY27JAN2626000CE,0.10123925925925924
08-01-2026 12:40||NIFTY27JAN2624100PE,0.16779354838709673
08-01-2026 12:40||NIFTY27JAN2624400PE,0.15105932584269666
08-01-2026 12:40||NIFTY27JAN2624800PE,0.12837735632183908
08-01-2026 12:40||NIFTY27JAN2625000PE,0.11791480000000001
08-01-2026 12:45||NIFTY27JAN2625300CE,0.13242314049586779
08-01-2026 12:45||NIFTY27JAN2625800CE,0.10591201834862385
08-01-2026 12:45||NIFTY27JAN2626200CE,0.0976407
08-01-2026 12:45||NIFTY27JAN2626300CE,0.09579699999999998
08-01-2026 12:45||NIFTY27JAN2624400PE,0.1514322222222222
08-01-2026 12:45||NIFTY27JAN2624600PE,0.137577131147541
08-01-2026 12:45||NIFTY27JAN2625000PE,0.11748816901408449
08-01-2026 12:50||NIFTY27JAN2625600CE,0.11199830645161289
08-01-2026 12:50||NIFTY27JAN2626300CE,0.09672475
08-01-2026 12:50||NIFTY27JAN2626400CE,0.09476787610619467
08-01-2026 12:50||NIFTY27JAN2623800PE,0.17668163934426231
08-01-2026 12:50||NIFTY27JAN2624900PE,0.12221821138211383
08-01-2026 12:55||NIFTY27JAN2626100CE,0.10030880733944952
08-01-2026 12:55||NIFTY27JAN2624200PE,0.16344493670886076
08-01-2026 12:55||NIFTY27JAN2624300PE,0.15696420560747662
08-01-2026 12:55||NIFTY27JAN2624400PE,0.14977551020408164
08-01-2026 13:00||NIFTY27JAN2625400CE,0.12054348623853207
08-01-2026 13:00||NIFTY27JAN2625800CE,0.10633164383561644
08-01-2026 13:00||NIFTY27JAN2624200PE,0.16284113636363637
08-01-2026 13:00||NIFTY27JAN2624500PE,0.14492214285714283
08-01-2026 13:00||NIFTY27JAN2624600PE,0.13743808219178083
08-01-2026 13:00||NIFTY27JAN2624700PE,0.13098743362831855
08-01-2026 13:00||NIFTY27JAN2625000PE,0.11748070175438595
08-01-2026 13:00||NIFTY27JAN2625100PE,0.1118145192307692
08-01-2026 13:05||NIFTY27JAN2625700CE,0.10963063291139238
08-01-2026 13:05||NIFTY27JAN2625800CE,0.10401372093023255
08-01-2026 13:05||NIFTY27JAN2626000CE,0.10198108108108106
08-01-2026 13:05||NIFTY27JAN2626100CE,0.10096981818181817
08-01-2026 13:05||NIFTY27JAN2626200CE,0.09841914285714284
08-01-2026 13:05||NIFTY27JAN2626300CE,0.09655091836734694
08-01-2026 13:05||NIFTY27JAN2623800PE,0.17618750000000002
08-01-2026 13:05||NIFTY27JAN2624600PE,0.137723908045977
08-01-2026 13:10||NIFTY27JAN2625400CE,0.12105074468085107
08-01-2026 13:10||NIFTY27JAN2625700CE,0.10808799999999998
08-01-2026 13:10||NIFTY27JAN2625800CE,0.1036209375
08-01-2026 13:10||NIFTY27JAN2626100CE,0.09879556962025317
08-01-2026 13:10||NIFTY27JAN2626200CE,0.09697031746031744
08-01-2026 13:10||NIFTY27JAN2624100PE,0.16896653225806457
08-01-2026 13:10||NIFTY27JAN2624900PE,0.12194373983739837
08-01-2026 13:15||NIFTY27JAN2625900CE,0.1021873148148148
08-01-2026 13:15||NIFTY27JAN2626300CE,0.09477046728971963
08-01-2026 13:15||NIFTY27JAN2624300PE,0.15696089430894308
08-01-2026 13:15||NIFTY27JAN2625000PE,0.11714104651162792
08-01-2026 13:20||NIFTY27JAN2625300CE,0.1243654867256637
08-01-2026 13:20||NIFTY27JAN2625400CE,0.12151876923076924
08-01-2026 13:20||NIFTY27JAN2626200CE,0.0958793457943925
08-01-2026 13:20||NIFTY27JAN2623800PE,0.1765868852459016
08-01-2026 13:20||NIFTY27JAN2624000PE,0.17468754098360656
08-01-2026 13:20||NIFTY27JAN2624400PE,0.15168925925925925
08-01-2026 13:20||NIFTY27JAN2625000PE,0.11728383720930234
08-01-2026 13:25||NIFTY27JAN2625400CE,0.12283362499999999
08-01-2026 13:25||NIFTY27JAN2625500CE,0.11662184210526315
08-01-2026 13:25||NIFTY27JAN2625900CE,0.10286797979797979
08-01-2026 13:25||NIFTY27JAN2626000CE,0.10028906542056074
08-01-2026 13:25||NIFTY27JAN2626100CE,0.09724282051282052
08-01-2026 13:25||NIFTY27JAN2624600PE,0.13756293577981651
08-01-2026 13:25||NIFTY27JAN2624900PE,0.12159166666666665
08-01-2026 13:30||NIFTY27JAN2625600CE,0.10886639999999999
08-01-2026 13:30||NIFTY27JAN2625700CE,0.10545663366336633
08-01-2026 13:30||NIFTY27JAN2626100CE,0.09870011363636362
08-01-2026 13:30||NIFTY27JAN2626500CE,0.10228620967741933
08-01-2026 13:30||NIFTY27JAN2624300PE,0.15698689655172415
08-01-2026 13:30||NIFTY27JAN2624400PE,0.1495978217821782
08-01-2026 13:35||NIFTY27JAN2624600PE,0.13699095238095235
08-01-2026 13:35||NIFTY27JAN2624700PE,0.13061422222222221
08-01-2026 13:35||NIFTY27JAN2624800PE,0.12588057142857143
08-01-2026 13:35||NIFTY27JAN2624900PE,0.1188869841269841
08-01-2026 13:40||NIFTY27JAN2625300CE,0.11831475409836065
08-01-2026 13:40||NIFTY27JAN2625600CE,0.11136692307692307
08-01-2026 13:40||NIFTY27JAN2625700CE,0.10777353846153846
08-01-2026 13:40||NIFTY27JAN2626000CE,0.10094729508196722
08-01-2026 13:40||NIFTY27JAN2626200CE,0.09752026315789473
08-01-2026 13:40||NIFTY27JAN2626300CE,0.09558293103448276
08-01-2026 13:40||NIFTY27JAN2624100PE,0.16722112903225803
08-01-2026 13:40||NIFTY27JAN2624800PE,0.12561025641025642
08-01-2026 13:40||NIFTY27JAN2624900PE,0.11902687499999998
08-01-2026 13:45||NIFTY27JAN2625600CE,0.11185822784810127
08-01-2026 13:45||NIFTY27JAN2625700CE,0.10860169230769229
08-01-2026 13:45||NIFTY27JAN2624600PE,0.13715862745098037
08-01-2026 13:45||NIFTY27JAN2624700PE,0.12921535353535354
08-01-2026 13:45||NIFTY27JAN2625100PE,0.11021874999999998
08-01-2026 13:50||NIFTY27JAN2625500CE,0.11604203252032522
08-01-2026 13:50||NIFTY27JAN2624600PE,0.1360232075471698
08-01-2026 13:55||NIFTY27JAN2625200CE,0.11779144144144142
08-01-2026 13:55||NIFTY27JAN2625700CE,0.106547247706422
08-01-2026 13:55||NIFTY27JAN2624200PE,0.16128459677419357
08-01-2026 13:55||NIFTY27JAN2624600PE,0.13602270270270272
08-01-2026 13:55||NIFTY27JAN2625000PE,0.11488040983606557
08-01-2026 14:00||NIFTY27JAN2625300CE,0.12346095238095237
08-01-2026 14:00||NIFTY27JAN2625400CE,0.11600513043478261
08-01-2026 14:00||NIFTY27JAN2625900CE,0.10073530973451325
08-01-2026 14:00||NIFTY27JAN2626000CE,0.09984
08-01-2026 14:00||NIFTY27JAN2626100CE,0.09658117647058823
08-01-2026 14:00||NIFTY27JAN2626200CE,0.09591114285714285
08-01-2026 14:00||NIFTY27JAN2626300CE,0.09380448717948717
08-01-2026 14:00||NIFTY27JAN2623800PE,0.174465350877193
08-01-2026 14:00||NIFTY27JAN2623900PE,0.174569012345679
08-01-2026 14:05||NIFTY27JAN2625300CE,0.1196438
08-01-2026 14:05||NIFTY27JAN2626000CE,0.09915117647058826
08-01-2026 14:05||NIFTY27JAN2626200CE,0.09556766233766233
08-01-2026 14:05||NIFTY27JAN2626300CE,0.09360128205128206
08-01-2026 14:05||NIFTY27JAN2626500CE,0.09849218487394958
08-01-2026 14:05||NIFTY27JAN2623900PE,0.17728465116279066
08-01-2026 14:05||NIFTY27JAN2624500PE,0.14232
08-01-2026 14:10||NIFTY27JAN2625200CE,0.11644661764705881
08-01-2026 14:10||NIFTY27JAN2625300CE,0.11986984126984127
08-01-2026 14:10||NIFTY27JAN2625700CE,0.10660722222222223
08-01-2026 14:10||NIFTY27JAN2624800PE,0.12494754098360654
08-01-2026 14:10||NIFTY27JAN2625000PE,0.11503014285714284
08-01-2026 14:15||NIFTY27JAN2625200CE,0.1266632786885246
08-01-2026 14:15||NIFTY27JAN2625600CE,0.11086785046728971
08-01-2026 14:15||NIFTY27JAN2626100CE,0.09554120967741936
08-01-2026 14:15||NIFTY27JAN2626400CE,0.09179379310344826
08-01-2026 14:15||NIFTY27JAN2623800PE,0.17409065573770494
08-01-2026 14:15||NIFTY27JAN2624200PE,0.16083568965517242
08-01-2026 14:15||NIFTY27JAN2624300PE,0.15373525862068965
08-01-2026 14:15||NIFTY27JAN2625000PE,0.11477192307692308
08-01-2026 14:20||NIFTY27JAN2625700CE,0.10629672897196261
08-01-2026 14:20||NIFTY27JAN2626400CE,0.0929435135135135
08-01-2026 14:20||NIFTY27JAN2624500PE,0.14203009259259258
08-01-2026 14:20||NIFTY27JAN2625000PE,0.11414430555555553
08-01-2026 14:25||NIFTY27JAN2625200CE,0.1331122680412371
08-01-2026 14:25||NIFTY27JAN2625600CE,0.1131696296296296
08-01-2026 14:25||NIFTY27JAN2625900CE,0.10113663793103447
08-01-2026 14:25||NIFTY27JAN2626000CE,0.09874508620689657
08-01-2026 14:25||NIFTY27JAN2624600PE,0.1347884166666667
08-01-2026 14:25||NIFTY27JAN2624800PE,0.1235011214953271
08-01-2026 14:30||NIFTY27JAN2626200CE,0.09376556603773585
08-01-2026 14:30||NIFTY27JAN2626400CE,0.0921348484848485
08-01-2026 14:30||NIFTY27JAN2626500CE,0.09881931034482758
08-01-2026 14:30||NIFTY27JAN2624500PE,0.14166805555555553
08-01-2026 14:35||NIFTY27JAN2626100CE,0.09657139344262294
08-01-2026 14:35||NIFTY27JAN2624200PE,0.15957505617977527
08-01-2026 14:35||NIFTY27JAN2624800PE,0.12330266055045869
08-01-2026 14:35||NIFTY27JAN2625100PE,0.1081526126126126
08-01-2026 14:40||NIFTY27JAN2625300CE,0.12325012987012986
08-01-2026 14:40||NIFTY27JAN2625400CE,0.12495195652173913
08-01-2026 14:40||NIFTY27JAN2625500CE,0.11652838383838385
08-01-2026 14:40||NIFTY27JAN2626200CE,0.09344364705882352
08-01-2026 14:40||NIFTY27JAN2626300CE,0.09167034482758621
08-01-2026 14:40||NIFTY27JAN2624200PE,0.15921404494382024
08-01-2026 14:40||NIFTY27JAN2624600PE,0.13454634146341463
08-01-2026 14:40||NIFTY27JAN2625000PE,0.11355162790697675
08-01-2026 14:45||NIFTY27JAN2625300CE,0.12129341176470587
08-01-2026 14:45||NIFTY27JAN2625700CE,0.10385338709677416
08-01-2026 14:45||NIFTY27JAN2624000PE,0.1710983739837398
08-01-2026 14:45||NIFTY27JAN2624700PE,0.12841162601626016
08-01-2026 14:45||NIFTY27JAN2625000PE,0.11365069767441861
08-01-2026 14:50||NIFTY27JAN2625400CE,0.1159242
08-01-2026 14:50||NIFTY27JAN2625500CE,0.10996940594059405
08-01-2026 14:50||NIFTY27JAN2626000CE,0.09536409836065576
08-01-2026 14:50||NIFTY27JAN2626200CE,0.0918532075471698
08-01-2026 14:50||NIFTY27JAN2624100PE,0.164703305785124
08-01-2026 14:50||NIFTY27JAN2624300PE,0.1524706557377049
08-01-2026 14:50||NIFTY27JAN2625100PE,0.10818520833333334
08-01-2026 14:55||NIFTY27JAN2626300CE,0.09070114942528734
08-01-2026 15:00||NIFTY27JAN2625200CE,0.1287580357142857
08-01-2026 15:00||NIFTY27JAN2625600CE,0.1066144827586207
08-01-2026 15:00||NIFTY27JAN2625700CE,0.10277049504950496
08-01-2026 15:00||NIFTY27JAN2626300CE,0.09150646153846154
08-01-2026 15:00||NIFTY27JAN2626400CE,0.09179730434782608
08-01-2026 15:00||NIFTY27JAN2623900PE,0.17158344827586208
08-01-2026 15:00||NIFTY27JAN2624000PE,0.16852792079207923
08-01-2026 15:00||NIFTY27JAN2624900PE,0.11745127906976745
08-01-2026 15:00||NIFTY27JAN2625100PE,0.107156375
08-01-2026 15:05||NIFTY27JAN2626000CE,0.09491345132743362
08-01-2026 15:05||NIFTY27JAN2626100CE,0.09150827586206896
08-01-2026 15:05||NIFTY27JAN2626200CE,0.0917463063063063
08-01-2026 15:05||NIFTY27JAN2624400PE,0.14409096774193547
08-01-2026 15:05||NIFTY27JAN2624800PE,0.12227249999999999
08-01-2026 15:05||NIFTY27JAN2624900PE,0.11542802469135802
08-01-2026 15:10||NIFTY27JAN2625700CE,0.10414174311926604
08-01-2026 15:10||NIFTY27JAN2626100CE,0.092962
08-01-2026 15:10||NIFTY27JAN2626300CE,0.09208009615384616
08-01-2026 15:10||NIFTY27JAN2626500CE,0.10016130841121496
08-01-2026 15:10||NIFTY27JAN2624000PE,0.16713869565217387
08-01-2026 15:10||NIFTY27JAN2624200PE,0.15488631147540985
08-01-2026 15:10||NIFTY27JAN2624600PE,0.13112983870967737
08-01-2026 15:10||NIFTY27JAN2625100PE,0.10683612903225805
08-01-2026 15:15||NIFTY27JAN2625500CE,0.11031130081300812
08-01-2026 15:15||NIFTY27JAN2626100CE,0.09424458333333333
08-01-2026 15:15||NIFTY27JAN2624800PE,0.1210745945945946
08-01-2026 15:15||NIFTY27JAN2625100PE,0.10709803278688522
08-01-2026 15:20||NIFTY27JAN2625600CE,0.10552073170731709
08-01-2026 15:20||NIFTY27JAN2626100CE,0.09472846153846155
08-01-2026 15:20||NIFTY27JAN2626400CE,0.09153241379310344
08-01-2026 15:20||NIFTY27JAN2626500CE,0.099561
08-01-2026 15:20||NIFTY27JAN2624000PE,0.16745898148148147
08-01-2026 15:20||NIFTY27JAN2624500PE,0.13773146341463413
08-01-2026 15:20||NIFTY27JAN2624800PE,0.12194471264367815
08-01-2026 15:20||NIFTY27JAN2625000PE,0.1115338834951456
08-01-2026 15:25||NIFTY27JAN2625800CE,0.09642426966292134
08-01-2026 15:25||NIFTY27JAN2626100CE,0.09341162162162163
08-01-2026 15:25||NIFTY27JAN2623800PE,0.1686720325203252
08-01-2026 15:25||NIFTY27JAN2624100PE,0.16182537735849056
08-01-2026 15:25||NIFTY27JAN2624300PE,0.1497786776859504
08-01-2026 15:25||NIFTY27JAN2624600PE,0.13232804878048782
08-01-2026 15:25||NIFTY27JAN2625100PE,0.10824978947368423
09-01-2026 09:15||NIFTY27JAN2625400CE,0.10730169999999999
09-01-2026 09:15||NIFTY27JAN2625500CE,0.10301293103448277
09-01-2026 09:15||NIFTY27JAN2625800CE,0.09597314606741573
09-01-2026 09:15||NIFTY27JAN2626300CE,0.08912233870967741
09-01-2026 09:15||NIFTY27JAN2624400PE,0.14535447154471548
09-01-2026 09:15||NIFTY27JAN2625000PE,0.11303267857142855
09-01-2026 09:20||NIFTY27JAN2625300CE,0.12311790476190476
09-01-2026 09:20||NIFTY27JAN2624100PE,0.16221969696969696
09-01-2026 09:20||NIFTY27JAN2624200PE,0.15466826086956523
09-01-2026 09:20||NIFTY27JAN2624800PE,0.12257024590163934
09-01-2026 09:20||NIFTY27JAN2625000PE,0.11348500000000002
09-01-2026 09:25||NIFTY27JAN2625400CE,0.10867333333333334
09-01-2026 09:25||NIFTY27JAN2626100CE,0.09124528089887642
09-01-2026 09:25||NIFTY27JAN2624100PE,0.15976238636363632
09-01-2026 09:25||NIFTY27JAN2625000PE,0.11225555555555554
09-01-2026 09:30||NIFTY27JAN2625300CE,0.13162061224489796
09-01-2026 09:30||NIFTY27JAN2625400CE,0.12100197530864197
09-01-2026 09:30||NIFTY27JAN2626100CE,0.09520241379310346
09-01-2026 09:30||NIFTY27JAN2626400CE,0.09242032258064514
09-01-2026 09:30||NIFTY27JAN2624300PE,0.14855254098360654
09-01-2026 09:30||NIFTY27JAN2624500PE,0.13674149122807017
09-01-2026 09:30||NIFTY27JAN2624600PE,0.13035999999999998
09-01-2026 09:35||NIFTY27JAN2626000CE,0.10114908333333335
09-01-2026 09:35||NIFTY27JAN2626200CE,0.09690429752066114
09-01-2026 09:35||NIFTY27JAN2624800PE,0.11949838709677418
09-01-2026 09:40||NIFTY27JAN2625500CE,0.12347858407079643
09-01-2026 09:40||NIFTY27JAN2625600CE,0.11073775862068962
09-01-2026 09:40||NIFTY27JAN2625700CE,0.11158315315315312
09-01-2026 09:40||NIFTY27JAN2625900CE,0.1037332558139535
09-01-2026 09:45||NIFTY27JAN2625600CE,0.11729153846153845
09-01-2026 09:45||NIFTY27JAN2625900CE,0.1052440909090909
09-01-2026 09:45||NIFTY27JAN2624000PE,0.16522650406504066
09-01-2026 09:45||NIFTY27JAN2624300PE,0.1483689565217391
09-01-2026 09:45||NIFTY27JAN2624400PE,0.14060469135802467
09-01-2026 09:45||NIFTY27JAN2624700PE,0.12314813953488372
09-01-2026 09:45||NIFTY27JAN2624900PE,0.11228458333333331
09-01-2026 09:50||NIFTY27JAN2625300CE,0.13651975206611572
09-01-2026 09:50||NIFTY27JAN2625600CE,0.11420121621621622
09-01-2026 09:50||NIFTY27JAN2626000CE,0.10230165217391304
09-01-2026 09:50||NIFTY27JAN2626100CE,0.10016673267326733
09-01-2026 09:50||NIFTY27JAN2626400CE,0.09501725806451614
09-01-2026 09:50||NIFTY27JAN2624100PE,0.15955416666666664
09-01-2026 09:50||NIFTY27JAN2624400PE,0.14276941860465117
09-01-2026 09:50||NIFTY27JAN2624600PE,0.13041212389380527
09-01-2026 09:50||NIFTY27JAN2624700PE,0.12443576923076922
09-01-2026 09:50||NIFTY27JAN2624900PE,0.11379180000000001
09-01-2026 09:55||NIFTY27JAN2625200CE,0.135017027027027
09-01-2026 09:55||NIFTY27JAN2623800PE,0.1690358870967742
09-01-2026 09:55||NIFTY27JAN2624800PE,0.12124804123711339
09-01-2026 09:55||NIFTY27JAN2624900PE,0.11614413793103447
09-01-2026 09:55||NIFTY27JAN2625000PE,0.11041218181818178
09-01-2026 10:00||NIFTY27JAN2625500CE,0.12010674796747968
09-01-2026 10:00||NIFTY27JAN2626100CE,0.09519594594594592
09-01-2026 10:00||NIFTY27JAN2624100PE,0.16068327102803734
09-01-2026 10:00||NIFTY27JAN2624300PE,0.14917631147540983
09-01-2026 10:00||NIFTY27JAN2625100PE,0.10690036036036032
09-01-2026 10:05||NIFTY27JAN2625600CE,0.10944259259259258
09-01-2026 10:05||NIFTY27JAN2626100CE,0.09523101123595505
09-01-2026 10:05||NIFTY27JAN2624500PE,0.13754560975609756
09-01-2026 10:05||NIFTY27JAN2624800PE,0.12140256880733942
09-01-2026 10:10||NIFTY27JAN2626300CE,0.09321924999999999
09-01-2026 10:10||NIFTY27JAN2626400CE,0.09277086956521739
09-01-2026 10:10||NIFTY27JAN2624400PE,0.1426707317073171
09-01-2026 10:15||NIFTY27JAN2625600CE,0.11220516129032258
09-01-2026 10:15||NIFTY27JAN2626200CE,0.09415340000000001
09-01-2026 10:15||NIFTY27JAN2626300CE,0.09367712499999999
09-01-2026 10:15||NIFTY27JAN2625100PE,0.10625374999999998
09-01-2026 10:20||NIFTY27JAN2625200CE,0.14212732142857143
09-01-2026 10:20||NIFTY27JAN2625700CE,0.10766590163934425
09-01-2026 10:20||NIFTY27JAN2623900PE,0.17246034482758624
09-01-2026 10:20||NIFTY27JAN2624000PE,0.16726086206896554
09-01-2026 10:25||NIFTY27JAN2625600CE,0.11279537037037037
09-01-2026 10:25||NIFTY27JAN2626200CE,0.09342486238532109
09-01-2026 10:25||NIFTY27JAN2626500CE,0.09945895161290322
09-01-2026 10:25||NIFTY27JAN2624200PE,0.15508609756097563
09-01-2026 10:25||NIFTY27JAN2625000PE,0.11094198347107438
09-01-2026 10:30||NIFTY27JAN2624300PE,0.1489275
09-01-2026 10:30||NIFTY27JAN2624900PE,0.11498352459016395
09-01-2026 10:35||NIFTY27JAN2626300CE,0.09139842592592591
09-01-2026 10:35||NIFTY27JAN2624300PE,0.14866629213483143
09-01-2026 10:35||NIFTY27JAN2624800PE,0.12041098360655739
09-01-2026 10:40||NIFTY27JAN2625500CE,0.1113640909090909
09-01-2026 10:40||NIFTY27JAN2626000CE,0.09570059405940594
09-01-2026 10:40||NIFTY27JAN2626100CE,0.09281913793103448
09-01-2026 10:40||NIFTY27JAN2626400CE,0.09162060606060606
09-01-2026 10:40||NIFTY27JAN2626500CE,0.10066534653465345
09-01-2026 10:40||NIFTY27JAN2624000PE,0.16739895161290322
09-01-2026 10:40||NIFTY27JAN2624700PE,0.12497959349593496
09-01-2026 10:40||NIFTY27JAN2625000PE,0.11126804597701147
09-01-2026 10:45||NIFTY27JAN2625200CE,0.1303782727272727
09-01-2026 10:45||NIFTY27JAN2625400CE,0.11597734513274334
09-01-2026 10:45||NIFTY27JAN2625500CE,0.10830654320987651
09-01-2026 10:45||NIFTY27JAN2626300CE,0.09066456521739132
09-01-2026 10:45||NIFTY27JAN2624400PE,0.14237604838709678
09-01-2026 10:45||NIFTY27JAN2625000PE,0.11099172413793101
09-01-2026 10:50||NIFTY27JAN2625800CE,0.10039151515151516
09-01-2026 10:50||NIFTY27JAN2625900CE,0.09706388888888887
09-01-2026 10:50||NIFTY27JAN2626000CE,0.09462070707070709
09-01-2026 10:50||NIFTY27JAN2626400CE,0.09178545454545455
09-01-2026 10:50||NIFTY27JAN2626500CE,0.10063609999999999
09-01-2026 10:50||NIFTY27JAN2624100PE,0.16005104838709674
09-01-2026 10:55||NIFTY27JAN2626300CE,0.09063675925925925
09-01-2026 10:55||NIFTY27JAN2623800PE,0.168069593495935
09-01-2026 10:55||NIFTY27JAN2624700PE,0.12375803278688524
09-01-2026 10:55||NIFTY27JAN2624900PE,0.11425779069767442
09-01-2026 11:00||NIFTY27JAN2625200CE,0.12817354166666667
09-01-2026 11:00||NIFTY27JAN2625700CE,0.10082246913580246
09-01-2026 11:00||NIFTY27JAN2625800CE,0.10020552941176472
09-01-2026 11:00||NIFTY27JAN2624900PE,0.11366209876543207
09-01-2026 11:00||NIFTY27JAN2625000PE,0.10933776785714285
09-01-2026 11:05||NIFTY27JAN2625300CE,0.1276627966101695
09-01-2026 11:05||NIFTY27JAN2625500CE,0.11152576470588235
09-01-2026 11:05||NIFTY27JAN2625700CE,0.10030685714285716
09-01-2026 11:05||NIFTY27JAN2624000PE,0.164169918699187
09-01-2026 11:05||NIFTY27JAN2624400PE,0.14000645161290323
09-01-2026 11:05||NIFTY27JAN2625100PE,0.10478000000000001
09-01-2026 11:10||NIFTY27JAN2625200CE,0.12751358024691353
09-01-2026 11:10||NIFTY27JAN2625500CE,0.10950175675675676
09-01-2026 11:10||NIFTY27JAN2625800CE,0.09944813084112149
09-01-2026 11:10||NIFTY27JAN2623900PE,0.16770878048780488
09-01-2026 11:10||NIFTY27JAN2624700PE,0.12239081300813011
09-01-2026 11:10||NIFTY27JAN2625100PE,0.10460000000000001
09-01-2026 11:15||NIFTY27JAN2625700CE,0.10088148148148146
09-01-2026 11:15||NIFTY27JAN2626400CE,0.09222362903225806
09-01-2026 11:15||NIFTY27JAN2624200PE,0.15191669354838708
09-01-2026 11:15||NIFTY27JAN2624600PE,0.1280143518518518
09-01-2026 11:20||NIFTY27JAN2625200CE,0.12814783505154642
09-01-2026 11:20||NIFTY27JAN2625500CE,0.11101268518518517
09-01-2026 11:25||NIFTY27JAN2625600CE,0.10607747967479675
09-01-2026 11:25||NIFTY27JAN2624600PE,0.1272712068965517
09-01-2026 11:25||NIFTY27JAN2625100PE,0.10422747747747746
09-01-2026 11:30||NIFTY27JAN2625300CE,0.12229859154929573
09-01-2026 11:30||NIFTY27JAN2626200CE,0.09274854838709677
09-01-2026 11:30||NIFTY27JAN2624000PE,0.16420391304347826
09-01-2026 11:30||NIFTY27JAN2624100PE,0.15654987654320987
09-01-2026 11:30||NIFTY27JAN2624500PE,0.13393026315789472
09-01-2026 11:30||NIFTY27JAN2624600PE,0.12636387096774193
09-01-2026 11:30||NIFTY27JAN2624900PE,0.11287655172413794
09-01-2026 11:30||NIFTY27JAN2625000PE,0.10824438775510203
09-01-2026 11:35||NIFTY27JAN2625200CE,0.12659362745098038
09-01-2026 11:35||NIFTY27JAN2625300CE,0.11822363636363636
09-01-2026 11:35||NIFTY27JAN2625700CE,0.10078826086956522
09-01-2026 11:35||NIFTY27JAN2625800CE,0.09763774999999998
09-01-2026 11:35||NIFTY27JAN2624100PE,0.1570101136363636
09-01-2026 11:35||NIFTY27JAN2624600PE,0.12768135135135134
09-01-2026 11:40||NIFTY27JAN2625300CE,0.11694591549295771
09-01-2026 11:40||NIFTY27JAN2625800CE,0.09880962025316455
09-01-2026 11:40||NIFTY27JAN2625900CE,0.0958293670886076
09-01-2026 11:40||NIFTY27JAN2624600PE,0.12806075757575758
09-01-2026 11:40||NIFTY27JAN2624700PE,0.12179078260869565
09-01-2026 11:40||NIFTY27JAN2625000PE,0.10930695652173913
09-01-2026 11:45||NIFTY27JAN2625900CE,0.09771493670886075
09-01-2026 11:45||NIFTY27JAN2626000CE,0.09513358974358974
09-01-2026 11:45||NIFTY27JAN2626200CE,0.09340959016393444
09-01-2026 11:45||NIFTY27JAN2626500CE,0.10441865168539326
09-01-2026 11:50||NIFTY27JAN2625200CE,0.12485754545454543
09-01-2026 11:50||NIFTY27JAN2625400CE,0.11417101265822786
09-01-2026 11:50||NIFTY27JAN2625500CE,0.10950754385964911
09-01-2026 11:50||NIFTY27JAN2626000CE,0.09658579545454545
09-01-2026 11:50||NIFTY27JAN2626500CE,0.105348202247191
09-01-2026 11:50||NIFTY27JAN2625000PE,0.10888849056603774
09-01-2026 11:55||NIFTY27JAN2625400CE,0.11622593023255813
09-01-2026 11:55||NIFTY27JAN2625600CE,0.10561464285714285
09-01-2026 11:55||NIFTY27JAN2625800CE,0.10019057471264366
09-01-2026 11:55||NIFTY27JAN2626300CE,0.09360325842696629
09-01-2026 11:55||NIFTY27JAN2624200PE,0.15243637931034482
09-01-2026 11:55||NIFTY27JAN2624300PE,0.14362150442477875
09-01-2026 11:55||NIFTY27JAN2624500PE,0.13237305785123965
09-01-2026 11:55||NIFTY27JAN2624900PE,0.11226188524590162
09-01-2026 12:00||NIFTY27JAN2625600CE,0.10611511627906976
09-01-2026 12:00||NIFTY27JAN2625800CE,0.10027862068965517
09-01-2026 12:00||NIFTY27JAN2626300CE,0.09398554054054054
09-01-2026 12:00||NIFTY27JAN2623800PE,0.16627341463414633
09-01-2026 12:00||NIFTY27JAN2624400PE,0.13890155737704918
09-01-2026 12:00||NIFTY27JAN2624800PE,0.11751626016260164
09-01-2026 12:05||NIFTY27JAN2625500CE,0.11272561643835617
09-01-2026 12:05||NIFTY27JAN2626000CE,0.09644073170731707
09-01-2026 12:05||NIFTY27JAN2626500CE,0.10333101851851849
09-01-2026 12:05||NIFTY27JAN2624600PE,0.1271366935483871
09-01-2026 12:10||NIFTY27JAN2625500CE,0.10876735849056603
09-01-2026 12:10||NIFTY27JAN2625900CE,0.09716724137931033
09-01-2026 12:10||NIFTY27JAN2626300CE,0.09335875
09-01-2026 12:10||NIFTY27JAN2624200PE,0.15248151898734175
09-01-2026 12:10||NIFTY27JAN2624300PE,0.14378087499999997
09-01-2026 12:15||NIFTY27JAN2625400CE,0.10998121739130436
09-01-2026 12:15||NIFTY27JAN2625500CE,0.10365318181818182
09-01-2026 12:15||NIFTY27JAN2625800CE,0.0977968695652174
09-01-2026 12:15||NIFTY27JAN2625900CE,0.09527259259259258
09-01-2026 12:15||NIFTY27JAN2626200CE,0.09307938053097344
09-01-2026 12:15||NIFTY27JAN2626300CE,0.0930256338028169
09-01-2026 12:15||NIFTY27JAN2626400CE,0.09345262135922329
09-01-2026 12:15||NIFTY27JAN2626500CE,0.09861439560439561
09-01-2026 12:15||NIFTY27JAN2623800PE,0.17173342105263156
09-01-2026 12:15||NIFTY27JAN2624100PE,0.1581867857142857
09-01-2026 12:15||NIFTY27JAN2624200PE,0.15116035087719296
09-01-2026 12:15||NIFTY27JAN2624300PE,0.14287102564102563
09-01-2026 12:20||NIFTY27JAN2624000PE,0.1635979674796748
09-01-2026 12:20||NIFTY27JAN2624700PE,0.12139747826086955
09-01-2026 12:20||NIFTY27JAN2624800PE,0.1169830701754386
09-01-2026 12:20||NIFTY27JAN2625000PE,0.10826117647058824
09-01-2026 12:25||NIFTY27JAN2624200PE,0.1510742056074766
09-01-2026 12:25||NIFTY27JAN2624400PE,0.1381768235294118
09-01-2026 12:25||NIFTY27JAN2624600PE,0.12634239669421488
09-01-2026 12:25||NIFTY27JAN2625000PE,0.10916418604651162
09-01-2026 12:30||NIFTY27JAN2626400CE,0.0942726436781609
09-01-2026 12:30||NIFTY27JAN2623800PE,0.16703516393442625
09-01-2026 12:30||NIFTY27JAN2624400PE,0.13882056818181815
09-01-2026 12:30||NIFTY27JAN2624900PE,0.11281988636363635
09-01-2026 12:35||NIFTY27JAN2625700CE,0.09897756097560975
09-01-2026 12:35||NIFTY27JAN2626400CE,0.09834621621621623
09-01-2026 12:35||NIFTY27JAN2624100PE,0.15703111111111112
09-01-2026 12:35||NIFTY27JAN2624300PE,0.144901652892562
09-01-2026 12:35||NIFTY27JAN2624700PE,0.12215909836065572
09-01-2026 12:35||NIFTY27JAN2624900PE,0.1139571264367816
09-01-2026 12:40||NIFTY27JAN2625800CE,0.0979626436781609
09-01-2026 12:40||NIFTY27JAN2626100CE,0.09487447154471543
09-01-2026 12:40||NIFTY27JAN2624100PE,0.15743289473684213
09-01-2026 12:45||NIFTY27JAN2625300CE,0.11086609195402299
09-01-2026 12:45||NIFTY27JAN2625800CE,0.09982974683544302
09-01-2026 12:45||NIFTY27JAN2625900CE,0.09783831775700932
09-01-2026 12:45||NIFTY27JAN2626000CE,0.09694194690265487
09-01-2026 12:45||NIFTY27JAN2626400CE,0.0998611009174312
09-01-2026 12:45||NIFTY27JAN2623900PE,0.1691618181818182
09-01-2026 12:45||NIFTY27JAN2624100PE,0.15997857142857144
09-01-2026 12:45||NIFTY27JAN2624200PE,0.15068578947368422
09-01-2026 12:45||NIFTY27JAN2625100PE,0.10539187499999998
09-01-2026 12:50||NIFTY27JAN2625300CE,0.11436517647058823
09-01-2026 12:50||NIFTY27JAN2625500CE,0.10606082644628098
09-01-2026 12:50||NIFTY27JAN2626200CE,0.09640016129032257
09-01-2026 12:50||NIFTY27JAN2623800PE,0.1674449593495935
09-01-2026 12:50||NIFTY27JAN2624100PE,0.1566663157894737
09-01-2026 12:55||NIFTY27JAN2625600CE,0.10558249999999998
09-01-2026 12:55||NIFTY27JAN2625700CE,0.10201175438596492
09-01-2026 12:55||NIFTY27JAN2624100PE,0.15728948275862067
09-01-2026 12:55||NIFTY27JAN2624500PE,0.13247233870967742
09-01-2026 12:55||NIFTY27JAN2624800PE,0.11718287037037034
09-01-2026 13:00||NIFTY27JAN2625200CE,0.12164546391752577
09-01-2026 13:00||NIFTY27JAN2625600CE,0.10606953488372094
09-01-2026 13:00||NIFTY27JAN2625800CE,0.10062628099173553
09-01-2026 13:00||NIFTY27JAN2626400CE,0.10028972602739727
09-01-2026 13:00||NIFTY27JAN2624200PE,0.15123107438016528
09-01-2026 13:00||NIFTY27JAN2624900PE,0.11273802325581396
09-01-2026 13:05||NIFTY27JAN2626000CE,0.09778983606557376
09-01-2026 13:05||NIFTY27JAN2626400CE,0.10134782608695653
09-01-2026 13:05||NIFTY27JAN2626500CE,0.10674098214285713
09-01-2026 13:05||NIFTY27JAN2623900PE,0.170629243697479
09-01-2026 13:05||NIFTY27JAN2624100PE,0.157281320754717
09-01-2026 13:05||NIFTY27JAN2624300PE,0.14510653846153848
09-01-2026 13:05||NIFTY27JAN2624400PE,0.1384913
09-01-2026 13:05||NIFTY27JAN2624700PE,0.1225317543859649
09-01-2026 13:05||NIFTY27JAN2624800PE,0.11797666666666666
09-01-2026 13:05||NIFTY27JAN2624900PE,0.11263028169014085
09-01-2026 13:05||NIFTY27JAN2625000PE,0.1090721875
09-01-2026 13:10||NIFTY27JAN2625200CE,0.12145024691358025
09-01-2026 13:10||NIFTY27JAN2625900CE,0.09892658823529411
09-01-2026 13:10||NIFTY27JAN2626100CE,0.09667047058823529
09-01-2026 13:10||NIFTY27JAN2626400CE,0.10038013698630137
09-01-2026 13:10||NIFTY27JAN2624000PE,0.16516946902654867
09-01-2026 13:10||NIFTY27JAN2624100PE,0.15651724137931033
09-01-2026 13:10||NIFTY27JAN2624300PE,0.14483752941176473
09-01-2026 13:15||NIFTY27JAN2625300CE,0.11662847619047617
09-01-2026 13:15||NIFTY27JAN2625700CE,0.1030525663716814
09-01-2026 13:15||NIFTY27JAN2625800CE,0.10047177570093457
09-01-2026 13:15||NIFTY27JAN2625900CE,0.09837493506493507
09-01-2026 13:15||NIFTY27JAN2626100CE,0.09658898734177214
09-01-2026 13:15||NIFTY27JAN2626200CE,0.0968006
09-01-2026 13:15||NIFTY27JAN2624100PE,0.1573068421052632
09-01-2026 13:15||NIFTY27JAN2624400PE,0.13907787037037037
09-01-2026 13:15||NIFTY27JAN2625000PE,0.10948805555555556
09-01-2026 13:20||NIFTY27JAN2625200CE,0.11999642105263159
09-01-2026 13:20||NIFTY27JAN2625600CE,0.10503894308943089
09-01-2026 13:20||NIFTY27JAN2624100PE,0.15710554054054054
09-01-2026 13:20||NIFTY27JAN2625000PE,0.1098606976744186
09-01-2026 13:25||NIFTY27JAN2625300CE,0.11331835164835163
09-01-2026 13:25||NIFTY27JAN2626200CE,0.09615339449541283
09-01-2026 13:25||NIFTY27JAN2624500PE,0.13389524193548386
09-01-2026 13:25||NIFTY27JAN2625100PE,0.10595895833333333
09-01-2026 13:30||NIFTY27JAN2625900CE,0.09745898876404493
09-01-2026 13:30||NIFTY27JAN2626400CE,0.0993341935483871
09-01-2026 13:30||NIFTY27JAN2624300PE,0.145949837398374
09-01-2026 13:30||NIFTY27JAN2624900PE,0.11326120967741934
09-01-2026 13:35||NIFTY27JAN2625300CE,0.11230828124999999
09-01-2026 13:35||NIFTY27JAN2625400CE,0.1067851754385965
09-01-2026 13:35||NIFTY27JAN2625900CE,0.09722459770114943
09-01-2026 13:35||NIFTY27JAN2626100CE,0.09522442622950819
09-01-2026 13:35||NIFTY27JAN2623900PE,0.16809411214953268
09-01-2026 13:35||NIFTY27JAN2624100PE,0.15641130841121492
09-01-2026 13:35||NIFTY27JAN2624400PE,0.1402075238095238
09-01-2026 13:35||NIFTY27JAN2624600PE,0.12759793388429752
09-01-2026 13:35||NIFTY27JAN2625100PE,0.10656564516129031
09-01-2026 13:40||NIFTY27JAN2625300CE,0.11082204819277108
09-01-2026 13:40||NIFTY27JAN2625500CE,0.10674413223140494
09-01-2026 13:40||NIFTY27JAN2626500CE,0.10705354838709677
09-01-2026 13:40||NIFTY27JAN2624500PE,0.1333287603305785
09-01-2026 13:40||NIFTY27JAN2624800PE,0.11765838709677416
09-01-2026 13:40||NIFTY27JAN2625100PE,0.10598116883116881
09-01-2026 13:45||NIFTY27JAN2625200CE,0.11668225225225222
09-01-2026 13:45||NIFTY27JAN2626000CE,0.09672536585365854
09-01-2026 13:45||NIFTY27JAN2623900PE,0.16589915094339625
09-01-2026 13:45||NIFTY27JAN2624100PE,0.1553687619047619
09-01-2026 13:45||NIFTY27JAN2624300PE,0.14535166666666666
09-01-2026 13:45||NIFTY27JAN2624400PE,0.13834649999999998
09-01-2026 13:50||NIFTY27JAN2625400CE,0.10895045454545456
09-01-2026 13:50||NIFTY27JAN2625800CE,0.1003110091743119
09-01-2026 13:50||NIFTY27JAN2626100CE,0.09661609756097563
09-01-2026 13:50||NIFTY27JAN2623800PE,0.1657827642276423
09-01-2026 13:50||NIFTY27JAN2624600PE,0.12677775862068966
09-01-2026 13:50||NIFTY27JAN2624700PE,0.12103025862068965
09-01-2026 13:55||NIFTY27JAN2625400CE,0.111152
09-01-2026 13:55||NIFTY27JAN2625500CE,0.107433
09-01-2026 13:55||NIFTY27JAN2626400CE,0.10024879032258063
09-01-2026 13:55||NIFTY27JAN2624000PE,0.1629648387096774
09-01-2026 14:00||NIFTY27JAN2625500CE,0.10732183908045977
09-01-2026 14:00||NIFTY27JAN2625800CE,0.10123925233644858
09-01-2026 14:00||NIFTY27JAN2626000CE,0.09844081967213113
09-01-2026 14:00||NIFTY27JAN2624200PE,0.15079749999999997
09-01-2026 14:00||NIFTY27JAN2624300PE,0.1436354385964912
09-01-2026 14:00||NIFTY27JAN2624400PE,0.13672346153846154
09-01-2026 14:05||NIFTY27JAN2625200CE,0.11899651376146789
09-01-2026 14:05||NIFTY27JAN2625400CE,0.10872895238095238
09-01-2026 14:05||NIFTY27JAN2624100PE,0.15650694214876032
09-01-2026 14:05||NIFTY27JAN2624300PE,0.14382261904761903
09-01-2026 14:05||NIFTY27JAN2624400PE,0.13742810126582278
09-01-2026 14:10||NIFTY27JAN2625300CE,0.11451841666666668
09-01-2026 14:10||NIFTY27JAN2626300CE,0.09750640350877192
09-01-2026 14:10||NIFTY27JAN2626400CE,0.10029694444444441
09-01-2026 14:10||NIFTY27JAN2626500CE,0.10820280701754385
09-01-2026 14:10||NIFTY27JAN2624300PE,0.1433996551724138
09-01-2026 14:10||NIFTY27JAN2624700PE,0.12200104838709676
09-01-2026 14:15||NIFTY27JAN2625500CE,0.10563455284552845
09-01-2026 14:20||NIFTY27JAN2625200CE,0.1165090825688073
09-01-2026 14:20||NIFTY27JAN2625400CE,0.10819150000000001
09-01-2026 14:20||NIFTY27JAN2625900CE,0.09683247706422017
09-01-2026 14:20||NIFTY27JAN2624100PE,0.1565386046511628
09-01-2026 14:20||NIFTY27JAN2624300PE,0.1432074603174603
09-01-2026 14:20||NIFTY27JAN2624400PE,0.13789939130434783
09-01-2026 14:20||NIFTY27JAN2625000PE,0.10961983471074381
09-01-2026 14:25||NIFTY27JAN2625300CE,0.11489891666666668
09-01-2026 14:25||NIFTY27JAN2625600CE,0.10437427419354836
09-01-2026 14:25||NIFTY27JAN2624100PE,0.15676467532467533
09-01-2026 14:25||NIFTY27JAN2624200PE,0.15029696428571426
09-01-2026 14:25||NIFTY27JAN2624300PE,0.14178548387096773
09-01-2026 14:25||NIFTY27JAN2625100PE,0.10495072072072072
09-01-2026 14:30||NIFTY27JAN2625900CE,0.09795655913978496
09-01-2026 14:30||NIFTY27JAN2626300CE,0.09783169354838708
09-01-2026 14:30||NIFTY27JAN2624000PE,0.16307760330578513
09-01-2026 14:30||NIFTY27JAN2624200PE,0.14934653061224487
09-01-2026 14:35||NIFTY27JAN2625800CE,0.10092147540983606
09-01-2026 14:35||NIFTY27JAN2624200PE,0.15106045454545453
09-01-2026 14:35||NIFTY27JAN2624300PE,0.1425132
09-01-2026 14:35||NIFTY27JAN2624600PE,0.12619688073394494
09-01-2026 14:40||NIFTY27JAN2625200CE,0.12050216216216213
09-01-2026 14:40||NIFTY27JAN2625600CE,0.10594101123595503
09-01-2026 14:40||NIFTY27JAN2625900CE,0.09868405660377359
09-01-2026 14:40||NIFTY27JAN2626100CE,0.09700975409836066
09-01-2026 14:40||NIFTY27JAN2626400CE,0.0995722131147541
09-01-2026 14:40||NIFTY27JAN2623800PE,0.167182868852459
09-01-2026 14:45||NIFTY27JAN2625300CE,0.11626330578512395
09-01-2026 14:45||NIFTY27JAN2625600CE,0.10484689189189188
09-01-2026 14:45||NIFTY27JAN2624500PE,0.13300068965517242
09-01-2026 14:45||NIFTY27JAN2624600PE,0.1261880198019802
09-01-2026 14:50||NIFTY27JAN2626000CE,0.09765081300813008
09-01-2026 14:50||NIFTY27JAN2626300CE,0.09756677419354838
09-01-2026 14:50||NIFTY27JAN2623900PE,0.16603511363636364
09-01-2026 14:55||NIFTY27JAN2625600CE,0.1042263793103448
09-01-2026 14:55||NIFTY27JAN2625900CE,0.09827999999999998
09-01-2026 14:55||NIFTY27JAN2623900PE,0.16605937499999998
09-01-2026 14:55||NIFTY27JAN2624000PE,0.16267674999999995
09-01-2026 14:55||NIFTY27JAN2624800PE,0.11723225806451613
09-01-2026 15:00||NIFTY27JAN2625400CE,0.11164016393442622
09-01-2026 15:00||NIFTY27JAN2625600CE,0.10586999999999999
09-01-2026 15:00||NIFTY27JAN2625700CE,0.10214547169811321
09-01-2026 15:00||NIFTY27JAN2625800CE,0.09949265486725663
09-01-2026 15:00||NIFTY27JAN2626500CE,0.1099512359550562
09-01-2026 15:00||NIFTY27JAN2624000PE,0.16272917808219178
09-01-2026 15:00||NIFTY27JAN2624300PE,0.14394738636363635
09-01-2026 15:05||NIFTY27JAN2625600CE,0.10499849315068492
09-01-2026 15:05||NIFTY27JAN2626500CE,0.10936022727272726
09-01-2026 15:05||NIFTY27JAN2624200PE,0.15090149999999997
09-01-2026 15:05||NIFTY27JAN2624300PE,0.1432872727272727
09-01-2026 15:05||NIFTY27JAN2625000PE,0.10957346153846152
09-01-2026 15:05||NIFTY27JAN2625100PE,0.10522588235294117
09-01-2026 15:10||NIFTY27JAN2625200CE,0.12129338709677419
09-01-2026 15:10||NIFTY27JAN2626200CE,0.0967772580645161
09-01-2026 15:10||NIFTY27JAN2623800PE,0.16534066037735848
09-01-2026 15:10||NIFTY27JAN2624000PE,0.1631619626168224
09-01-2026 15:10||NIFTY27JAN2624600PE,0.1271429508196721
09-01-2026 15:10||NIFTY27JAN2625000PE,0.11055480519480518
09-01-2026 15:10||NIFTY27JAN2625100PE,0.10618924528301886
09-01-2026 15:15||NIFTY27JAN2625200CE,0.12319292682926827
09-01-2026 15:15||NIFTY27JAN2625900CE,0.09925373913043477
09-01-2026 15:15||NIFTY27JAN2626000CE,0.0977567
09-01-2026 15:15||NIFTY27JAN2624200PE,0.1519117441860465
09-01-2026 15:15||NIFTY27JAN2624300PE,0.14495555555555553
09-01-2026 15:15||NIFTY27JAN2624500PE,0.13369991596638658
09-01-2026 15:15||NIFTY27JAN2624700PE,0.12191833333333332
09-01-2026 15:15||NIFTY27JAN2624900PE,0.11317677685950413
09-01-2026 15:20||NIFTY27JAN2625200CE,0.13117589743589744
09-01-2026 15:20||NIFTY27JAN2625300CE,0.11691477876106193
09-01-2026 15:20||NIFTY27JAN2625600CE,0.10647214876033056
09-01-2026 15:20||NIFTY27JAN2625800CE,0.10188545454545454
09-01-2026 15:20||NIFTY27JAN2626100CE,0.0962463888888889
09-01-2026 15:20||NIFTY27JAN2623800PE,0.1676480733944954
09-01-2026 15:20||NIFTY27JAN2624700PE,0.12478741573033708
09-01-2026 15:20||NIFTY27JAN2625100PE,0.10773608247422678
09-01-2026 15:25||NIFTY27JAN2625500CE,0.11015650406504066
09-01-2026 15:25||NIFTY27JAN2626000CE,0.1015709375
09-01-2026 15:25||NIFTY27JAN2626100CE,0.10105777777777776
09-01-2026 15:25||NIFTY27JAN2624100PE,0.16279956521739133
09-01-2026 15:25||NIFTY27JAN2624200PE,0.15726238095238093
09-01-2026 15:25||NIFTY27JAN2624400PE,0.14429795081967212
12-01-2026 09:15||NIFTY27JAN2625200CE,0.12982887096774196
12-01-2026 09:15||NIFTY27JAN2626000CE,0.10614874999999999
12-01-2026 09:15||NIFTY27JAN2626100CE,0.10778615384615384
12-01-2026 09:15||NIFTY27JAN2624000PE,0.1716262601626016
12-01-2026 09:15||NIFTY27JAN2624900PE,0.11923745901639343
12-01-2026 09:20||NIFTY27JAN2625200CE,0.13162451612903228
12-01-2026 09:20||NIFTY27JAN2625600CE,0.11285542056074765
12-01-2026 09:20||NIFTY27JAN2625800CE,0.1060509722222222
12-01-2026 09:20||NIFTY27JAN2624200PE,0.16257926605504583
12-01-2026 09:20||NIFTY27JAN2624600PE,0.13699900826446285
12-01-2026 09:20||NIFTY27JAN2624800PE,0.12691093220338984
12-01-2026 09:20||NIFTY27JAN2625000PE,0.11800360360360358
12-01-2026 09:20||NIFTY27JAN2625100PE,0.11341567307692307
12-01-2026 09:25||NIFTY27JAN2625800CE,0.11037
12-01-2026 09:25||NIFTY27JAN2626200CE,0.11087256880733942
12-01-2026 09:25||NIFTY27JAN2624700PE,0.13233644859813085
12-01-2026 09:30||NIFTY27JAN2625200CE,0.1368712195121951
12-01-2026 09:30||NIFTY27JAN2625600CE,0.12016471698113206
12-01-2026 09:30||NIFTY27JAN2625800CE,0.11504060606060605
12-01-2026 09:30||NIFTY27JAN2626000CE,0.1118211570247934
12-01-2026 09:30||NIFTY27JAN2623900PE,0.17997666666666667
12-01-2026 09:30||NIFTY27JAN2624000PE,0.1743530434782609
12-01-2026 09:30||NIFTY27JAN2624400PE,0.14880796747967479
12-01-2026 09:35||NIFTY27JAN2625700CE,0.11844464285714285
12-01-2026 09:35||NIFTY27JAN2625800CE,0.11481775862068963
12-01-2026 09:35||NIFTY27JAN2625900CE,0.11348375
12-01-2026 09:35||NIFTY27JAN2626200CE,0.11333981651376146
12-01-2026 09:35||NIFTY27JAN2626500CE,0.1262644859813084
12-01-2026 09:35||NIFTY27JAN2623900PE,0.17980166666666667
12-01-2026 09:35||NIFTY27JAN2624500PE,0.14420883928571426
12-01-2026 09:35||NIFTY27JAN2624600PE,0.13685819444444444
12-01-2026 09:35||NIFTY27JAN2624700PE,0.12996714285714284
12-01-2026 09:35||NIFTY27JAN2625000PE,0.1178329906542056
12-01-2026 09:40||NIFTY27JAN2625200CE,0.1395481052631579
12-01-2026 09:40||NIFTY27JAN2625400CE,0.13008672897196263
12-01-2026 09:40||NIFTY27JAN2623900PE,0.17749282051282053
12-01-2026 09:40||NIFTY27JAN2624600PE,0.13823898734177215
12-01-2026 09:40||NIFTY27JAN2624700PE,0.13152493670886076
12-01-2026 09:45||NIFTY27JAN2626400CE,0.11688376237623761
12-01-2026 09:45||NIFTY27JAN2626500CE,0.12499545454545455
12-01-2026 09:45||NIFTY27JAN2623900PE,0.18177555555555555
12-01-2026 09:45||NIFTY27JAN2624800PE,0.1282589256198347
12-01-2026 09:45||NIFTY27JAN2625000PE,0.11812036363636362
12-01-2026 09:50||NIFTY27JAN2625400CE,0.13189189189189193
12-01-2026 09:50||NIFTY27JAN2625900CE,0.11470506172839504
12-01-2026 09:50||NIFTY27JAN2626000CE,0.11146130434782608
12-01-2026 09:50||NIFTY27JAN2625000PE,0.11824176470588237
12-01-2026 09:55||NIFTY27JAN2625400CE,0.12727280898876406
12-01-2026 09:55||NIFTY27JAN2625700CE,0.11562275862068963
12-01-2026 09:55||NIFTY27JAN2625900CE,0.11258127906976745
12-01-2026 09:55||NIFTY27JAN2626200CE,0.11086418604651162
12-01-2026 09:55||NIFTY27JAN2626400CE,0.11492438095238094
12-01-2026 09:55||NIFTY27JAN2623800PE,0.18038180327868852
12-01-2026 09:55||NIFTY27JAN2625000PE,0.11754250000000002
12-01-2026 09:55||NIFTY27JAN2625100PE,0.11277079545454545
12-01-2026 10:00||NIFTY27JAN2625200CE,0.13143883928571426
12-01-2026 10:00||NIFTY27JAN2625700CE,0.11544808988764045
12-01-2026 10:00||NIFTY27JAN2626100CE,0.10884069565217393
12-01-2026 10:00||NIFTY27JAN2626200CE,0.11082246913580246
12-01-2026 10:00||NIFTY27JAN2624800PE,0.12834113636363634
12-01-2026 10:05||NIFTY27JAN2623900PE,0.1798610569105691
12-01-2026 10:05||NIFTY27JAN2624300PE,0.15592112903225805
12-01-2026 10:05||NIFTY27JAN2624600PE,0.1380130701754386
12-01-2026 10:05||NIFTY27JAN2624700PE,0.1318655140186916
12-01-2026 10:05||NIFTY27JAN2624800PE,0.1273963492063492
12-01-2026 10:05||NIFTY27JAN2625100PE,0.11316646341463416
12-01-2026 10:10||NIFTY27JAN2625600CE,0.11960274193548386
12-01-2026 10:10||NIFTY27JAN2626300CE,0.11250578947368421
12-01-2026 10:10||NIFTY27JAN2626400CE,0.11646174999999999
12-01-2026 10:10||NIFTY27JAN2624000PE,0.17603234782608695
12-01-2026 10:10||NIFTY27JAN2624100PE,0.16853646551724139
12-01-2026 10:10||NIFTY27JAN2624900PE,0.12121632075471697
12-01-2026 10:15||NIFTY27JAN2626200CE,0.11067363636363636
12-01-2026 10:15||NIFTY27JAN2626400CE,0.11373493333333332
12-01-2026 10:15||NIFTY27JAN2626500CE,0.12144291666666666
12-01-2026 10:15||NIFTY27JAN2623800PE,0.18583734693877552
12-01-2026 10:15||NIFTY27JAN2624500PE,0.1444909677419355
12-01-2026 10:15||NIFTY27JAN2624800PE,0.12694442857142857
12-01-2026 10:15||NIFTY27JAN2625000PE,0.11769081818181816
12-01-2026 10:15||NIFTY27JAN2625100PE,0.11349179775280899
12-01-2026 10:20||NIFTY27JAN2625200CE,0.13974177419354838
12-01-2026 10:20||NIFTY27JAN2626500CE,0.1249639534883721
12-01-2026 10:20||NIFTY27JAN2624200PE,0.1625087804878049
12-01-2026 10:20||NIFTY27JAN2624800PE,0.127516625
12-01-2026 10:20||NIFTY27JAN2624900PE,0.12013687499999999
12-01-2026 10:25||NIFTY27JAN2625200CE,0.13842785714285713
12-01-2026 10:25||NIFTY27JAN2625800CE,0.11294037974683543
12-01-2026 10:25||NIFTY27JAN2625900CE,0.10961971962616822
12-01-2026 10:25||NIFTY27JAN2626000CE,0.10867692982456138
12-01-2026 10:25||NIFTY27JAN2623800PE,0.1799462037037037
12-01-2026 10:25||NIFTY27JAN2624300PE,0.15693547826086957
12-01-2026 10:25||NIFTY27JAN2624400PE,0.14994478260869565
12-01-2026 10:25||NIFTY27JAN2624900PE,0.12151670454545453
12-01-2026 10:30||NIFTY27JAN2625200CE,0.1333422580645161
12-01-2026 10:30||NIFTY27JAN2625800CE,0.11054942528735631
12-01-2026 10:30||NIFTY27JAN2626200CE,0.10963798387096772
12-01-2026 10:30||NIFTY27JAN2624500PE,0.1444868032786885
12-01-2026 10:35||NIFTY27JAN2625400CE,0.12441988505747126
12-01-2026 10:35||NIFTY27JAN2625700CE,0.11313219512195123
12-01-2026 10:35||NIFTY27JAN2626400CE,0.11498595505617978
12-01-2026 10:35||NIFTY27JAN2624600PE,0.13805333333333333
12-01-2026 10:40||NIFTY27JAN2625300CE,0.1281579279279279
12-01-2026 10:40||NIFTY27JAN2625400CE,0.12295616438356165
12-01-2026 10:40||NIFTY27JAN2625500CE,0.12030704081632654
12-01-2026 10:40||NIFTY27JAN2626400CE,0.11494454545454545
12-01-2026 10:40||NIFTY27JAN2625000PE,0.11833303797468354
12-01-2026 10:40||NIFTY27JAN2625100PE,0.11297941747572815
12-01-2026 10:45||NIFTY27JAN2626000CE,0.10698073770491805
12-01-2026 10:45||NIFTY27JAN2626200CE,0.10903125
12-01-2026 10:45||NIFTY27JAN2626300CE,0.10980877192982456
12-01-2026 10:45||NIFTY27JAN2624400PE,0.15034633027522934
12-01-2026 10:45||NIFTY27JAN2625000PE,0.11770835294117649
12-01-2026 10:50||NIFTY27JAN2625500CE,0.12065515151515152
12-01-2026 10:50||NIFTY27JAN2625600CE,0.11527779999999999
12-01-2026 10:50||NIFTY27JAN2626200CE,0.10810584905660377
12-01-2026 10:50||NIFTY27JAN2623900PE,0.1803526016260162
12-01-2026 10:50||NIFTY27JAN2624900PE,0.12160082191780823
12-01-2026 10:55||NIFTY27JAN2625500CE,0.1195761971830986
12-01-2026 10:55||NIFTY27JAN2626200CE,0.10938985915492955
12-01-2026 10:55||NIFTY27JAN2626400CE,0.11446991735537189
12-01-2026 10:55||NIFTY27JAN2624000PE,0.17594386363636363
12-01-2026 10:55||NIFTY27JAN2624300PE,0.15638275862068962
12-01-2026 10:55||NIFTY27JAN2624400PE,0.14917029999999998
12-01-2026 10:55||NIFTY27JAN2624900PE,0.1212382
12-01-2026 10:55||NIFTY27JAN2625100PE,0.1133477981651376
12-01-2026 11:00||NIFTY27JAN2625200CE,0.12630866666666668
12-01-2026 11:00||NIFTY27JAN2625400CE,0.12066423728813558
12-01-2026 11:00||NIFTY27JAN2625600CE,0.11423391304347826
12-01-2026 11:00||NIFTY27JAN2626000CE,0.10775596330275229
12-01-2026 11:00||NIFTY27JAN2626300CE,0.11077295081967214
12-01-2026 11:00||NIFTY27JAN2623800PE,0.17899983606557374
12-01-2026 11:00||NIFTY27JAN2624000PE,0.17451639534883723
12-01-2026 11:00||NIFTY27JAN2624500PE,0.14319305555555553
12-01-2026 11:00||NIFTY27JAN2624800PE,0.12688955357142856
12-01-2026 11:00||NIFTY27JAN2624900PE,0.12035844827586203
12-01-2026 11:00||NIFTY27JAN2625000PE,0.11651281818181816
12-01-2026 11:05||NIFTY27JAN2625200CE,0.1269135714285714
12-01-2026 11:05||NIFTY27JAN2625500CE,0.11825278350515464
12-01-2026 11:05||NIFTY27JAN2625600CE,0.11385205479452055
12-01-2026 11:05||NIFTY27JAN2625700CE,0.11188494845360826
12-01-2026 11:05||NIFTY27JAN2624100PE,0.16771894308943092
12-01-2026 11:05||NIFTY27JAN2624700PE,0.13099439024390241
12-01-2026 11:10||NIFTY27JAN2625200CE,0.12659064516129032
12-01-2026 11:10||NIFTY27JAN2625800CE,0.11086741176470588
12-01-2026 11:10||NIFTY27JAN2626000CE,0.10839738317757008
12-01-2026 11:10||NIFTY27JAN2624400PE,0.1480755172413793
12-01-2026 11:10||NIFTY27JAN2624500PE,0.14130920792079207
12-01-2026 11:15||NIFTY27JAN2625400CE,0.11991678899082567
12-01-2026 11:15||NIFTY27JAN2625700CE,0.11213200000000001
12-01-2026 11:15||NIFTY27JAN2625800CE,0.11069518518518517
12-01-2026 11:20||NIFTY27JAN2626400CE,0.11694846774193549
12-01-2026 11:20||NIFTY27JAN2624800PE,0.12477634146341464
12-01-2026 11:25||NIFTY27JAN2625400CE,0.11912770642201834
12-01-2026 11:25||NIFTY27JAN2623800PE,0.17530861788617888
12-01-2026 11:25||NIFTY27JAN2624200PE,0.15911415841584156
12-01-2026 11:25||NIFTY27JAN2624300PE,0.15173732758620692
12-01-2026 11:25||NIFTY27JAN2624700PE,0.1295388888888889
12-01-2026 11:30||NIFTY27JAN2623900PE,0.17519321739130436
12-01-2026 11:30||NIFTY27JAN2624000PE,0.17005241379310346
12-01-2026 11:35||NIFTY27JAN2625300CE,0.12316267441860465
12-01-2026 11:35||NIFTY27JAN2625600CE,0.11531860655737707
12-01-2026 11:35||NIFTY27JAN2625800CE,0.11152606557377048
12-01-2026 11:35||NIFTY27JAN2624200PE,0.15811528301886793
12-01-2026 11:35||NIFTY27JAN2624400PE,0.1452832558139535
12-01-2026 11:35||NIFTY27JAN2624700PE,0.12905130841121495
12-01-2026 11:35||NIFTY27JAN2624900PE,0.1194518181818182
12-01-2026 11:40||NIFTY27JAN2625200CE,0.13006262135922328
12-01-2026 11:40||NIFTY27JAN2625300CE,0.12548227848101265
12-01-2026 11:40||NIFTY27JAN2624300PE,0.15121350877192982
12-01-2026 11:40||NIFTY27JAN2624400PE,0.1442379012345679
12-01-2026 11:40||NIFTY27JAN2625000PE,0.11488157024793388
12-01-2026 11:50||NIFTY27JAN2625600CE,0.11706520661157024
12-01-2026 11:50||NIFTY27JAN2625800CE,0.11284530973451325
12-01-2026 11:50||NIFTY27JAN2625900CE,0.11197180000000001
12-01-2026 11:50||NIFTY27JAN2624700PE,0.12743185483870967
12-01-2026 11:55||NIFTY27JAN2625700CE,0.11378508196721311
12-01-2026 11:55||NIFTY27JAN2626000CE,0.11073803738317756
12-01-2026 11:55||NIFTY27JAN2626500CE,0.12752137096774194
12-01-2026 11:55||NIFTY27JAN2624000PE,0.1699547222222222
12-01-2026 11:55||NIFTY27JAN2624900PE,0.11878958333333332
12-01-2026 11:55||NIFTY27JAN2625100PE,0.11100693333333332
12-01-2026 12:00||NIFTY27JAN2625900CE,0.11161509433962263
12-01-2026 12:00||NIFTY27JAN2624100PE,0.16332663934426228
12-01-2026 12:00||NIFTY27JAN2624900PE,0.11762288461538462
12-01-2026 12:00||NIFTY27JAN2625100PE,0.10946973333333335
12-01-2026 12:05||NIFTY27JAN2625500CE,0.12378669354838709
12-01-2026 12:05||NIFTY27JAN2625800CE,0.11256709302325581
12-01-2026 12:05||NIFTY27JAN2626000CE,0.11230754716981133
12-01-2026 12:05||NIFTY27JAN2624000PE,0.17045777777777776
12-01-2026 12:05||NIFTY27JAN2624900PE,0.11561208333333334
12-01-2026 12:10||NIFTY27JAN2625800CE,0.11691886363636364
12-01-2026 12:10||NIFTY27JAN2623800PE,0.17660483870967741
12-01-2026 12:10||NIFTY27JAN2624200PE,0.15795064516129026
12-01-2026 12:10||NIFTY27JAN2624700PE,0.1271521782178218
12-01-2026 12:10||NIFTY27JAN2624800PE,0.1221413274336283
12-01-2026 12:10||NIFTY27JAN2625000PE,0.11311067796610169
12-01-2026 12:15||NIFTY27JAN2625900CE,0.11559731707317074
12-01-2026 12:15||NIFTY27JAN2626200CE,0.11392225806451613
12-01-2026 12:15||NIFTY27JAN2625100PE,0.10897578947368422
12-01-2026 12:20||NIFTY27JAN2625300CE,0.13641226890756303
12-01-2026 12:20||NIFTY27JAN2625500CE,0.12787504672897196
12-01-2026 12:20||NIFTY27JAN2626400CE,0.11676373983739838
12-01-2026 12:20||NIFTY27JAN2624400PE,0.14881749999999996
12-01-2026 12:20||NIFTY27JAN2624700PE,0.13127833333333336
12-01-2026 12:20||NIFTY27JAN2625100PE,0.11330454545454545
12-01-2026 12:25||NIFTY27JAN2625200CE,0.1466389189189189
12-01-2026 12:25||NIFTY27JAN2626300CE,0.11483777777777775
12-01-2026 12:25||NIFTY27JAN2624800PE,0.12718
12-01-2026 12:30||NIFTY27JAN2625500CE,0.12498380434782608
12-01-2026 12:30||NIFTY27JAN2625700CE,0.11996483606557377
12-01-2026 12:30||NIFTY27JAN2626500CE,0.11906336206896552
12-01-2026 12:30||NIFTY27JAN2623800PE,0.18585344827586206
12-01-2026 12:30||NIFTY27JAN2624800PE,0.13145525
12-01-2026 12:30||NIFTY27JAN2624900PE,0.123109375
12-01-2026 12:35||NIFTY27JAN2626000CE,0.11444432432432433
12-01-2026 12:35||NIFTY27JAN2626300CE,0.1147248148148148
12-01-2026 12:35||NIFTY27JAN2624300PE,0.1598290410958904
12-01-2026 12:35||NIFTY27JAN2624600PE,0.1416887804878049
12-01-2026 12:35||NIFTY27JAN2624900PE,0.1265594117647059
12-01-2026 12:35||NIFTY27JAN2625100PE,0.11626247706422017
12-01-2026 12:40||NIFTY27JAN2625300CE,0.1342005714285714
12-01-2026 12:40||NIFTY27JAN2625500CE,0.12398990654205606
12-01-2026 12:40||NIFTY27JAN2626000CE,0.11730980769230769
12-01-2026 12:40||NIFTY27JAN2626200CE,0.11333604651162789
12-01-2026 12:40||NIFTY27JAN2624300PE,0.16238545454545453
12-01-2026 12:40||NIFTY27JAN2624400PE,0.15645161904761906
12-01-2026 12:40||NIFTY27JAN2624500PE,0.14820809523809522
12-01-2026 12:40||NIFTY27JAN2625000PE,0.12290647058823531
12-01-2026 12:45||NIFTY27JAN2625300CE,0.13062519230769232
12-01-2026 12:45||NIFTY27JAN2625700CE,0.12185426086956522
12-01-2026 12:45||NIFTY27JAN2625800CE,0.11847493670886074
12-01-2026 12:45||NIFTY27JAN2626000CE,0.11350714285714283
12-01-2026 12:45||NIFTY27JAN2626200CE,0.11216899999999999
12-01-2026 12:45||NIFTY27JAN2626400CE,0.11615434426229508
12-01-2026 12:45||NIFTY27JAN2624300PE,0.1635901408450704
12-01-2026 12:45||NIFTY27JAN2624500PE,0.15038138888888886
12-01-2026 12:45||NIFTY27JAN2624800PE,0.1332013934426229
12-01-2026 12:45||NIFTY27JAN2625000PE,0.12496999999999997
12-01-2026 12:50||NIFTY27JAN2625300CE,0.13631521126760562
12-01-2026 12:50||NIFTY27JAN2625800CE,0.1179881609195402
12-01-2026 12:50||NIFTY27JAN2624500PE,0.15126913043478263
12-01-2026 12:55||NIFTY27JAN2625400CE,0.13130188524590164
12-01-2026 12:55||NIFTY27JAN2625900CE,0.11506295081967213
12-01-2026 12:55||NIFTY27JAN2626200CE,0.11308018691588785
12-01-2026 12:55||NIFTY27JAN2624500PE,0.15659076923076923
12-01-2026 12:55||NIFTY27JAN2624600PE,0.14444042253521122
12-01-2026 12:55||NIFTY27JAN2624700PE,0.13773831858407076
12-01-2026 12:55||NIFTY27JAN2625000PE,0.1241248598130841
12-01-2026 13:00||NIFTY27JAN2625500CE,0.12628306818181817
12-01-2026 13:00||NIFTY27JAN2626000CE,0.11409069565217392
12-01-2026 13:00||NIFTY27JAN2626100CE,0.11299707964601767
12-01-2026 13:00||NIFTY27JAN2626300CE,0.11273067796610169
12-01-2026 13:00||NIFTY27JAN2626500CE,0.12284322314049587
12-01-2026 13:00||NIFTY27JAN2624200PE,0.16867089887640446
12-01-2026 13:00||NIFTY27JAN2624500PE,0.151751
12-01-2026 13:00||NIFTY27JAN2624600PE,0.14282358974358972
12-01-2026 13:05||NIFTY27JAN2625300CE,0.13448308333333334
12-01-2026 13:05||NIFTY27JAN2625500CE,0.12752486111111108
12-01-2026 13:05||NIFTY27JAN2626400CE,0.11605430555555557
12-01-2026 13:05||NIFTY27JAN2623900PE,0.18466193548387097
12-01-2026 13:05||NIFTY27JAN2624200PE,0.16849438202247188
12-01-2026 13:05||NIFTY27JAN2624500PE,0.15008310344827586
12-01-2026 13:05||NIFTY27JAN2624900PE,0.12820512195121953
12-01-2026 13:10||NIFTY27JAN2626400CE,0.11626075471698114
12-01-2026 13:10||NIFTY27JAN2624700PE,0.13831462499999997
12-01-2026 13:10||NIFTY27JAN2624800PE,0.1324359493670886
12-01-2026 13:15||NIFTY27JAN2625500CE,0.12422491525423726
12-01-2026 13:15||NIFTY27JAN2625800CE,0.1155308256880734
12-01-2026 13:15||NIFTY27JAN2626100CE,0.11064165289256198
12-01-2026 13:15||NIFTY27JAN2626300CE,0.11083508928571427
12-01-2026 13:15||NIFTY27JAN2626400CE,0.11247833333333332
12-01-2026 13:15||NIFTY27JAN2623800PE,0.18364446280991736
12-01-2026 13:15||NIFTY27JAN2624500PE,0.15061717391304344
12-01-2026 13:15||NIFTY27JAN2624700PE,0.13870499999999997
12-01-2026 13:15||NIFTY27JAN2624800PE,0.13271092307692306
12-01-2026 13:15||NIFTY27JAN2625100PE,0.11929558558558558
12-01-2026 13:20||NIFTY27JAN2625200CE,0.13453223214285712
12-01-2026 13:20||NIFTY27JAN2625500CE,0.12606358974358975
12-01-2026 13:20||NIFTY27JAN2626200CE,0.10947967213114755
12-01-2026 13:20||NIFTY27JAN2626500CE,0.1228236046511628
12-01-2026 13:20||NIFTY27JAN2624200PE,0.16848834782608696
12-01-2026 13:20||NIFTY27JAN2624300PE,0.16139543209876542
12-01-2026 13:20||NIFTY27JAN2625000PE,0.12467247933884297
12-01-2026 13:25||NIFTY27JAN2625500CE,0.11886347826086956
12-01-2026 13:25||NIFTY27JAN2625800CE,0.11664141509433962
12-01-2026 13:25||NIFTY27JAN2626000CE,0.1121417213114754
12-01-2026 13:25||NIFTY27JAN2626400CE,0.11464830000000001
12-01-2026 13:25||NIFTY27JAN2626500CE,0.12532629629629627
12-01-2026 13:25||NIFTY27JAN2624300PE,0.16202882352941175
12-01-2026 13:25||NIFTY27JAN2624500PE,0.1499795918367347
12-01-2026 13:25||NIFTY27JAN2624600PE,0.14337166666666665
12-01-2026 13:25||NIFTY27JAN2624800PE,0.1335601408450704
12-01-2026 13:30||NIFTY27JAN2625300CE,0.13233575
12-01-2026 13:30||NIFTY27JAN2625500CE,0.12650499999999998
12-01-2026 13:30||NIFTY27JAN2625600CE,0.11732028169014083
12-01-2026 13:30||NIFTY27JAN2625700CE,0.11496205357142855
12-01-2026 13:30||NIFTY27JAN2623900PE,0.183944495412844
12-01-2026 13:30||NIFTY27JAN2624400PE,0.15660327868852458
12-01-2026 13:30||NIFTY27JAN2624800PE,0.13421593750000002
12-01-2026 13:30||NIFTY27JAN2624900PE,0.12822190476190473
12-01-2026 13:30||NIFTY27JAN2625100PE,0.12010981818181816
12-01-2026 13:35||NIFTY27JAN2625500CE,0.12078406250000001
12-01-2026 13:35||NIFTY27JAN2625600CE,0.11619291139240505
12-01-2026 13:35||NIFTY27JAN2625900CE,0.11235249999999997
12-01-2026 13:35||NIFTY27JAN2624700PE,0.13866066666666665
12-01-2026 13:35||NIFTY27JAN2624900PE,0.12882399999999997
12-01-2026 13:40||NIFTY27JAN2625200CE,0.13846084210526316
12-01-2026 13:40||NIFTY27JAN2625400CE,0.12796783018867924
12-01-2026 13:40||NIFTY27JAN2626100CE,0.10936646551724137
12-01-2026 13:40||NIFTY27JAN2626200CE,0.1090460396039604
12-01-2026 13:40||NIFTY27JAN2623900PE,0.18532968253968252
12-01-2026 13:40||NIFTY27JAN2624000PE,0.1808922429906542
12-01-2026 13:40||NIFTY27JAN2624100PE,0.17456710526315786
12-01-2026 13:40||NIFTY27JAN2624800PE,0.13461515151515152
12-01-2026 13:40||NIFTY27JAN2624900PE,0.12829590909090907
12-01-2026 13:45||NIFTY27JAN2623800PE,0.18216920000000003
12-01-2026 13:45||NIFTY27JAN2623900PE,0.18462574999999995
12-01-2026 13:45||NIFTY27JAN2624600PE,0.14525306451612904
12-01-2026 13:45||NIFTY27JAN2625100PE,0.12007044642857143
12-01-2026 13:50||NIFTY27JAN2625200CE,0.13797298850574713
12-01-2026 13:50||NIFTY27JAN2625300CE,0.12851141509433964
12-01-2026 13:50||NIFTY27JAN2625400CE,0.1269907142857143
12-01-2026 13:50||NIFTY27JAN2626200CE,0.10776453703703702
12-01-2026 13:50||NIFTY27JAN2624200PE,0.1698482113821138
12-01-2026 13:55||NIFTY27JAN2626100CE,0.10833178861788617
12-01-2026 13:55||NIFTY27JAN2626400CE,0.10983267605633801
12-01-2026 13:55||NIFTY27JAN2623800PE,0.18491942857142857
12-01-2026 13:55||NIFTY27JAN2624000PE,0.18223569620253163
12-01-2026 13:55||NIFTY27JAN2624100PE,0.1758745614035088
12-01-2026 13:55||NIFTY27JAN2624700PE,0.13915355371900825
12-01-2026 13:55||NIFTY27JAN2624900PE,0.12873611570247934
12-01-2026 14:00||NIFTY27JAN2625400CE,0.12441224299065419
12-01-2026 14:00||NIFTY27JAN2625600CE,0.11931552631578946
12-01-2026 14:00||NIFTY27JAN2625700CE,0.11597869565217393
12-01-2026 14:00||NIFTY27JAN2626300CE,0.10809035398230088
12-01-2026 14:00||NIFTY27JAN2626400CE,0.11569366666666667
12-01-2026 14:00||NIFTY27JAN2624000PE,0.18225738636363636
12-01-2026 14:00||NIFTY27JAN2624400PE,0.15918658227848098
12-01-2026 14:00||NIFTY27JAN2624500PE,0.1519230188679245
12-01-2026 14:00||NIFTY27JAN2624600PE,0.14435460317460316
12-01-2026 14:00||NIFTY27JAN2625000PE,0.12429256198347108
12-01-2026 14:05||NIFTY27JAN2625800CE,0.11110896226415096
12-01-2026 14:05||NIFTY27JAN2626000CE,0.10800108333333334
12-01-2026 14:05||NIFTY27JAN2626200CE,0.10695294117647058
12-01-2026 14:05||NIFTY27JAN2626400CE,0.11536392857142859
12-01-2026 14:05||NIFTY27JAN2626500CE,0.11909105263157896
12-01-2026 14:05||NIFTY27JAN2624400PE,0.15834023255813956
12-01-2026 14:05||NIFTY27JAN2624600PE,0.14498306122448976
12-01-2026 14:05||NIFTY27JAN2624800PE,0.13399666666666665
12-01-2026 14:10||NIFTY27JAN2625200CE,0.13629855670103092
12-01-2026 14:10||NIFTY27JAN2625500CE,0.12419064516129032
12-01-2026 14:10||NIFTY27JAN2626400CE,0.11185164383561644
12-01-2026 14:10||NIFTY27JAN2624100PE,0.17655386363636366
12-01-2026 14:10||NIFTY27JAN2624600PE,0.14567070175438596
12-01-2026 14:10||NIFTY27JAN2624800PE,0.13361813953488372
12-01-2026 14:15||NIFTY27JAN2625800CE,0.11316314814814812
12-01-2026 14:15||NIFTY27JAN2624100PE,0.1768859259259259
12-01-2026 14:15||NIFTY27JAN2624200PE,0.1695264
12-01-2026 14:15||NIFTY27JAN2624900PE,0.128357868852459
12-01-2026 14:20||NIFTY27JAN2625200CE,0.13868512195121951
12-01-2026 14:20||NIFTY27JAN2625700CE,0.1160612037037037
12-01-2026 14:20||NIFTY27JAN2626200CE,0.10760648148148146
12-01-2026 14:20||NIFTY27JAN2626500CE,0.12142865168539324
12-01-2026 14:20||NIFTY27JAN2624400PE,0.15874460176991148
12-01-2026 14:20||NIFTY27JAN2624500PE,0.15171138888888888
12-01-2026 14:20||NIFTY27JAN2624600PE,0.14374587301587297
12-01-2026 14:20||NIFTY27JAN2625000PE,0.12438404958677686
12-01-2026 14:25||NIFTY27JAN2626300CE,0.10844508333333333
12-01-2026 14:25||NIFTY27JAN2626500CE,0.12118471428571427
12-01-2026 14:25||NIFTY27JAN2623900PE,0.1865287356321839
12-01-2026 14:25||NIFTY27JAN2624200PE,0.16980445945945946
12-01-2026 14:25||NIFTY27JAN2624500PE,0.15304281250000001
12-01-2026 14:25||NIFTY27JAN2624600PE,0.144677125
12-01-2026 14:30||NIFTY27JAN2625200CE,0.14110134020618556
12-01-2026 14:30||NIFTY27JAN2625700CE,0.1166556880733945
12-01-2026 14:30||NIFTY27JAN2626200CE,0.10782841121495328
12-01-2026 14:30||NIFTY27JAN2623900PE,0.18449168539325844
12-01-2026 14:30||NIFTY27JAN2624200PE,0.16942550561797753
12-01-2026 14:35||NIFTY27JAN2625900CE,0.10923526315789471
12-01-2026 14:35||NIFTY27JAN2626000CE,0.10753053763440859
12-01-2026 14:35||NIFTY27JAN2626100CE,0.10671469387755103
12-01-2026 14:35||NIFTY27JAN2626400CE,0.10963617283950614
12-01-2026 14:35||NIFTY27JAN2626500CE,0.12086235294117645
12-01-2026 14:35||NIFTY27JAN2624500PE,0.15167378378378377
12-01-2026 14:35||NIFTY27JAN2625100PE,0.1204309090909091
12-01-2026 14:40||NIFTY27JAN2625300CE,0.13654505747126436
12-01-2026 14:40||NIFTY27JAN2625600CE,0.11953499999999996
12-01-2026 14:40||NIFTY27JAN2626400CE,0.10998569444444445
12-01-2026 14:40||NIFTY27JAN2624100PE,0.17646330578512398
12-01-2026 14:40||NIFTY27JAN2624300PE,0.16346058333333333
12-01-2026 14:40||NIFTY27JAN2624500PE,0.1521711627906977
12-01-2026 14:40||NIFTY27JAN2625100PE,0.12076344262295081
12-01-2026 14:45||NIFTY27JAN2625300CE,0.13684082352941176
12-01-2026 14:45||NIFTY27JAN2625500CE,0.12487833333333334
12-01-2026 14:45||NIFTY27JAN2626000CE,0.1093059375
12-01-2026 14:45||NIFTY27JAN2626100CE,0.10788152173913043
12-01-2026 14:45||NIFTY27JAN2626200CE,0.10782775510204083
12-01-2026 14:45||NIFTY27JAN2626500CE,0.11870056074766355
12-01-2026 14:45||NIFTY27JAN2624000PE,0.18215840909090908
12-01-2026 14:45||NIFTY27JAN2624600PE,0.14527186991869917
12-01-2026 14:45||NIFTY27JAN2625000PE,0.12392416666666668
12-01-2026 14:50||NIFTY27JAN2625600CE,0.11852648148148147
12-01-2026 14:50||NIFTY27JAN2626000CE,0.1097095890410959
12-01-2026 14:50||NIFTY27JAN2626300CE,0.10672447368421052
12-01-2026 14:50||NIFTY27JAN2626400CE,0.1091448
12-01-2026 14:50||NIFTY27JAN2624000PE,0.18290831460674156
12-01-2026 14:50||NIFTY27JAN2624400PE,0.15838008196721312
12-01-2026 14:50||NIFTY27JAN2624800PE,0.13461654205607476
12-01-2026 14:50||NIFTY27JAN2625100PE,0.12033032786885245
12-01-2026 14:55||NIFTY27JAN2626200CE,0.1066375
12-01-2026 14:55||NIFTY27JAN2624300PE,0.16476802816901406
12-01-2026 14:55||NIFTY27JAN2624500PE,0.15225546218487396
12-01-2026 14:55||NIFTY27JAN2624700PE,0.1399975903614458
12-01-2026 14:55||NIFTY27JAN2624900PE,0.12890805825242718
12-01-2026 14:55||NIFTY27JAN2625100PE,0.11987919999999998
12-01-2026 15:00||NIFTY27JAN2626000CE,0.10776819999999998
12-01-2026 15:00||NIFTY27JAN2626100CE,0.10620605263157896
12-01-2026 15:00||NIFTY27JAN2623800PE,0.1812167901234568
12-01-2026 15:00||NIFTY27JAN2623900PE,0.18662260869565214
12-01-2026 15:00||NIFTY27JAN2624300PE,0.16434547169811323
12-01-2026 15:00||NIFTY27JAN2624700PE,0.140518024691358
12-01-2026 15:00||NIFTY27JAN2624800PE,0.134245
12-01-2026 15:05||NIFTY27JAN2625900CE,0.10924034090909092
12-01-2026 15:05||NIFTY27JAN2626200CE,0.10531777777777779
12-01-2026 15:05||NIFTY27JAN2623800PE,0.1821829545454545
12-01-2026 15:05||NIFTY27JAN2624200PE,0.17177139130434788
12-01-2026 15:05||NIFTY27JAN2624300PE,0.16440015151515153
12-01-2026 15:05||NIFTY27JAN2624900PE,0.12925021505376347
12-01-2026 15:10||NIFTY27JAN2625200CE,0.13111919354838708
12-01-2026 15:10||NIFTY27JAN2625600CE,0.11580959349593495
12-01-2026 15:10||NIFTY27JAN2625900CE,0.10837471910112359
12-01-2026 15:10||NIFTY27JAN2626200CE,0.1048165625
12-01-2026 15:10||NIFTY27JAN2626300CE,0.10496652173913043
12-01-2026 15:10||NIFTY27JAN2626400CE,0.1071978947368421
12-01-2026 15:10||NIFTY27JAN2624000PE,0.18415545454545454
12-01-2026 15:10||NIFTY27JAN2624500PE,0.15354696969696965
12-01-2026 15:10||NIFTY27JAN2624600PE,0.14627113043478263
12-01-2026 15:15||NIFTY27JAN2625200CE,0.13128153846153842
12-01-2026 15:15||NIFTY27JAN2625400CE,0.12438785714285715
12-01-2026 15:15||NIFTY27JAN2625500CE,0.1194517
12-01-2026 15:15||NIFTY27JAN2623900PE,0.1891594782608696
12-01-2026 15:15||NIFTY27JAN2624000PE,0.185826
12-01-2026 15:15||NIFTY27JAN2624500PE,0.15385230769230768
12-01-2026 15:15||NIFTY27JAN2624900PE,0.12985916666666666
12-01-2026 15:20||NIFTY27JAN2625200CE,0.12220796296296295
12-01-2026 15:20||NIFTY27JAN2625300CE,0.12450333333333331
12-01-2026 15:20||NIFTY27JAN2626200CE,0.10252514851485148
12-01-2026 15:20||NIFTY27JAN2626300CE,0.10259287128712873
12-01-2026 15:20||NIFTY27JAN2624100PE,0.1806907894736842
12-01-2026 15:20||NIFTY27JAN2624200PE,0.17285999999999999
12-01-2026 15:20||NIFTY27JAN2624400PE,0.16150628318584065
12-01-2026 15:20||NIFTY27JAN2624500PE,0.15487953846153843
12-01-2026 15:20||NIFTY27JAN2625000PE,0.12534421487603306
12-01-2026 15:25||NIFTY27JAN2625400CE,0.11593999999999999
12-01-2026 15:25||NIFTY27JAN2625500CE,0.11882650793650794
12-01-2026 15:25||NIFTY27JAN2625700CE,0.1082755
12-01-2026 15:25||NIFTY27JAN2624200PE,0.17441693181818183
12-01-2026 15:25||NIFTY27JAN2624600PE,0.14901616822429903
13-01-2026 09:15||NIFTY27JAN2625500CE,0.11345492307692306
13-01-2026 09:15||NIFTY27JAN2625600CE,0.10765544642857142
13-01-2026 09:15||NIFTY27JAN2625800CE,0.10414185840707965
13-01-2026 09:15||NIFTY27JAN2625900CE,0.10323017543859649
13-01-2026 09:15||NIFTY27JAN2626100CE,0.1008994262295082
13-01-2026 09:15||NIFTY27JAN2624000PE,0.18832572580645157
13-01-2026 09:15||NIFTY27JAN2624700PE,0.14346074380165288
13-01-2026 09:20||NIFTY27JAN2623800PE,0.1848225842696629
13-01-2026 09:20||NIFTY27JAN2624500PE,0.15837666666666667
13-01-2026 09:20||NIFTY27JAN2624600PE,0.1496995238095238
13-01-2026 09:20||NIFTY27JAN2624800PE,0.13810488372093024
13-01-2026 09:25||NIFTY27JAN2625300CE,0.10552314285714284
13-01-2026 09:25||NIFTY27JAN2625500CE,0.10506527777777776
13-01-2026 09:25||NIFTY27JAN2623800PE,0.18426707865168535
13-01-2026 09:25||NIFTY27JAN2624200PE,0.17470352459016392
13-01-2026 09:25||NIFTY27JAN2624400PE,0.16239110169491525
13-01-2026 09:25||NIFTY27JAN2624600PE,0.1495753012048193
13-01-2026 09:25||NIFTY27JAN2624800PE,0.1388787356321839
13-01-2026 09:30||NIFTY27JAN2625300CE,0.10924400000000002
13-01-2026 09:30||NIFTY27JAN2625500CE,0.10818929411764706
13-01-2026 09:30||NIFTY27JAN2625700CE,0.0990006976744186
13-01-2026 09:30||NIFTY27JAN2626000CE,0.10158409836065575
13-01-2026 09:30||NIFTY27JAN2626200CE,0.1020404918032787
13-01-2026 09:30||NIFTY27JAN2624500PE,0.1557811214953271
13-01-2026 09:35||NIFTY27JAN2625300CE,0.11203128571428571
13-01-2026 09:35||NIFTY27JAN2625700CE,0.10356212499999999
13-01-2026 09:35||NIFTY27JAN2625800CE,0.10215050000000002
13-01-2026 09:35||NIFTY27JAN2624000PE,0.18670758064516127
13-01-2026 09:35||NIFTY27JAN2625000PE,0.1279763114754099
13-01-2026 09:40||NIFTY27JAN2625200CE,0.1118143119266055
13-01-2026 09:40||NIFTY27JAN2625400CE,0.1090095238095238
13-01-2026 09:40||NIFTY27JAN2625600CE,0.1044492561983471
13-01-2026 09:45||NIFTY27JAN2625400CE,0.10832977528089886
13-01-2026 09:45||NIFTY27JAN2625800CE,0.10476386138613861
13-01-2026 09:45||NIFTY27JAN2625900CE,0.10486137931034482
13-01-2026 09:45||NIFTY27JAN2623800PE,0.1867621138211382
13-01-2026 09:45||NIFTY27JAN2624500PE,0.15313795454545456
13-01-2026 09:50||NIFTY27JAN2626300CE,0.10495064220183487
13-01-2026 09:50||NIFTY27JAN2623900PE,0.18833349593495932
13-01-2026 09:50||NIFTY27JAN2624500PE,0.15309679012345676
13-01-2026 09:50||NIFTY27JAN2624600PE,0.14574350877192982
13-01-2026 09:50||NIFTY27JAN2625000PE,0.12651131578947367
13-01-2026 09:50||NIFTY27JAN2625100PE,0.1214739423076923
13-01-2026 09:55||NIFTY27JAN2625600CE,0.11042612903225807
13-01-2026 09:55||NIFTY27JAN2624100PE,0.17824823008849552
13-01-2026 09:55||NIFTY27JAN2624200PE,0.17163534246575343
13-01-2026 09:55||NIFTY27JAN2624300PE,0.16334318584070795
13-01-2026 09:55||NIFTY27JAN2624700PE,0.13951878048780492
13-01-2026 10:00||NIFTY27JAN2626300CE,0.10750943396226414
13-01-2026 10:00||NIFTY27JAN2626500CE,0.11874272727272725
13-01-2026 10:00||NIFTY27JAN2624200PE,0.17052236111111113
13-01-2026 10:05||NIFTY27JAN2626400CE,0.10989426229508197
13-01-2026 10:05||NIFTY27JAN2624000PE,0.18409959349593494
13-01-2026 10:05||NIFTY27JAN2624800PE,0.134307037037037
13-01-2026 10:10||NIFTY27JAN2625800CE,0.10813269662921349
13-01-2026 10:10||NIFTY27JAN2624100PE,0.17856219999999998
13-01-2026 10:10||NIFTY27JAN2624200PE,0.17097396039603957
13-01-2026 10:10||NIFTY27JAN2624500PE,0.15263287356321836
13-01-2026 10:10||NIFTY27JAN2624700PE,0.14014283333333336
13-01-2026 10:10||NIFTY27JAN2625100PE,0.12039337662337661
13-01-2026 10:15||NIFTY27JAN2625800CE,0.10644090909090909
13-01-2026 10:15||NIFTY27JAN2624500PE,0.15307108108108108
13-01-2026 10:15||NIFTY27JAN2624800PE,0.1360082
13-01-2026 10:15||NIFTY27JAN2624900PE,0.12985096491228068
13-01-2026 10:15||NIFTY27JAN2625100PE,0.12115966666666667
13-01-2026 10:20||NIFTY27JAN2625300CE,0.11766299065420559
13-01-2026 10:20||NIFTY27JAN2625700CE,0.10429568181818182
13-01-2026 10:20||NIFTY27JAN2626500CE,0.11567409836065574
13-01-2026 10:20||NIFTY27JAN2623900PE,0.19150164705882355
13-01-2026 10:20||NIFTY27JAN2624100PE,0.17990669811320753
13-01-2026 10:25||NIFTY27JAN2625700CE,0.10695426966292135
13-01-2026 10:25||NIFTY27JAN2623900PE,0.1897972602739726
13-01-2026 10:25||NIFTY27JAN2624200PE,0.17306170731707318
13-01-2026 10:25||NIFTY27JAN2624500PE,0.15439533333333333
13-01-2026 10:25||NIFTY27JAN2624700PE,0.14047337209302327
13-01-2026 10:25||NIFTY27JAN2625100PE,0.12138288659793815
13-01-2026 10:30||NIFTY27JAN2625300CE,0.11816196261682244
13-01-2026 10:30||NIFTY27JAN2625900CE,0.10503716814159292
13-01-2026 10:30||NIFTY27JAN2626000CE,0.10613611111111111
13-01-2026 10:30||NIFTY27JAN2626100CE,0.10500512820512818
13-01-2026 10:30||NIFTY27JAN2626400CE,0.10571434426229508
13-01-2026 10:30||NIFTY27JAN2623800PE,0.18598870588235294
13-01-2026 10:30||NIFTY27JAN2624400PE,0.16055971428571428
13-01-2026 10:30||NIFTY27JAN2624600PE,0.14688259740259738
13-01-2026 10:30||NIFTY27JAN2624700PE,0.14159653846153847
13-01-2026 10:30||NIFTY27JAN2624900PE,0.12995859504132232
13-01-2026 10:35||NIFTY27JAN2626000CE,0.10423594936708859
13-01-2026 10:35||NIFTY27JAN2626100CE,0.10355387499999999
13-01-2026 10:35||NIFTY27JAN2623800PE,0.18334849999999994
13-01-2026 10:35||NIFTY27JAN2623900PE,0.1887273469387755
13-01-2026 10:35||NIFTY27JAN2624300PE,0.16685918032786887
13-01-2026 10:35||NIFTY27JAN2624600PE,0.1472506896551724
13-01-2026 10:35||NIFTY27JAN2625000PE,0.12569388429752065
13-01-2026 10:40||NIFTY27JAN2626300CE,0.10331580645161288
13-01-2026 10:40||NIFTY27JAN2623900PE,0.188742
13-01-2026 10:40||NIFTY27JAN2624000PE,0.18586771929824564
13-01-2026 10:40||NIFTY27JAN2624400PE,0.1603392
13-01-2026 10:40||NIFTY27JAN2624500PE,0.15350739130434785
13-01-2026 10:40||NIFTY27JAN2624800PE,0.1360642276422764
13-01-2026 10:45||NIFTY27JAN2625200CE,0.11700618556701031
13-01-2026 10:45||NIFTY27JAN2625600CE,0.10716942528735632
13-01-2026 10:45||NIFTY27JAN2623900PE,0.18757397260273972
13-01-2026 10:45||NIFTY27JAN2624900PE,0.12998367816091952
13-01-2026 10:50||NIFTY27JAN2625500CE,0.11196831858407076
13-01-2026 10:50||NIFTY27JAN2625600CE,0.10850652777777778
13-01-2026 10:50||NIFTY27JAN2625700CE,0.10580655737704918
13-01-2026 10:50||NIFTY27JAN2625900CE,0.10405147540983606
13-01-2026 10:50||NIFTY27JAN2624900PE,0.1296317283950617
13-01-2026 10:50||NIFTY27JAN2625000PE,0.12356928571428571
13-01-2026 10:55||NIFTY27JAN2625200CE,0.11894577319587628
13-01-2026 10:55||NIFTY27JAN2625700CE,0.10971173076923077
13-01-2026 10:55||NIFTY27JAN2626400CE,0.10626797752808988
13-01-2026 10:55||NIFTY27JAN2624300PE,0.16537208695652175
13-01-2026 10:55||NIFTY27JAN2624400PE,0.15772120689655172
13-01-2026 11:00||NIFTY27JAN2625700CE,0.10892630769230768
13-01-2026 11:00||NIFTY27JAN2625800CE,0.10464149999999998
13-01-2026 11:00||NIFTY27JAN2626400CE,0.10703513513513513
13-01-2026 11:00||NIFTY27JAN2623900PE,0.18727247706422012
13-01-2026 11:00||NIFTY27JAN2624200PE,0.17045770491803278
13-01-2026 11:00||NIFTY27JAN2625000PE,0.1233185714285714
13-01-2026 11:05||NIFTY27JAN2625800CE,0.10594885057471264
13-01-2026 11:05||NIFTY27JAN2624100PE,0.17729260162601626
13-01-2026 11:05||NIFTY27JAN2624800PE,0.13397977272727274
13-01-2026 11:05||NIFTY27JAN2625100PE,0.11970866666666667
13-01-2026 11:10||NIFTY27JAN2625900CE,0.10376170731707318
13-01-2026 11:10||NIFTY27JAN2626400CE,0.10573302752293576
13-01-2026 11:10||NIFTY27JAN2623900PE,0.18709183486238531
13-01-2026 11:10||NIFTY27JAN2624800PE,0.1348813924050633
13-01-2026 11:10||NIFTY27JAN2624900PE,0.12825644444444442
13-01-2026 11:10||NIFTY27JAN2625000PE,0.12337229885057471
13-01-2026 11:10||NIFTY27JAN2625100PE,0.11913875
13-01-2026 11:15||NIFTY27JAN2625200CE,0.1241276923076923
13-01-2026 11:15||NIFTY27JAN2625300CE,0.11527736842105263
13-01-2026 11:15||NIFTY27JAN2624500PE,0.15145908256880733
13-01-2026 11:15||NIFTY27JAN2625100PE,0.11912639344262295
13-01-2026 11:20||NIFTY27JAN2626100CE,0.10167319672131148
13-01-2026 11:20||NIFTY27JAN2624900PE,0.1277255555555555
13-01-2026 11:25||NIFTY27JAN2625600CE,0.10881162601626017
13-01-2026 11:25||NIFTY27JAN2626000CE,0.1028742857142857
13-01-2026 11:25||NIFTY27JAN2626200CE,0.10148336134453782
13-01-2026 11:25||NIFTY27JAN2626400CE,0.10446147540983607
13-01-2026 11:25||NIFTY27JAN2624000PE,0.18298475806451614
13-01-2026 11:25||NIFTY27JAN2624500PE,0.1509943119266055
13-01-2026 11:25||NIFTY27JAN2624800PE,0.13325268292682926
13-01-2026 11:30||NIFTY27JAN2625500CE,0.10963170731707317
13-01-2026 11:30||NIFTY27JAN2625800CE,0.10312922413793103
13-01-2026 11:30||NIFTY27JAN2625900CE,0.1015961403508772
13-01-2026 11:30||NIFTY27JAN2625100PE,0.11903901785714285
13-01-2026 11:35||NIFTY27JAN2625300CE,0.11968709302325581
13-01-2026 11:35||NIFTY27JAN2626000CE,0.10054805555555554
13-01-2026 11:35||NIFTY27JAN2626300CE,0.10075691588785045
13-01-2026 11:35||NIFTY27JAN2626500CE,0.10481864864864864
13-01-2026 11:35||NIFTY27JAN2623800PE,0.18779068965517237
13-01-2026 11:35||NIFTY27JAN2623900PE,0.1881407207207207
13-01-2026 11:35||NIFTY27JAN2624100PE,0.17625040983606555
13-01-2026 11:35||NIFTY27JAN2624900PE,0.1276720224719101
13-01-2026 11:40||NIFTY27JAN2625300CE,0.11082871794871794
13-01-2026 11:40||NIFTY27JAN2625400CE,0.106458375
13-01-2026 11:40||NIFTY27JAN2623800PE,0.1732375
13-01-2026 11:40||NIFTY27JAN2624500PE,0.15099193548387096
13-01-2026 11:40||NIFTY27JAN2624900PE,0.12805125000000003
13-01-2026 11:45||NIFTY27JAN2625400CE,0.10312534246575342
13-01-2026 11:45||NIFTY27JAN2625800CE,0.0992299193548387
13-01-2026 11:45||NIFTY27JAN2626200CE,0.09901461538461538
13-01-2026 11:45||NIFTY27JAN2626300CE,0.09950105263157893
13-01-2026 11:45||NIFTY27JAN2626400CE,0.10093009009009009
13-01-2026 11:45||NIFTY27JAN2623800PE,0.17963430555555557
13-01-2026 11:45||NIFTY27JAN2625000PE,0.12435438095238094
13-01-2026 11:50||NIFTY27JAN2626200CE,0.10013224999999999
13-01-2026 11:50||NIFTY27JAN2626300CE,0.1010620253164557
13-01-2026 11:50||NIFTY27JAN2624000PE,0.18077411290322581
13-01-2026 11:50||NIFTY27JAN2624300PE,0.16201202247191013
13-01-2026 11:50||NIFTY27JAN2625100PE,0.11831663636363633
13-01-2026 11:55||NIFTY27JAN2625400CE,0.10410306930693068
13-01-2026 11:55||NIFTY27JAN2625500CE,0.10470741379310346
13-01-2026 11:55||NIFTY27JAN2624300PE,0.16022078651685395
13-01-2026 11:55||NIFTY27JAN2624800PE,0.13181327868852458
13-01-2026 11:55||NIFTY27JAN2625000PE,0.12338833333333331
13-01-2026 12:00||NIFTY27JAN2625900CE,0.10125113821138212
13-01-2026 12:00||NIFTY27JAN2624500PE,0.148967027027027
13-01-2026 12:00||NIFTY27JAN2625000PE,0.12279756756756759
13-01-2026 12:05||NIFTY27JAN2625300CE,0.11028905660377358
13-01-2026 12:05||NIFTY27JAN2625800CE,0.10212148148148145
13-01-2026 12:05||NIFTY27JAN2623800PE,0.1819623387096774
13-01-2026 12:05||NIFTY27JAN2624500PE,0.1478934615384615
13-01-2026 12:05||NIFTY27JAN2624700PE,0.13546032786885245
13-01-2026 12:05||NIFTY27JAN2625000PE,0.12043864864864869
13-01-2026 12:10||NIFTY27JAN2625200CE,0.11392981818181816
13-01-2026 12:10||NIFTY27JAN2625500CE,0.10870568965517242
13-01-2026 12:10||NIFTY27JAN2625600CE,0.10671353448275862
13-01-2026 12:10||NIFTY27JAN2624500PE,0.14732932432432433
13-01-2026 12:10||NIFTY27JAN2625000PE,0.12112430555555555
13-01-2026 12:15||NIFTY27JAN2625300CE,0.11007169811320754
13-01-2026 12:15||NIFTY27JAN2625800CE,0.10294990740740739
13-01-2026 12:15||NIFTY27JAN2626500CE,0.1151733064516129
13-01-2026 12:15||NIFTY27JAN2624200PE,0.16569699999999998
13-01-2026 12:15||NIFTY27JAN2624300PE,0.15876910891089108
13-01-2026 12:20||NIFTY27JAN2625700CE,0.10429511363636364
13-01-2026 12:20||NIFTY27JAN2624100PE,0.17130252336448598
13-01-2026 12:20||NIFTY27JAN2624700PE,0.134301376146789
13-01-2026 12:20||NIFTY27JAN2625100PE,0.11576776785714285
13-01-2026 12:25||NIFTY27JAN2625700CE,0.10520269662921347
13-01-2026 12:25||NIFTY27JAN2623800PE,0.18051504065040652
13-01-2026 12:25||NIFTY27JAN2624200PE,0.16508238095238095
13-01-2026 12:25||NIFTY27JAN2624300PE,0.15859855421686747
13-01-2026 12:25||NIFTY27JAN2624500PE,0.1469784297520661
13-01-2026 12:30||NIFTY27JAN2626000CE,0.10326672131147539
13-01-2026 12:30||NIFTY27JAN2626400CE,0.10768438202247192
13-01-2026 12:30||NIFTY27JAN2623900PE,0.18101026548672564
13-01-2026 12:30||NIFTY27JAN2624000PE,0.1765632407407407
13-01-2026 12:30||NIFTY27JAN2624100PE,0.1692586585365854
13-01-2026 12:30||NIFTY27JAN2624400PE,0.15216074380165287
13-01-2026 12:30||NIFTY27JAN2624700PE,0.13423555555555558
13-01-2026 12:30||NIFTY27JAN2624900PE,0.12405206611570248
13-01-2026 12:35||NIFTY27JAN2625900CE,0.10160752066115702
13-01-2026 12:35||NIFTY27JAN2626100CE,0.101711652892562
13-01-2026 12:35||NIFTY27JAN2626400CE,0.10746931818181817
13-01-2026 12:35||NIFTY27JAN2624200PE,0.1644379591836735
13-01-2026 12:35||NIFTY27JAN2624300PE,0.15786138461538463
13-01-2026 12:35||NIFTY27JAN2624600PE,0.14091023529411767
13-01-2026 12:35||NIFTY27JAN2624800PE,0.1296266386554622
13-01-2026 12:35||NIFTY27JAN2625100PE,0.11708766233766234
13-01-2026 12:40||NIFTY27JAN2626500CE,0.11618154471544714
13-01-2026 12:40||NIFTY27JAN2624100PE,0.17009175824175823
13-01-2026 12:40||NIFTY27JAN2624300PE,0.15775430232558138
13-01-2026 12:40||NIFTY27JAN2624600PE,0.14175227272727273
13-01-2026 12:40||NIFTY27JAN2624700PE,0.13476555555555556
13-01-2026 12:40||NIFTY27JAN2625100PE,0.1182385714285714
13-01-2026 12:45||NIFTY27JAN2625300CE,0.10693028301886791
13-01-2026 12:45||NIFTY27JAN2626200CE,0.102841376146789
13-01-2026 12:50||NIFTY27JAN2625400CE,0.10436778761061946
13-01-2026 12:50||NIFTY27JAN2625500CE,0.10199975308641974
13-01-2026 12:50||NIFTY27JAN2623900PE,0.17989603305785123
13-01-2026 12:50||NIFTY27JAN2624100PE,0.16854264150943396
13-01-2026 12:50||NIFTY27JAN2624600PE,0.14046402173913047
13-01-2026 12:55||NIFTY27JAN2625300CE,0.11026692307692308
13-01-2026 12:55||NIFTY27JAN2625500CE,0.1053560465116279
13-01-2026 12:55||NIFTY27JAN2626200CE,0.10458897196261682
13-01-2026 12:55||NIFTY27JAN2626400CE,0.1099386075949367
13-01-2026 12:55||NIFTY27JAN2626500CE,0.12058229999999999
13-01-2026 12:55||NIFTY27JAN2624000PE,0.17575194444444447
13-01-2026 12:55||NIFTY27JAN2624300PE,0.15712229508196726
13-01-2026 12:55||NIFTY27JAN2624500PE,0.145955
13-01-2026 12:55||NIFTY27JAN2624700PE,0.13424764705882353
13-01-2026 12:55||NIFTY27JAN2625000PE,0.12105526315789472
13-01-2026 12:55||NIFTY27JAN2625100PE,0.11666759615384614
13-01-2026 13:00||NIFTY27JAN2626400CE,0.11191944444444446
13-01-2026 13:00||NIFTY27JAN2624000PE,0.1757498148148148
13-01-2026 13:00||NIFTY27JAN2624600PE,0.14045765625
13-01-2026 13:00||NIFTY27JAN2624700PE,0.13271569230769228
13-01-2026 13:05||NIFTY27JAN2625200CE,0.11272133928571428
13-01-2026 13:05||NIFTY27JAN2625700CE,0.10452349593495935
13-01-2026 13:05||NIFTY27JAN2626500CE,0.12538819444444443
13-01-2026 13:05||NIFTY27JAN2624000PE,0.17657620689655168
13-01-2026 13:05||NIFTY27JAN2624600PE,0.13974709302325583
13-01-2026 13:10||NIFTY27JAN2625600CE,0.10790162601626016
13-01-2026 13:10||NIFTY27JAN2626000CE,0.10428520325203253
13-01-2026 13:10||NIFTY27JAN2626400CE,0.11189777777777778
13-01-2026 13:10||NIFTY27JAN2626500CE,0.12472365079365078
13-01-2026 13:10||NIFTY27JAN2623900PE,0.18178302521008405
13-01-2026 13:10||NIFTY27JAN2624400PE,0.1514188118811881
13-01-2026 13:10||NIFTY27JAN2624500PE,0.14553407079646016
13-01-2026 13:10||NIFTY27JAN2624700PE,0.13322957746478872
13-01-2026 13:10||NIFTY27JAN2625000PE,0.11997944444444443
13-01-2026 13:15||NIFTY27JAN2625800CE,0.10456853658536587
13-01-2026 13:15||NIFTY27JAN2626100CE,0.10379867256637164
13-01-2026 13:15||NIFTY27JAN2626200CE,0.10536574074074072
13-01-2026 13:15||NIFTY27JAN2626300CE,0.10721115044247786
13-01-2026 13:15||NIFTY27JAN2623800PE,0.1818301680672269
13-01-2026 13:15||NIFTY27JAN2624000PE,0.177584578313253
13-01-2026 13:15||NIFTY27JAN2624100PE,0.1703005172413793
13-01-2026 13:15||NIFTY27JAN2624700PE,0.1339321590909091
13-01-2026 13:15||NIFTY27JAN2625000PE,0.12031096153846156
13-01-2026 13:20||NIFTY27JAN2625300CE,0.11382473684210526
13-01-2026 13:20||NIFTY27JAN2625400CE,0.11076594827586207
13-01-2026 13:20||NIFTY27JAN2625900CE,0.1037941463414634
13-01-2026 13:20||NIFTY27JAN2626500CE,0.1209703738317757
13-01-2026 13:20||NIFTY27JAN2624300PE,0.15835937499999997
13-01-2026 13:20||NIFTY27JAN2624400PE,0.1512289
13-01-2026 13:20||NIFTY27JAN2624800PE,0.12923421487603307
13-01-2026 13:20||NIFTY27JAN2625000PE,0.12013271428571427
13-01-2026 13:25||NIFTY27JAN2625600CE,0.10763731707317073
13-01-2026 13:25||NIFTY27JAN2626400CE,0.1105378861788618
13-01-2026 13:25||NIFTY27JAN2624000PE,0.17798563380281687
13-01-2026 13:25||NIFTY27JAN2624200PE,0.1641554464285714
13-01-2026 13:25||NIFTY27JAN2624300PE,0.15699676923076922
13-01-2026 13:25||NIFTY27JAN2624600PE,0.13946975806451614
13-01-2026 13:30||NIFTY27JAN2625500CE,0.10712388888888888
13-01-2026 13:30||NIFTY27JAN2623800PE,0.18034607476635514
13-01-2026 13:30||NIFTY27JAN2624000PE,0.17788278481012657
13-01-2026 13:30||NIFTY27JAN2624100PE,0.1709651754385965
13-01-2026 13:35||NIFTY27JAN2625700CE,0.10473483146067415
13-01-2026 13:35||NIFTY27JAN2624300PE,0.15720666666666666
13-01-2026 13:35||NIFTY27JAN2624800PE,0.12838217741935481
13-01-2026 13:40||NIFTY27JAN2625500CE,0.10671766355140187
13-01-2026 13:40||NIFTY27JAN2625700CE,0.1046295238095238
13-01-2026 13:40||NIFTY27JAN2625900CE,0.10200635593220339
13-01-2026 13:40||NIFTY27JAN2626100CE,0.10228495867768596
13-01-2026 13:40||NIFTY27JAN2623800PE,0.17955752293577978
13-01-2026 13:40||NIFTY27JAN2624400PE,0.15210330000000002
13-01-2026 13:40||NIFTY27JAN2624500PE,0.14548752475247526
13-01-2026 13:45||NIFTY27JAN2625300CE,0.11234401639344264
13-01-2026 13:45||NIFTY27JAN2625800CE,0.10344175000000001
13-01-2026 13:45||NIFTY27JAN2626000CE,0.10277285714285714
13-01-2026 13:45||NIFTY27JAN2624000PE,0.17632327586206895
13-01-2026 13:45||NIFTY27JAN2624100PE,0.16926504347826088
13-01-2026 13:45||NIFTY27JAN2625100PE,0.11514955357142856
13-01-2026 13:50||NIFTY27JAN2626000CE,0.10248981481481481
13-01-2026 13:50||NIFTY27JAN2624200PE,0.1624843529411765
13-01-2026 13:50||NIFTY27JAN2624400PE,0.15033918367346938
13-01-2026 13:50||NIFTY27JAN2624500PE,0.1443539603960396
13-01-2026 13:55||NIFTY27JAN2625500CE,0.10618290322580644
13-01-2026 13:55||NIFTY27JAN2626000CE,0.10200418918918917
13-01-2026 13:55||NIFTY27JAN2624200PE,0.16277430769230766
13-01-2026 13:55||NIFTY27JAN2624300PE,0.15575561403508772
13-01-2026 13:55||NIFTY27JAN2625000PE,0.11969663934426232
13-01-2026 14:00||NIFTY27JAN2625300CE,0.11037204918032788
13-01-2026 14:00||NIFTY27JAN2625700CE,0.10361898876404493
13-01-2026 14:00||NIFTY27JAN2623900PE,0.18087139240506328
13-01-2026 14:00||NIFTY27JAN2624000PE,0.17459925233644857
13-01-2026 14:00||NIFTY27JAN2624100PE,0.167370625
13-01-2026 14:00||NIFTY27JAN2624600PE,0.13790934959349593
13-01-2026 14:05||NIFTY27JAN2625700CE,0.10318921348314605
13-01-2026 14:05||NIFTY27JAN2626300CE,0.10535090163934425
13-01-2026 14:05||NIFTY27JAN2626500CE,0.11804333333333333
13-01-2026 14:05||NIFTY27JAN2623900PE,0.17972581395348838
13-01-2026 14:05||NIFTY27JAN2624200PE,0.16088401869158878
13-01-2026 14:05||NIFTY27JAN2624500PE,0.14391308943089434
13-01-2026 14:10||NIFTY27JAN2625200CE,0.11335357894736842
13-01-2026 14:10||NIFTY27JAN2625400CE,0.10657475409836066
13-01-2026 14:10||NIFTY27JAN2626100CE,0.1020812195121951
13-01-2026 14:10||NIFTY27JAN2624300PE,0.1541880487804878
13-01-2026 14:10||NIFTY27JAN2624700PE,0.13163203252032518
13-01-2026 14:15||NIFTY27JAN2626200CE,0.10319194444444442
13-01-2026 14:15||NIFTY27JAN2623800PE,0.17672846774193546
13-01-2026 14:15||NIFTY27JAN2624800PE,0.12664885057471265
13-01-2026 14:20||NIFTY27JAN2625200CE,0.11374876288659794
13-01-2026 14:20||NIFTY27JAN2625800CE,0.10225790322580644
13-01-2026 14:20||NIFTY27JAN2624000PE,0.17219261363636362
13-01-2026 14:20||NIFTY27JAN2624400PE,0.14732260162601626
13-01-2026 14:20||NIFTY27JAN2624800PE,0.12617012345679013
13-01-2026 14:20||NIFTY27JAN2624900PE,0.12082129999999999
13-01-2026 14:25||NIFTY27JAN2625600CE,0.10384651685393258
13-01-2026 14:25||NIFTY27JAN2626000CE,0.10277868852459016
13-01-2026 14:25||NIFTY27JAN2626200CE,0.10493841121495326
13-01-2026 14:25||NIFTY27JAN2624000PE,0.1721172151898734
13-01-2026 14:25||NIFTY27JAN2624100PE,0.16501018691588784
13-01-2026 14:25||NIFTY27JAN2624200PE,0.1575370707070707
13-01-2026 14:25||NIFTY27JAN2624500PE,0.14245392405063292
13-01-2026 14:25||NIFTY27JAN2624600PE,0.13491112499999997
13-01-2026 14:30||NIFTY27JAN2625600CE,0.1084012162162162
13-01-2026 14:30||NIFTY27JAN2624500PE,0.14151215384615384
13-01-2026 14:30||NIFTY27JAN2624600PE,0.13362123076923077
13-01-2026 14:30||NIFTY27JAN2624900PE,0.11970420560747663
13-01-2026 14:30||NIFTY27JAN2625100PE,0.11299479999999999
13-01-2026 14:35||NIFTY27JAN2625400CE,0.11407211382113822
13-01-2026 14:35||NIFTY27JAN2626300CE,0.10678942622950818
13-01-2026 14:35||NIFTY27JAN2626500CE,0.11609464646464646
13-01-2026 14:35||NIFTY27JAN2623800PE,0.17910767241379313
13-01-2026 14:35||NIFTY27JAN2624200PE,0.1584416513761468
13-01-2026 14:35||NIFTY27JAN2625100PE,0.11190645161290323
13-01-2026 14:40||NIFTY27JAN2625300CE,0.11754917355371901
13-01-2026 14:40||NIFTY27JAN2625600CE,0.10799495327102802
13-01-2026 14:40||NIFTY27JAN2625800CE,0.10458221311475407
13-01-2026 14:40||NIFTY27JAN2624500PE,0.1425063953488372
13-01-2026 14:40||NIFTY27JAN2624600PE,0.13541868686868686
13-01-2026 14:40||NIFTY27JAN2624800PE,0.12488983606557374
13-01-2026 14:45||NIFTY27JAN2626000CE,0.10238215517241381
13-01-2026 14:45||NIFTY27JAN2626100CE,0.1021237931034483
13-01-2026 14:45||NIFTY27JAN2626500CE,0.11770036697247704
13-01-2026 14:45||NIFTY27JAN2625100PE,0.11129853658536586
13-01-2026 14:50||NIFTY27JAN2624400PE,0.15029074999999997
13-01-2026 14:50||NIFTY27JAN2624500PE,0.14234159999999996
13-01-2026 14:55||NIFTY27JAN2625700CE,0.10355499999999998
13-01-2026 14:55||NIFTY27JAN2625900CE,0.09784008196721311
13-01-2026 14:55||NIFTY27JAN2626400CE,0.10312377049180327
13-01-2026 14:55||NIFTY27JAN2623800PE,0.178895221238938
13-01-2026 14:55||NIFTY27JAN2623900PE,0.17838278481012657
13-01-2026 14:55||NIFTY27JAN2624100PE,0.16917549180327868
13-01-2026 14:55||NIFTY27JAN2624400PE,0.15199632911392405
13-01-2026 14:55||NIFTY27JAN2624500PE,0.1425134482758621
13-01-2026 14:55||NIFTY27JAN2624800PE,0.1278978448275862
13-01-2026 14:55||NIFTY27JAN2624900PE,0.12259252525252526
13-01-2026 14:55||NIFTY27JAN2625100PE,0.111304
13-01-2026 15:00||NIFTY27JAN2625700CE,0.09580792452830189
13-01-2026 15:00||NIFTY27JAN2626200CE,0.09914074074074072
13-01-2026 15:00||NIFTY27JAN2623900PE,0.1798190804597701
13-01-2026 15:00||NIFTY27JAN2624500PE,0.14745333333333335
13-01-2026 15:00||NIFTY27JAN2624600PE,0.1372123684210526
13-01-2026 15:00||NIFTY27JAN2625100PE,0.112402987012987
13-01-2026 15:05||NIFTY27JAN2625400CE,0.09539325203252032
13-01-2026 15:05||NIFTY27JAN2625700CE,0.0971126
13-01-2026 15:05||NIFTY27JAN2625800CE,0.0936322123893805
13-01-2026 15:05||NIFTY27JAN2626000CE,0.09399343434343434
13-01-2026 15:05||NIFTY27JAN2626100CE,0.09405035087719299
13-01-2026 15:05||NIFTY27JAN2626500CE,0.11260211009174312
13-01-2026 15:05||NIFTY27JAN2624000PE,0.1771178409090909
13-01-2026 15:05||NIFTY27JAN2624500PE,0.1449922222222222
13-01-2026 15:05||NIFTY27JAN2624900PE,0.12404432432432431
13-01-2026 15:10||NIFTY27JAN2625300CE,0.10220566037735848
13-01-2026 15:10||NIFTY27JAN2625600CE,0.09782897196261682
13-01-2026 15:10||NIFTY27JAN2626200CE,0.09726423913043479
13-01-2026 15:10||NIFTY27JAN2624000PE,0.17773333333333333
13-01-2026 15:10||NIFTY27JAN2624200PE,0.16311470588235294
13-01-2026 15:10||NIFTY27JAN2624400PE,0.15093173553719008
13-01-2026 15:10||NIFTY27JAN2624900PE,0.12418213483146066
13-01-2026 15:15||NIFTY27JAN2625700CE,0.09483411214953272
13-01-2026 15:15||NIFTY27JAN2626000CE,0.09426489361702128
13-01-2026 15:15||NIFTY27JAN2626300CE,0.09799616666666668
13-01-2026 15:15||NIFTY27JAN2626500CE,0.10670949494949494
13-01-2026 15:15||NIFTY27JAN2623800PE,0.1839846956521739
13-01-2026 15:15||NIFTY27JAN2624200PE,0.16465306818181819
13-01-2026 15:15||NIFTY27JAN2624600PE,0.13954732758620694
13-01-2026 15:15||NIFTY27JAN2624700PE,0.1330711
13-01-2026 15:20||NIFTY27JAN2625300CE,0.09777934782608697
13-01-2026 15:20||NIFTY27JAN2625600CE,0.0968372222222222
13-01-2026 15:20||NIFTY27JAN2626200CE,0.09606277777777776
13-01-2026 15:20||NIFTY27JAN2623900PE,0.1808367479674797
13-01-2026 15:20||NIFTY27JAN2624300PE,0.15796611111111106
13-01-2026 15:20||NIFTY27JAN2624800PE,0.12960099173553719
13-01-2026 15:25||NIFTY27JAN2626000CE,0.09787925925925925
13-01-2026 15:25||NIFTY27JAN2624500PE,0.14782157024793388
13-01-2026 15:25||NIFTY27JAN2624700PE,0.135655
13-01-2026 15:25||NIFTY27JAN2624900PE,0.12428677685950414
14-01-2026 09:15||NIFTY27JAN2625300CE,0.11445630434782608
14-01-2026 09:15||NIFTY27JAN2626100CE,0.09802707317073171
14-01-2026 09:15||NIFTY27JAN2626500CE,0.11518082568807338
14-01-2026 09:15||NIFTY27JAN2624300PE,0.16143910891089105
14-01-2026 09:15||NIFTY27JAN2624400PE,0.15381252173913043
14-01-2026 09:20||NIFTY27JAN2624100PE,0.17576795081967214
14-01-2026 09:25||NIFTY27JAN2625300CE,0.11611140186915887
14-01-2026 09:25||NIFTY27JAN2626500CE,0.12046671232876714
14-01-2026 09:25||NIFTY27JAN2624000PE,0.1834370422535211
14-01-2026 09:25||NIFTY27JAN2624200PE,0.17035107438016528
14-01-2026 09:25||NIFTY27JAN2624700PE,0.1376447727272727
14-01-2026 09:30||NIFTY27JAN2626200CE,0.09955370967741936
14-01-2026 09:30||NIFTY27JAN2626500CE,0.1104375
14-01-2026 09:30||NIFTY27JAN2623800PE,0.19219642857142857
14-01-2026 09:30||NIFTY27JAN2624000PE,0.18370783783783787
14-01-2026 09:30||NIFTY27JAN2624600PE,0.14454669565217393
14-01-2026 09:30||NIFTY27JAN2624700PE,0.1382230303030303
14-01-2026 09:35||NIFTY27JAN2625500CE,0.10339595505617977
14-01-2026 09:35||NIFTY27JAN2626400CE,0.10457056910569106
14-01-2026 09:35||NIFTY27JAN2624000PE,0.18329564102564103
14-01-2026 09:40||NIFTY27JAN2625500CE,0.10549386363636364
14-01-2026 09:40||NIFTY27JAN2625800CE,0.09968443548387095
14-01-2026 09:40||NIFTY27JAN2623800PE,0.18211065217391303
14-01-2026 09:40||NIFTY27JAN2624000PE,0.18181842857142858
14-01-2026 09:40||NIFTY27JAN2624200PE,0.16991454545454546
14-01-2026 09:40||NIFTY27JAN2624700PE,0.1376808
14-01-2026 09:40||NIFTY27JAN2624800PE,0.13137035087719293
14-01-2026 09:40||NIFTY27JAN2625000PE,0.12067416666666667
14-01-2026 09:45||NIFTY27JAN2625400CE,0.10874065573770493
14-01-2026 09:45||NIFTY27JAN2624300PE,0.16355592920353978
14-01-2026 09:45||NIFTY27JAN2624400PE,0.15664349056603774
14-01-2026 09:45||NIFTY27JAN2624500PE,0.15001419047619047
14-01-2026 09:45||NIFTY27JAN2624600PE,0.14310679487179484
14-01-2026 09:50||NIFTY27JAN2625200CE,0.10931932692307691
14-01-2026 09:50||NIFTY27JAN2625300CE,0.10382592920353981
14-01-2026 09:50||NIFTY27JAN2626400CE,0.1032161475409836
14-01-2026 09:50||NIFTY27JAN2623800PE,0.1855821212121212
14-01-2026 09:50||NIFTY27JAN2623900PE,0.1869765517241379
14-01-2026 09:50||NIFTY27JAN2624600PE,0.14349681818181817
14-01-2026 09:55||NIFTY27JAN2626000CE,0.0994269105691057
14-01-2026 09:55||NIFTY27JAN2624100PE,0.17538178861788617
14-01-2026 10:00||NIFTY27JAN2625500CE,0.10481447154471545
14-01-2026 10:00||NIFTY27JAN2626100CE,0.09747762295081967
14-01-2026 10:00||NIFTY27JAN2626500CE,0.11448642276422766
14-01-2026 10:00||NIFTY27JAN2624000PE,0.18293657407407402
14-01-2026 10:00||NIFTY27JAN2624400PE,0.1563433870967742
14-01-2026 10:00||NIFTY27JAN2625100PE,0.11503117117117115
14-01-2026 10:05||NIFTY27JAN2625300CE,0.11013309734513273
14-01-2026 10:05||NIFTY27JAN2625400CE,0.10246325
14-01-2026 10:05||NIFTY27JAN2626200CE,0.09821336283185837
14-01-2026 10:05||NIFTY27JAN2626300CE,0.10002392523364485
14-01-2026 10:05||NIFTY27JAN2626400CE,0.10460410256410256
14-01-2026 10:05||NIFTY27JAN2624600PE,0.14293023255813955
14-01-2026 10:05||NIFTY27JAN2624800PE,0.13043183333333333
14-01-2026 10:05||NIFTY27JAN2625000PE,0.11987509615384616
14-01-2026 10:10||NIFTY27JAN2625400CE,0.10423476744186048
14-01-2026 10:10||NIFTY27JAN2625600CE,0.10216124999999998
14-01-2026 10:10||NIFTY27JAN2626400CE,0.10535386363636365
14-01-2026 10:10||NIFTY27JAN2624000PE,0.18135216981132074
14-01-2026 10:10||NIFTY27JAN2624200PE,0.1677378301886792
14-01-2026 10:10||NIFTY27JAN2624500PE,0.14880191304347826
14-01-2026 10:10||NIFTY27JAN2624600PE,0.1407627160493827
14-01-2026 10:15||NIFTY27JAN2625200CE,0.11176982142857142
14-01-2026 10:15||NIFTY27JAN2625600CE,0.10039788461538461
14-01-2026 10:15||NIFTY27JAN2625900CE,0.0975139837398374
14-01-2026 10:15||NIFTY27JAN2624100PE,0.17378958677685952
14-01-2026 10:15||NIFTY27JAN2625000PE,0.11909052631578947
14-01-2026 10:20||NIFTY27JAN2625500CE,0.10316982300884953
14-01-2026 10:20||NIFTY27JAN2625600CE,0.1021160714285714
14-01-2026 10:20||NIFTY27JAN2625700CE,0.09915885714285713
14-01-2026 10:20||NIFTY27JAN2625800CE,0.09788902654867256
14-01-2026 10:20||NIFTY27JAN2624200PE,0.166936261682243
14-01-2026 10:20||NIFTY27JAN2624700PE,0.13475623853211008
14-01-2026 10:20||NIFTY27JAN2625000PE,0.11820865384615384
14-01-2026 10:25||NIFTY27JAN2626100CE,0.0978848275862069
14-01-2026 10:25||NIFTY27JAN2626200CE,0.09955184210526315
14-01-2026 10:25||NIFTY27JAN2626400CE,0.1043461344537815
14-01-2026 10:25||NIFTY27JAN2623800PE,0.18458875
14-01-2026 10:25||NIFTY27JAN2624300PE,0.16001089430894308
14-01-2026 10:25||NIFTY27JAN2625000PE,0.11812760563380278
14-01-2026 10:30||NIFTY27JAN2625200CE,0.10978258928571427
14-01-2026 10:30||NIFTY27JAN2626500CE,0.1144955238095238
14-01-2026 10:30||NIFTY27JAN2623900PE,0.18551051282051279
14-01-2026 10:30||NIFTY27JAN2624000PE,0.1797821739130435
14-01-2026 10:30||NIFTY27JAN2624700PE,0.13481574257425744
14-01-2026 10:30||NIFTY27JAN2624800PE,0.12823775862068967
14-01-2026 10:30||NIFTY27JAN2625100PE,0.11363495495495494
14-01-2026 10:35||NIFTY27JAN2625600CE,0.10394864197530862
14-01-2026 10:35||NIFTY27JAN2625700CE,0.10026495652173913
14-01-2026 10:35||NIFTY27JAN2626300CE,0.10233595505617978
14-01-2026 10:35||NIFTY27JAN2623900PE,0.1824355172413793
14-01-2026 10:35||NIFTY27JAN2624400PE,0.15341701612903222
14-01-2026 10:40||NIFTY27JAN2625300CE,0.11279702479338842
14-01-2026 10:40||NIFTY27JAN2625600CE,0.10573079545454545
14-01-2026 10:40||NIFTY27JAN2626300CE,0.10277931034482758
14-01-2026 10:40||NIFTY27JAN2626500CE,0.11116818181818182
14-01-2026 10:40||NIFTY27JAN2623800PE,0.1875208695652174
14-01-2026 10:40||NIFTY27JAN2624100PE,0.17331414634146342
14-01-2026 10:45||NIFTY27JAN2625400CE,0.10858943181818181
14-01-2026 10:45||NIFTY27JAN2624000PE,0.17977954545454544
14-01-2026 10:45||NIFTY27JAN2624600PE,0.14022177570093458
14-01-2026 10:45||NIFTY27JAN2624800PE,0.1279155172413793
14-01-2026 10:50||NIFTY27JAN2625200CE,0.11849946666666666
14-01-2026 10:50||NIFTY27JAN2625400CE,0.1124496551724138
14-01-2026 10:50||NIFTY27JAN2625800CE,0.10261016129032256
14-01-2026 10:50||NIFTY27JAN2624000PE,0.1805273033707865
14-01-2026 10:50||NIFTY27JAN2624300PE,0.1595417741935484
14-01-2026 10:50||NIFTY27JAN2624800PE,0.12848561797752808
14-01-2026 10:55||NIFTY27JAN2625200CE,0.11979571428571427
14-01-2026 10:55||NIFTY27JAN2626200CE,0.09989267857142857
14-01-2026 10:55||NIFTY27JAN2626300CE,0.10238767857142857
14-01-2026 10:55||NIFTY27JAN2626400CE,0.10560190476190477
14-01-2026 10:55||NIFTY27JAN2626500CE,0.11615307017543858
14-01-2026 10:55||NIFTY27JAN2624600PE,0.14106229357798164
14-01-2026 10:55||NIFTY27JAN2625000PE,0.11812024590163933
14-01-2026 11:00||NIFTY27JAN2626100CE,0.09949388235294118
14-01-2026 11:00||NIFTY27JAN2626300CE,0.10110160000000001
14-01-2026 11:00||NIFTY27JAN2624100PE,0.1751488617886179
14-01-2026 11:05||NIFTY27JAN2625300CE,0.11417107438016529
14-01-2026 11:05||NIFTY27JAN2626000CE,0.0984814
14-01-2026 11:05||NIFTY27JAN2626100CE,0.09794392405063289
14-01-2026 11:05||NIFTY27JAN2626300CE,0.09995999999999998
14-01-2026 11:05||NIFTY27JAN2624000PE,0.18192340909090907
14-01-2026 11:05||NIFTY27JAN2624800PE,0.12998733870967744
14-01-2026 11:10||NIFTY27JAN2625200CE,0.1163845045045045
14-01-2026 11:10||NIFTY27JAN2624000PE,0.18259943181818183
14-01-2026 11:10||NIFTY27JAN2624300PE,0.1629596511627907
14-01-2026 11:10||NIFTY27JAN2624500PE,0.1492914117647059
14-01-2026 11:15||NIFTY27JAN2625500CE,0.10675308943089432
14-01-2026 11:15||NIFTY27JAN2625800CE,0.1006913793103448
14-01-2026 11:15||NIFTY27JAN2626000CE,0.09754570093457941
14-01-2026 11:15||NIFTY27JAN2624100PE,0.1764017355371901
14-01-2026 11:15||NIFTY27JAN2624300PE,0.16375844155844155
14-01-2026 11:15||NIFTY27JAN2624400PE,0.1563695192307692
14-01-2026 11:15||NIFTY27JAN2624500PE,0.14964914285714281
14-01-2026 11:15||NIFTY27JAN2624600PE,0.14114487179487178
14-01-2026 11:20||NIFTY27JAN2625300CE,0.12254245283018866
14-01-2026 11:20||NIFTY27JAN2625600CE,0.10709528925619835
14-01-2026 11:20||NIFTY27JAN2625800CE,0.10318305555555554
14-01-2026 11:20||NIFTY27JAN2623800PE,0.1846691304347826
14-01-2026 11:20||NIFTY27JAN2623900PE,0.18579876543209878
14-01-2026 11:20||NIFTY27JAN2624600PE,0.14311188235294117
14-01-2026 11:20||NIFTY27JAN2624800PE,0.13024725
14-01-2026 11:20||NIFTY27JAN2625100PE,0.11441874999999997
14-01-2026 11:25||NIFTY27JAN2625400CE,0.10987991803278688
14-01-2026 11:25||NIFTY27JAN2626200CE,0.0976958064516129
14-01-2026 11:25||NIFTY27JAN2623900PE,0.18730561643835617
14-01-2026 11:25||NIFTY27JAN2624700PE,0.13759409523809524
14-01-2026 11:25||NIFTY27JAN2624900PE,0.12543291666666667
14-01-2026 11:30||NIFTY27JAN2625300CE,0.12017490566037733
14-01-2026 11:30||NIFTY27JAN2625800CE,0.1011954716981132
14-01-2026 11:30||NIFTY27JAN2626000CE,0.09797033057851237
14-01-2026 11:30||NIFTY27JAN2624200PE,0.17086535087719298
14-01-2026 11:30||NIFTY27JAN2624300PE,0.16354691588785045
14-01-2026 11:30||NIFTY27JAN2624400PE,0.15568589743589745
14-01-2026 11:30||NIFTY27JAN2625000PE,0.12039158333333333
14-01-2026 11:35||NIFTY27JAN2625500CE,0.10890488372093023
14-01-2026 11:35||NIFTY27JAN2625700CE,0.10127099999999999
14-01-2026 11:35||NIFTY27JAN2626100CE,0.09644455284552846
14-01-2026 11:35||NIFTY27JAN2623900PE,0.18781203389830503
14-01-2026 11:35||NIFTY27JAN2624400PE,0.15781537499999998
14-01-2026 11:35||NIFTY27JAN2624500PE,0.1508715306122449
14-01-2026 11:35||NIFTY27JAN2624700PE,0.13783663551401867
14-01-2026 11:35||NIFTY27JAN2625100PE,0.11559684684684682
14-01-2026 11:40||NIFTY27JAN2625500CE,0.10967925925925925
14-01-2026 11:40||NIFTY27JAN2625600CE,0.10431833333333335
14-01-2026 11:40||NIFTY27JAN2626500CE,0.11124107438016528
14-01-2026 11:40||NIFTY27JAN2623900PE,0.19050038461538463
14-01-2026 11:45||NIFTY27JAN2626400CE,0.10143276422764227
14-01-2026 11:45||NIFTY27JAN2623900PE,0.18840554054054054
14-01-2026 11:45||NIFTY27JAN2624300PE,0.16434188524590165
14-01-2026 11:45||NIFTY27JAN2624500PE,0.15081233644859807
14-01-2026 11:50||NIFTY27JAN2625700CE,0.10218782608695652
14-01-2026 11:50||NIFTY27JAN2625800CE,0.09971241379310344
14-01-2026 11:50||NIFTY27JAN2626100CE,0.09628185483870966
14-01-2026 11:50||NIFTY27JAN2625100PE,0.11505762886597938
14-01-2026 11:55||NIFTY27JAN2625200CE,0.11272223214285712
14-01-2026 11:55||NIFTY27JAN2625600CE,0.10137211382113821
14-01-2026 11:55||NIFTY27JAN2624200PE,0.17184762295081968
14-01-2026 11:55||NIFTY27JAN2624400PE,0.1572269444444444
14-01-2026 11:55||NIFTY27JAN2624800PE,0.13223536585365853
14-01-2026 12:00||NIFTY27JAN2623800PE,0.18780073170731706
14-01-2026 12:00||NIFTY27JAN2624400PE,0.15854435897435895
14-01-2026 12:00||NIFTY27JAN2624900PE,0.12723244897959185
14-01-2026 12:00||NIFTY27JAN2625000PE,0.12161358490566038
14-01-2026 12:00||NIFTY27JAN2625100PE,0.11585597222222221
14-01-2026 12:05||NIFTY27JAN2626500CE,0.11052444444444441
14-01-2026 12:05||NIFTY27JAN2624400PE,0.15821594594594598
14-01-2026 12:05||NIFTY27JAN2624600PE,0.1442683908045977
14-01-2026 12:10||NIFTY27JAN2625900CE,0.0947284677419355
14-01-2026 12:10||NIFTY27JAN2626300CE,0.0961
14-01-2026 12:10||NIFTY27JAN2624400PE,0.15674875
14-01-2026 12:10||NIFTY27JAN2624600PE,0.14303317647058822
14-01-2026 12:10||NIFTY27JAN2624800PE,0.13291506329113922
14-01-2026 12:10||NIFTY27JAN2624900PE,0.12481755102040815
14-01-2026 12:10||NIFTY27JAN2625100PE,0.11457326315789475
14-01-2026 12:15||NIFTY27JAN2626500CE,0.11034990654205605
14-01-2026 12:15||NIFTY27JAN2624200PE,0.17056782258064515
14-01-2026 12:15||NIFTY27JAN2624800PE,0.13144113636363636
14-01-2026 12:20||NIFTY27JAN2625300CE,0.10936966942148761
14-01-2026 12:20||NIFTY27JAN2626400CE,0.09857509433962265
14-01-2026 12:20||NIFTY27JAN2623800PE,0.18807486725663713
14-01-2026 12:20||NIFTY27JAN2623900PE,0.1870809900990099
14-01-2026 12:25||NIFTY27JAN2625400CE,0.10387434782608695
14-01-2026 12:25||NIFTY27JAN2625500CE,0.10316356435643564
14-01-2026 12:25||NIFTY27JAN2625900CE,0.09456490740740739
14-01-2026 12:25||NIFTY27JAN2624500PE,0.15083362903225808
14-01-2026 12:30||NIFTY27JAN2625800CE,0.09394918032786885
14-01-2026 12:30||NIFTY27JAN2626300CE,0.09466060344827587
14-01-2026 12:30||NIFTY27JAN2626400CE,0.09914366336633663
14-01-2026 12:30||NIFTY27JAN2623900PE,0.1880677027027027
14-01-2026 12:30||NIFTY27JAN2624300PE,0.1647223387096774
14-01-2026 12:30||NIFTY27JAN2624900PE,0.12603129032258062
14-01-2026 12:35||NIFTY27JAN2625300CE,0.10649150000000002
14-01-2026 12:35||NIFTY27JAN2625500CE,0.09806345794392524
14-01-2026 12:35||NIFTY27JAN2625900CE,0.09288814814814815
14-01-2026 12:35||NIFTY27JAN2623900PE,0.18861921348314606
14-01-2026 12:45||NIFTY27JAN2625600CE,0.09579301724137931
14-01-2026 12:45||NIFTY27JAN2625700CE,0.09433336206896553
14-01-2026 12:50||NIFTY27JAN2626300CE,0.09519280373831775
14-01-2026 12:50||NIFTY27JAN2626500CE,0.11127271028037382
14-01-2026 12:50||NIFTY27JAN2624900PE,0.12470617886178861
14-01-2026 12:55||NIFTY27JAN2623900PE,0.18698040322580645
14-01-2026 12:55||NIFTY27JAN2624300PE,0.1623657258064516
14-01-2026 12:55||NIFTY27JAN2625000PE,0.11927471074380165
14-01-2026 13:00||NIFTY27JAN2625400CE,0.10003056451612902
14-01-2026 13:00||NIFTY27JAN2625700CE,0.09602200000000001
14-01-2026 13:00||NIFTY27JAN2625800CE,0.09453045454545454
14-01-2026 13:00||NIFTY27JAN2626200CE,0.09338324999999999
14-01-2026 13:00||NIFTY27JAN2626300CE,0.09543666666666667
14-01-2026 13:00||NIFTY27JAN2626500CE,0.11164355140186913
14-01-2026 13:00||NIFTY27JAN2624700PE,0.13557638888888884
14-01-2026 13:05||NIFTY27JAN2625800CE,0.09428826923076923
14-01-2026 13:05||NIFTY27JAN2626200CE,0.09240707692307693
14-01-2026 13:05||NIFTY27JAN2626300CE,0.09453544303797468
14-01-2026 13:05||NIFTY27JAN2624000PE,0.1822221621621622
14-01-2026 13:05||NIFTY27JAN2624400PE,0.15576193548387093
14-01-2026 13:05||NIFTY27JAN2624800PE,0.13079122448979594
14-01-2026 13:05||NIFTY27JAN2624900PE,0.12352975308641975
14-01-2026 13:10||NIFTY27JAN2625300CE,0.10229388429752065
14-01-2026 13:10||NIFTY27JAN2625800CE,0.09038878787878786
14-01-2026 13:10||NIFTY27JAN2625900CE,0.0919849
14-01-2026 13:10||NIFTY27JAN2626400CE,0.0985428455284553
14-01-2026 13:10||NIFTY27JAN2624000PE,0.18212055555555554
14-01-2026 13:10||NIFTY27JAN2624600PE,0.14287185185185183
14-01-2026 13:10||NIFTY27JAN2624700PE,0.13526135802469136
14-01-2026 13:10||NIFTY27JAN2624900PE,0.12367128571428572
14-01-2026 13:15||NIFTY27JAN2625200CE,0.10613868852459017
14-01-2026 13:15||NIFTY27JAN2625600CE,0.09208174311926606
14-01-2026 13:15||NIFTY27JAN2626100CE,0.09064250000000001
14-01-2026 13:15||NIFTY27JAN2626200CE,0.09174772277227723
14-01-2026 13:15||NIFTY27JAN2624000PE,0.18096567567567567
14-01-2026 13:15||NIFTY27JAN2624600PE,0.14190976470588235
14-01-2026 13:15||NIFTY27JAN2624800PE,0.12956087378640777
14-01-2026 13:20||NIFTY27JAN2625200CE,0.1001962962962963
14-01-2026 13:20||NIFTY27JAN2625900CE,0.09070853211009174
14-01-2026 13:20||NIFTY27JAN2624400PE,0.15439161290322578
14-01-2026 13:20||NIFTY27JAN2624700PE,0.13531971428571427
14-01-2026 13:20||NIFTY27JAN2624900PE,0.12322971830985914
14-01-2026 13:25||NIFTY27JAN2625200CE,0.07789296296296297
14-01-2026 13:25||NIFTY27JAN2625600CE,0.09004268518518518
14-01-2026 13:25||NIFTY27JAN2626400CE,0.0985355652173913
14-01-2026 13:25||NIFTY27JAN2626500CE,0.11384753086419751
14-01-2026 13:25||NIFTY27JAN2624100PE,0.173865
14-01-2026 13:25||NIFTY27JAN2624700PE,0.13436091954022988
14-01-2026 13:25||NIFTY27JAN2624900PE,0.12271229885057469
14-01-2026 13:30||NIFTY27JAN2625200CE,0.07601725806451612
14-01-2026 13:30||NIFTY27JAN2625700CE,0.09183795454545454
14-01-2026 13:30||NIFTY27JAN2626500CE,0.11563438356164384
14-01-2026 13:30||NIFTY27JAN2624200PE,0.16588228070175437
14-01-2026 13:30||NIFTY27JAN2624300PE,0.159100775862069
14-01-2026 13:35||NIFTY27JAN2625500CE,0.09239418032786885
14-01-2026 13:35||NIFTY27JAN2625700CE,0.09185229885057469
14-01-2026 13:35||NIFTY27JAN2624000PE,0.17784103448275868
14-01-2026 13:35||NIFTY27JAN2624100PE,0.17053717647058822
14-01-2026 13:35||NIFTY27JAN2625100PE,0.11196758928571426
14-01-2026 13:40||NIFTY27JAN2626500CE,0.11386666666666666
14-01-2026 13:45||NIFTY27JAN2625400CE,0.09455932584269662
14-01-2026 13:45||NIFTY27JAN2626200CE,0.09493734693877551
14-01-2026 13:45||NIFTY27JAN2626300CE,0.09853958904109589
14-01-2026 13:45||NIFTY27JAN2626400CE,0.10364535714285714
14-01-2026 13:45||NIFTY27JAN2624100PE,0.16948178217821777
14-01-2026 13:45||NIFTY27JAN2624200PE,0.1623219298245614
14-01-2026 13:45||NIFTY27JAN2624400PE,0.14964833333333336
14-01-2026 13:45||NIFTY27JAN2624600PE,0.13799907216494847
14-01-2026 13:45||NIFTY27JAN2624700PE,0.13161777777777775
14-01-2026 13:45||NIFTY27JAN2624800PE,0.12565745614035087
14-01-2026 13:50||NIFTY27JAN2625400CE,0.0942665517241379
14-01-2026 13:50||NIFTY27JAN2625600CE,0.0947400819672131
14-01-2026 13:50||NIFTY27JAN2626300CE,0.09992662790697675
14-01-2026 13:55||NIFTY27JAN2625200CE,0.09210628865979381
14-01-2026 13:55||NIFTY27JAN2626200CE,0.09688138888888888
14-01-2026 13:55||NIFTY27JAN2623800PE,0.17571943181818184
14-01-2026 13:55||NIFTY27JAN2624600PE,0.13686333333333334
14-01-2026 13:55||NIFTY27JAN2624900PE,0.12038193548387097
14-01-2026 14:00||NIFTY27JAN2623800PE,0.1753116049382716
14-01-2026 14:00||NIFTY27JAN2623900PE,0.1793759649122807
14-01-2026 14:00||NIFTY27JAN2624400PE,0.14916304347826084
14-01-2026 14:00||NIFTY27JAN2624500PE,0.14249982608695652
14-01-2026 14:05||NIFTY27JAN2625200CE,0.10060298969072165
14-01-2026 14:05||NIFTY27JAN2625700CE,0.09365298850574712
14-01-2026 14:05||NIFTY27JAN2625900CE,0.0948841121495327
14-01-2026 14:05||NIFTY27JAN2624000PE,0.17564943089430896
14-01-2026 14:05||NIFTY27JAN2624300PE,0.15570180327868852
14-01-2026 14:05||NIFTY27JAN2624700PE,0.1307404347826087
14-01-2026 14:05||NIFTY27JAN2624800PE,0.12493728395061726
14-01-2026 14:10||NIFTY27JAN2625700CE,0.09336415730337078
14-01-2026 14:10||NIFTY27JAN2624200PE,0.16230447154471545
14-01-2026 14:10||NIFTY27JAN2624800PE,0.12535011363636364
14-01-2026 14:15||NIFTY27JAN2625300CE,0.10169565573770491
14-01-2026 14:15||NIFTY27JAN2625900CE,0.09487227722772278
14-01-2026 14:15||NIFTY27JAN2626000CE,0.09609706896551724
14-01-2026 14:15||NIFTY27JAN2626500CE,0.11641701612903227
14-01-2026 14:15||NIFTY27JAN2624600PE,0.1360362903225806
14-01-2026 14:20||NIFTY27JAN2624400PE,0.14870532258064517
14-01-2026 14:20||NIFTY27JAN2624900PE,0.1195854918032787
14-01-2026 14:20||NIFTY27JAN2625100PE,0.11055452631578949
14-01-2026 14:25||NIFTY27JAN2625600CE,0.09809024193548388
14-01-2026 14:25||NIFTY27JAN2626100CE,0.09696352272727274
14-01-2026 14:25||NIFTY27JAN2623800PE,0.17989729508196722
14-01-2026 14:30||NIFTY27JAN2625400CE,0.10632999999999998
14-01-2026 14:30||NIFTY27JAN2626000CE,0.09824473684210527
14-01-2026 14:30||NIFTY27JAN2626100CE,0.09875814814814812
14-01-2026 14:30||NIFTY27JAN2626400CE,0.10818567901234566
14-01-2026 14:30||NIFTY27JAN2626500CE,0.11701767857142856
14-01-2026 14:30||NIFTY27JAN2623900PE,0.18122575000000002
14-01-2026 14:30||NIFTY27JAN2624300PE,0.15487652777777777
14-01-2026 14:30||NIFTY27JAN2624500PE,0.1418433644859813
14-01-2026 14:30||NIFTY27JAN2625000PE,0.11441080808080807
14-01-2026 14:30||NIFTY27JAN2625100PE,0.10882325842696629
14-01-2026 14:35||NIFTY27JAN2625500CE,0.10418813084112148
14-01-2026 14:35||NIFTY27JAN2625900CE,0.09737327868852459
14-01-2026 14:35||NIFTY27JAN2626400CE,0.10760147727272727
14-01-2026 14:35||NIFTY27JAN2624000PE,0.1760454471544715
14-01-2026 14:35||NIFTY27JAN2624300PE,0.1563703773584906
14-01-2026 14:40||NIFTY27JAN2625400CE,0.10759041666666666
14-01-2026 14:40||NIFTY27JAN2625800CE,0.09898054794520547
14-01-2026 14:40||NIFTY27JAN2624300PE,0.16072312500000002
14-01-2026 14:40||NIFTY27JAN2624400PE,0.1501602197802198
14-01-2026 14:40||NIFTY27JAN2624500PE,0.14281387096774192
14-01-2026 14:40||NIFTY27JAN2624700PE,0.1313414159292035
14-01-2026 14:40||NIFTY27JAN2624800PE,0.12446430379746835
14-01-2026 14:40||NIFTY27JAN2625000PE,0.11522509615384616
14-01-2026 14:45||NIFTY27JAN2625400CE,0.10281939393939393
14-01-2026 14:45||NIFTY27JAN2625500CE,0.09917279999999998
14-01-2026 14:45||NIFTY27JAN2625800CE,0.09520528301886794
14-01-2026 14:45||NIFTY27JAN2626100CE,0.09595736842105261
14-01-2026 14:45||NIFTY27JAN2626200CE,0.0982566355140187
14-01-2026 14:45||NIFTY27JAN2626300CE,0.10186088607594937
14-01-2026 14:45||NIFTY27JAN2624500PE,0.1455332558139535
14-01-2026 14:45||NIFTY27JAN2624800PE,0.12681402777777778
14-01-2026 14:45||NIFTY27JAN2625100PE,0.11065427083333333
14-01-2026 14:50||NIFTY27JAN2625200CE,0.10393927927927928
14-01-2026 14:50||NIFTY27JAN2625700CE,0.09474412280701755
14-01-2026 14:50||NIFTY27JAN2625800CE,0.09164647058823529
14-01-2026 14:50||NIFTY27JAN2626300CE,0.09939804597701148
14-01-2026 14:50||NIFTY27JAN2624400PE,0.1525732075471698
14-01-2026 14:50||NIFTY27JAN2624600PE,0.1383639534883721
14-01-2026 14:50||NIFTY27JAN2624900PE,0.1212305737704918
14-01-2026 14:55||NIFTY27JAN2625300CE,0.10213681415929202
14-01-2026 14:55||NIFTY27JAN2625400CE,0.09918767676767679
14-01-2026 14:55||NIFTY27JAN2625600CE,0.09580694214876033
14-01-2026 14:55||NIFTY27JAN2626400CE,0.10421439024390244
14-01-2026 14:55||NIFTY27JAN2624100PE,0.1724109482758621
14-01-2026 14:55||NIFTY27JAN2624200PE,0.1644144347826087
14-01-2026 14:55||NIFTY27JAN2624600PE,0.1388524418604651
14-01-2026 14:55||NIFTY27JAN2624800PE,0.1264636666666667
14-01-2026 14:55||NIFTY27JAN2625100PE,0.11136907216494846
14-01-2026 15:00||NIFTY27JAN2625800CE,0.09229844036697245
14-01-2026 15:00||NIFTY27JAN2624300PE,0.15847950819672132
14-01-2026 15:00||NIFTY27JAN2624700PE,0.1328229752066116
14-01-2026 15:05||NIFTY27JAN2626300CE,0.10052349593495934
14-01-2026 15:05||NIFTY27JAN2623900PE,0.18176846774193542
14-01-2026 15:05||NIFTY27JAN2624400PE,0.15089252336448594
14-01-2026 15:05||NIFTY27JAN2624800PE,0.12649439252336447
14-01-2026 15:10||NIFTY27JAN2625500CE,0.09708101123595506
14-01-2026 15:10||NIFTY27JAN2626200CE,0.09889221311475409
14-01-2026 15:10||NIFTY27JAN2624100PE,0.17032516129032255
14-01-2026 15:10||NIFTY27JAN2624500PE,0.14437112149532708
14-01-2026 15:10||NIFTY27JAN2624900PE,0.1210319512195122
14-01-2026 15:15||NIFTY27JAN2625500CE,0.10203471910112359
14-01-2026 15:15||NIFTY27JAN2625900CE,0.09628500000000001
14-01-2026 15:15||NIFTY27JAN2626100CE,0.09656941860465117
14-01-2026 15:15||NIFTY27JAN2624400PE,0.14978841121495326
14-01-2026 15:15||NIFTY27JAN2624700PE,0.13204975609756098
14-01-2026 15:15||NIFTY27JAN2625100PE,0.1121375257731959
14-01-2026 15:20||NIFTY27JAN2626100CE,0.09751069444444443
14-01-2026 15:20||NIFTY27JAN2626300CE,0.1027396460176991
14-01-2026 15:20||NIFTY27JAN2626400CE,0.10843024999999998
14-01-2026 15:20||NIFTY27JAN2624500PE,0.14482514018691586
14-01-2026 15:20||NIFTY27JAN2624800PE,0.12616824074074073
14-01-2026 15:25||NIFTY27JAN2625200CE,0.12571247422680412
14-01-2026 15:25||NIFTY27JAN2626400CE,0.10822075
14-01-2026 15:25||NIFTY27JAN2626500CE,0.11766663716814157
14-01-2026 15:25||NIFTY27JAN2623900PE,0.18673508196721314
14-01-2026 15:25||NIFTY27JAN2624600PE,0.13928629629629627
14-01-2026 15:25||NIFTY27JAN2625100PE,0.11314520833333333
16-01-2026 09:15||NIFTY27JAN2626000CE,0.09876765432098765
16-01-2026 09:15||NIFTY27JAN2626100CE,0.09836709999999999
16-01-2026 09:15||NIFTY27JAN2624100PE,0.17220949367088612
16-01-2026 09:15||NIFTY27JAN2624200PE,0.16735869158878505
16-01-2026 09:15||NIFTY27JAN2624300PE,0.16087734513274335
16-01-2026 09:15||NIFTY27JAN2624800PE,0.1299693457943925
16-01-2026 09:15||NIFTY27JAN2625000PE,0.11790238095238095
16-01-2026 09:20||NIFTY27JAN2625200CE,0.1373472340425532
16-01-2026 09:20||NIFTY27JAN2625400CE,0.11915504132231405
16-01-2026 09:20||NIFTY27JAN2625700CE,0.10728546296296294
16-01-2026 09:20||NIFTY27JAN2626000CE,0.09838150684931506
16-01-2026 09:20||NIFTY27JAN2624100PE,0.1742565909090909
16-01-2026 09:20||NIFTY27JAN2624400PE,0.15549264150943395
16-01-2026 09:20||NIFTY27JAN2624600PE,0.14257154929577462
16-01-2026 09:20||NIFTY27JAN2625000PE,0.11844413793103446
16-01-2026 09:25||NIFTY27JAN2625300CE,0.12104366666666665
16-01-2026 09:25||NIFTY27JAN2625600CE,0.10721107438016528
16-01-2026 09:25||NIFTY27JAN2626300CE,0.10027616822429905
16-01-2026 09:25||NIFTY27JAN2626500CE,0.11440190082644627
16-01-2026 09:25||NIFTY27JAN2624600PE,0.14100604938271605
16-01-2026 09:25||NIFTY27JAN2624700PE,0.1347435652173913
16-01-2026 09:30||NIFTY27JAN2625500CE,0.11100876033057851
16-01-2026 09:30||NIFTY27JAN2625700CE,0.10464740384615384
16-01-2026 09:30||NIFTY27JAN2625900CE,0.09891969696969696
16-01-2026 09:30||NIFTY27JAN2626000CE,0.09786207920792077
16-01-2026 09:30||NIFTY27JAN2623800PE,0.18732300813008135
16-01-2026 09:30||NIFTY27JAN2624300PE,0.16156919999999997
16-01-2026 09:30||NIFTY27JAN2624400PE,0.1528152475247525
16-01-2026 09:30||NIFTY27JAN2624900PE,0.12219454545454544
16-01-2026 09:30||NIFTY27JAN2625100PE,0.11213013333333331
16-01-2026 09:35||NIFTY27JAN2626300CE,0.09908564356435642
16-01-2026 09:35||NIFTY27JAN2626400CE,0.10340182608695654
16-01-2026 09:35||NIFTY27JAN2624100PE,0.17431634782608696
16-01-2026 09:35||NIFTY27JAN2624200PE,0.16638898734177215
16-01-2026 09:35||NIFTY27JAN2624800PE,0.1267233333333333
16-01-2026 09:35||NIFTY27JAN2625100PE,0.1096790909090909
16-01-2026 09:40||NIFTY27JAN2625900CE,0.10076444444444443
16-01-2026 09:40||NIFTY27JAN2626500CE,0.1132708943089431
16-01-2026 09:40||NIFTY27JAN2624200PE,0.1680513846153846
16-01-2026 09:40||NIFTY27JAN2624300PE,0.1606009
16-01-2026 09:45||NIFTY27JAN2625400CE,0.122385
16-01-2026 09:45||NIFTY27JAN2626000CE,0.10005538461538462
16-01-2026 09:45||NIFTY27JAN2626100CE,0.09705763157894737
16-01-2026 09:45||NIFTY27JAN2623900PE,0.18696393258426963
16-01-2026 09:45||NIFTY27JAN2624500PE,0.1465911009174312
16-01-2026 09:45||NIFTY27JAN2624800PE,0.126937
16-01-2026 09:45||NIFTY27JAN2624900PE,0.11852333333333336
16-01-2026 09:50||NIFTY27JAN2625500CE,0.12058311688311689
16-01-2026 09:50||NIFTY27JAN2625600CE,0.11133067307692307
16-01-2026 09:50||NIFTY27JAN2625700CE,0.11051169014084507
16-01-2026 09:50||NIFTY27JAN2625800CE,0.10307545454545453
16-01-2026 09:50||NIFTY27JAN2626000CE,0.09906333333333332
16-01-2026 09:50||NIFTY27JAN2626200CE,0.09712272727272726
16-01-2026 09:50||NIFTY27JAN2623900PE,0.18967873563218388
16-01-2026 09:50||NIFTY27JAN2624200PE,0.16995256756756755
16-01-2026 09:50||NIFTY27JAN2624900PE,0.12014826923076923
16-01-2026 09:55||NIFTY27JAN2625300CE,0.13208549549549548
16-01-2026 09:55||NIFTY27JAN2625400CE,0.12044666666666665
16-01-2026 09:55||NIFTY27JAN2625500CE,0.11944199999999998
16-01-2026 09:55||NIFTY27JAN2625700CE,0.10870264705882353
16-01-2026 09:55||NIFTY27JAN2625900CE,0.1001736842105263
16-01-2026 09:55||NIFTY27JAN2626000CE,0.09694333333333335
16-01-2026 09:55||NIFTY27JAN2626400CE,0.09911507936507936
16-01-2026 09:55||NIFTY27JAN2626500CE,0.10967473684210526
16-01-2026 09:55||NIFTY27JAN2623800PE,0.1978080909090909
16-01-2026 09:55||NIFTY27JAN2624000PE,0.18545347826086958
16-01-2026 09:55||NIFTY27JAN2624200PE,0.1712657471264368
16-01-2026 09:55||NIFTY27JAN2624500PE,0.1494377064220183
16-01-2026 09:55||NIFTY27JAN2624900PE,0.12158757575757576
16-01-2026 09:55||NIFTY27JAN2625000PE,0.11480061946902652
16-01-2026 10:00||NIFTY27JAN2625400CE,0.1271213793103448
16-01-2026 10:00||NIFTY27JAN2625900CE,0.102657625
16-01-2026 10:00||NIFTY27JAN2626000CE,0.100312
16-01-2026 10:00||NIFTY27JAN2626400CE,0.10631379310344828
16-01-2026 10:00||NIFTY27JAN2626500CE,0.1284041860465116
16-01-2026 10:00||NIFTY27JAN2624000PE,0.18716830188679245
16-01-2026 10:05||NIFTY27JAN2625700CE,0.11372518518518517
16-01-2026 10:05||NIFTY27JAN2626400CE,0.11110233333333333
16-01-2026 10:05||NIFTY27JAN2626500CE,0.12475421875
16-01-2026 10:05||NIFTY27JAN2624000PE,0.19055953846153845
16-01-2026 10:05||NIFTY27JAN2624100PE,0.18069739130434784
16-01-2026 10:05||NIFTY27JAN2624400PE,0.15911192660550455
16-01-2026 10:05||NIFTY27JAN2625100PE,0.1106860714285714
16-01-2026 10:10||NIFTY27JAN2625300CE,0.13799931034482757
16-01-2026 10:10||NIFTY27JAN2625600CE,0.12199869918699187
16-01-2026 10:10||NIFTY27JAN2626100CE,0.10293774193548387
16-01-2026 10:10||NIFTY27JAN2626400CE,0.1101612068965517
16-01-2026 10:10||NIFTY27JAN2623900PE,0.1952260655737705
16-01-2026 10:10||NIFTY27JAN2624800PE,0.13029954128440363
16-01-2026 10:15||NIFTY27JAN2625300CE,0.1467181609195402
16-01-2026 10:15||NIFTY27JAN2623800PE,0.1906242045454545
16-01-2026 10:15||NIFTY27JAN2624400PE,0.1664150505050505
16-01-2026 10:15||NIFTY27JAN2624500PE,0.1536482716049382
16-01-2026 10:20||NIFTY27JAN2625700CE,0.11940098360655736
16-01-2026 10:20||NIFTY27JAN2625900CE,0.110090826446281
16-01-2026 10:20||NIFTY27JAN2626400CE,0.10459672897196262
16-01-2026 10:20||NIFTY27JAN2623800PE,0.19691873563218387
16-01-2026 10:20||NIFTY27JAN2624300PE,0.17372200000000002
16-01-2026 10:20||NIFTY27JAN2624500PE,0.1594625882352941
16-01-2026 10:20||NIFTY27JAN2624800PE,0.13742734042553192
16-01-2026 10:25||NIFTY27JAN2625400CE,0.13704552845528453
16-01-2026 10:25||NIFTY27JAN2626000CE,0.10597430894308943
16-01-2026 10:25||NIFTY27JAN2624000PE,0.19750897196261682
16-01-2026 10:25||NIFTY27JAN2624200PE,0.18298444444444442
16-01-2026 10:25||NIFTY27JAN2624300PE,0.17569506329113924
16-01-2026 10:25||NIFTY27JAN2624600PE,0.15365829268292683
16-01-2026 10:30||NIFTY27JAN2625500CE,0.12520696721311472
16-01-2026 10:30||NIFTY27JAN2624200PE,0.18479055555555554
16-01-2026 10:30||NIFTY27JAN2624400PE,0.17016347107438015
16-01-2026 10:30||NIFTY27JAN2624800PE,0.14114435185185184
16-01-2026 10:35||NIFTY27JAN2625200CE,0.13922505154639175
16-01-2026 10:35||NIFTY27JAN2625600CE,0.11467154471544715
16-01-2026 10:35||NIFTY27JAN2626300CE,0.0979555652173913
16-01-2026 10:35||NIFTY27JAN2626400CE,0.10095706896551725
16-01-2026 10:35||NIFTY27JAN2624000PE,0.19933119565217391
16-01-2026 10:35||NIFTY27JAN2624200PE,0.1840610810810811
16-01-2026 10:35||NIFTY27JAN2624900PE,0.13403408450704224
16-01-2026 10:35||NIFTY27JAN2625100PE,0.12133872727272726
16-01-2026 10:40||NIFTY27JAN2626200CE,0.09795731707317072
16-01-2026 10:40||NIFTY27JAN2623800PE,0.19594719101123592
16-01-2026 10:40||NIFTY27JAN2624200PE,0.18497644067796606
16-01-2026 10:40||NIFTY27JAN2624700PE,0.14813223140495868
16-01-2026 10:40||NIFTY27JAN2624900PE,0.13377653846153847
16-01-2026 10:45||NIFTY27JAN2625200CE,0.1338952577319588
16-01-2026 10:45||NIFTY27JAN2623800PE,0.19223652777777775
16-01-2026 10:45||NIFTY27JAN2624000PE,0.19815579439252337
16-01-2026 10:45||NIFTY27JAN2624400PE,0.171175
16-01-2026 10:45||NIFTY27JAN2624600PE,0.15518988372093023
16-01-2026 10:45||NIFTY27JAN2624900PE,0.13365983050847455
16-01-2026 10:50||NIFTY27JAN2625400CE,0.12572797752808987
16-01-2026 10:50||NIFTY27JAN2626300CE,0.09702939655172414
16-01-2026 10:50||NIFTY27JAN2626400CE,0.10029295652173911
16-01-2026 10:50||NIFTY27JAN2624200PE,0.18426808080808083
16-01-2026 10:50||NIFTY27JAN2624300PE,0.17705943925233644
16-01-2026 10:50||NIFTY27JAN2624400PE,0.16898419354838706
16-01-2026 10:50||NIFTY27JAN2624600PE,0.1537887356321839
16-01-2026 10:55||NIFTY27JAN2625400CE,0.12862579545454544
16-01-2026 10:55||NIFTY27JAN2625800CE,0.10635594827586206
16-01-2026 10:55||NIFTY27JAN2625900CE,0.10266088495575221
16-01-2026 10:55||NIFTY27JAN2626100CE,0.09809929577464788
16-01-2026 10:55||NIFTY27JAN2626500CE,0.10336716814159291
16-01-2026 10:55||NIFTY27JAN2623800PE,0.20498376344086022
16-01-2026 10:55||NIFTY27JAN2623900PE,0.20258833333333331
16-01-2026 10:55||NIFTY27JAN2624900PE,0.13295890410958902
16-01-2026 11:00||NIFTY27JAN2625300CE,0.1353587603305785
16-01-2026 11:00||NIFTY27JAN2626000CE,0.10044489795918367
16-01-2026 11:00||NIFTY27JAN2626100CE,0.09724043478260867
16-01-2026 11:00||NIFTY27JAN2624400PE,0.168543698630137
16-01-2026 11:00||NIFTY27JAN2624900PE,0.13292456790123455
16-01-2026 11:00||NIFTY27JAN2625000PE,0.1258124107142857
16-01-2026 11:05||NIFTY27JAN2626100CE,0.09706625
16-01-2026 11:05||NIFTY27JAN2624300PE,0.17543547826086958
16-01-2026 11:05||NIFTY27JAN2624400PE,0.1669322222222222
16-01-2026 11:05||NIFTY27JAN2625100PE,0.12022693693693694
16-01-2026 11:10||NIFTY27JAN2625800CE,0.10564712643678159
16-01-2026 11:10||NIFTY27JAN2626000CE,0.09917461538461537
16-01-2026 11:10||NIFTY27JAN2624000PE,0.19505574074074072
16-01-2026 11:15||NIFTY27JAN2625800CE,0.10407363636363637
16-01-2026 11:15||NIFTY27JAN2626200CE,0.09638539325842697
16-01-2026 11:15||NIFTY27JAN2623900PE,0.1982678512396694
16-01-2026 11:15||NIFTY27JAN2624600PE,0.15112556451612905
16-01-2026 11:20||NIFTY27JAN2625900CE,0.1001613043478261
16-01-2026 11:20||NIFTY27JAN2626000CE,0.09810909090909091
16-01-2026 11:20||NIFTY27JAN2626200CE,0.09643697674418604
16-01-2026 11:20||NIFTY27JAN2623800PE,0.19636471074380163
16-01-2026 11:20||NIFTY27JAN2624000PE,0.19325244897959182
16-01-2026 11:20||NIFTY27JAN2624100PE,0.18527591304347826
16-01-2026 11:20||NIFTY27JAN2624900PE,0.131050737704918
16-01-2026 11:25||NIFTY27JAN2626300CE,0.09672065040650406
16-01-2026 11:25||NIFTY27JAN2624200PE,0.17812278688524594
16-01-2026 11:25||NIFTY27JAN2624800PE,0.13747669811320756
16-01-2026 11:25||NIFTY27JAN2625000PE,0.12461151260504204
16-01-2026 11:30||NIFTY27JAN2625600CE,0.10872585365853658
16-01-2026 11:30||NIFTY27JAN2626500CE,0.11154129032258063
16-01-2026 11:30||NIFTY27JAN2624300PE,0.17072447154471546
16-01-2026 11:35||NIFTY27JAN2625300CE,0.1221651666666667
16-01-2026 11:35||NIFTY27JAN2625500CE,0.11239953488372094
16-01-2026 11:35||NIFTY27JAN2626200CE,0.09585162601626017
16-01-2026 11:35||NIFTY27JAN2624500PE,0.1560742045454545
16-01-2026 11:35||NIFTY27JAN2624800PE,0.13624990825688071
16-01-2026 11:40||NIFTY27JAN2625500CE,0.11375575342465753
16-01-2026 11:40||NIFTY27JAN2626100CE,0.096540081300813
16-01-2026 11:40||NIFTY27JAN2624400PE,0.16355385964912283
16-01-2026 11:40||NIFTY27JAN2624500PE,0.1544143209876543
16-01-2026 11:45||NIFTY27JAN2625400CE,0.11924991803278688
16-01-2026 11:45||NIFTY27JAN2624300PE,0.16997374999999998
16-01-2026 11:45||NIFTY27JAN2625000PE,0.12300271028037382
16-01-2026 11:50||NIFTY27JAN2625500CE,0.11413268518518517
16-01-2026 11:50||NIFTY27JAN2623900PE,0.19590398148148147
16-01-2026 11:50||NIFTY27JAN2624300PE,0.1693467415730337
16-01-2026 11:55||NIFTY27JAN2626200CE,0.09769078651685395
16-01-2026 11:55||NIFTY27JAN2624000PE,0.19072264367816089
16-01-2026 11:55||NIFTY27JAN2624500PE,0.15388685185185186
16-01-2026 11:55||NIFTY27JAN2624800PE,0.1350338028169014
16-01-2026 11:55||NIFTY27JAN2625000PE,0.12169679012345679
16-01-2026 11:55||NIFTY27JAN2625100PE,0.11497548076923073
16-01-2026 12:00||NIFTY27JAN2625200CE,0.13240844155844156
16-01-2026 12:00||NIFTY27JAN2626200CE,0.10145629213483144
16-01-2026 12:00||NIFTY27JAN2623900PE,0.19521787878787877
16-01-2026 12:00||NIFTY27JAN2624000PE,0.18962506329113926
16-01-2026 12:00||NIFTY27JAN2624200PE,0.1759721176470588
16-01-2026 12:00||NIFTY27JAN2624400PE,0.1614109166666667
16-01-2026 12:00||NIFTY27JAN2624800PE,0.13519451612903227
16-01-2026 12:00||NIFTY27JAN2624900PE,0.12695875
16-01-2026 12:05||NIFTY27JAN2625200CE,0.14103486842105262
16-01-2026 12:05||NIFTY27JAN2625900CE,0.10611024590163934
16-01-2026 12:05||NIFTY27JAN2623800PE,0.19330048780487805
16-01-2026 12:05||NIFTY27JAN2624200PE,0.1756803370786517
16-01-2026 12:05||NIFTY27JAN2624500PE,0.1533101851851852
16-01-2026 12:05||NIFTY27JAN2624800PE,0.13437333333333332
16-01-2026 12:05||NIFTY27JAN2625000PE,0.12078795454545456
16-01-2026 12:10||NIFTY27JAN2625300CE,0.14016909090909088
16-01-2026 12:10||NIFTY27JAN2625800CE,0.11260488372093024
16-01-2026 12:10||NIFTY27JAN2626000CE,0.10543961538461538
16-01-2026 12:10||NIFTY27JAN2626100CE,0.10115165217391305
16-01-2026 12:10||NIFTY27JAN2624800PE,0.13450368421052636
16-01-2026 12:10||NIFTY27JAN2625100PE,0.11595709090909088
16-01-2026 12:15||NIFTY27JAN2625800CE,0.10400093023255813
16-01-2026 12:15||NIFTY27JAN2626000CE,0.0992406976744186
16-01-2026 12:15||NIFTY27JAN2624000PE,0.1909049593495935
16-01-2026 12:15||NIFTY27JAN2624600PE,0.14748338842975206
16-01-2026 12:15||NIFTY27JAN2624800PE,0.1360728260869565
16-01-2026 12:15||NIFTY27JAN2624900PE,0.1281013888888889
16-01-2026 12:15||NIFTY27JAN2625000PE,0.12172512500000002
16-01-2026 12:20||NIFTY27JAN2625400CE,0.11410909836065573
16-01-2026 12:20||NIFTY27JAN2625600CE,0.10505622807017541
16-01-2026 12:20||NIFTY27JAN2625700CE,0.10270913043478261
16-01-2026 12:20||NIFTY27JAN2623900PE,0.19513459016393445
16-01-2026 12:20||NIFTY27JAN2624300PE,0.16769844262295083
16-01-2026 12:20||NIFTY27JAN2624500PE,0.15269267441860465
16-01-2026 12:20||NIFTY27JAN2624900PE,0.1284724705882353
16-01-2026 12:25||NIFTY27JAN2626400CE,0.1005610655737705
16-01-2026 12:25||NIFTY27JAN2623800PE,0.18861859154929572
16-01-2026 12:25||NIFTY27JAN2624500PE,0.15075823529411764
16-01-2026 12:25||NIFTY27JAN2624700PE,0.13817327433628318
16-01-2026 12:25||NIFTY27JAN2624800PE,0.13173722891566267
16-01-2026 12:25||NIFTY27JAN2625000PE,0.12045072916666667
16-01-2026 12:25||NIFTY27JAN2625100PE,0.11454201923076923
16-01-2026 12:30||NIFTY27JAN2623800PE,0.1694018421052632
16-01-2026 12:30||NIFTY27JAN2624400PE,0.15845710743801655
16-01-2026 12:30||NIFTY27JAN2624600PE,0.14446408333333335
16-01-2026 12:35||NIFTY27JAN2625600CE,0.10845035087719297
16-01-2026 12:35||NIFTY27JAN2625700CE,0.10553065934065932
16-01-2026 12:35||NIFTY27JAN2625800CE,0.1025771844660194
16-01-2026 12:35||NIFTY27JAN2625900CE,0.10134124999999998
16-01-2026 12:35||NIFTY27JAN2626000CE,0.09909874999999999
16-01-2026 12:35||NIFTY27JAN2626200CE,0.09783131147540981
16-01-2026 12:35||NIFTY27JAN2623800PE,0.1613177419354839
16-01-2026 12:35||NIFTY27JAN2623900PE,0.1904971052631579
16-01-2026 12:35||NIFTY27JAN2624800PE,0.12970702127659575
16-01-2026 12:40||NIFTY27JAN2625200CE,0.1369973214285714
16-01-2026 12:40||NIFTY27JAN2625900CE,0.1036756862745098
16-01-2026 12:40||NIFTY27JAN2623800PE,0.18261931506849313
16-01-2026 12:45||NIFTY27JAN2625700CE,0.10613990654205607
16-01-2026 12:45||NIFTY27JAN2625900CE,0.10265634920634918
16-01-2026 12:45||NIFTY27JAN2626000CE,0.09774369230769231
16-01-2026 12:45||NIFTY27JAN2626300CE,0.09996300813008129
16-01-2026 12:45||NIFTY27JAN2624000PE,0.18503298387096775
16-01-2026 12:45||NIFTY27JAN2624800PE,0.13004935779816515
16-01-2026 12:50||NIFTY27JAN2626000CE,0.09875774647887323
16-01-2026 12:50||NIFTY27JAN2626200CE,0.097808347107438
16-01-2026 12:50||NIFTY27JAN2624300PE,0.1628116129032258
16-01-2026 12:55||NIFTY27JAN2625500CE,0.11347048780487806
16-01-2026 12:55||NIFTY27JAN2625800CE,0.10289252032520325
16-01-2026 12:55||NIFTY27JAN2623900PE,0.18923357723577233
16-01-2026 12:55||NIFTY27JAN2624700PE,0.13507476744186048
16-01-2026 12:55||NIFTY27JAN2624900PE,0.1227797520661157
16-01-2026 13:00||NIFTY27JAN2625400CE,0.11636991803278689
16-01-2026 13:00||NIFTY27JAN2625900CE,0.10043365217391305
16-01-2026 13:00||NIFTY27JAN2626000CE,0.09873742574257426
16-01-2026 13:00||NIFTY27JAN2623800PE,0.18836121951219514
16-01-2026 13:00||NIFTY27JAN2624700PE,0.13366580246913579
16-01-2026 13:00||NIFTY27JAN2624800PE,0.1280198245614035
16-01-2026 13:05||NIFTY27JAN2625300CE,0.12053525
16-01-2026 13:05||NIFTY27JAN2624100PE,0.17499440366972477
16-01-2026 13:05||NIFTY27JAN2625000PE,0.1171211475409836
16-01-2026 13:10||NIFTY27JAN2625200CE,0.12806207207207204
16-01-2026 13:15||NIFTY27JAN2625800CE,0.10173064220183484
16-01-2026 13:15||NIFTY27JAN2626100CE,0.09995827160493827
16-01-2026 13:15||NIFTY27JAN2626200CE,0.10037139130434783
16-01-2026 13:15||NIFTY27JAN2623800PE,0.18551427419354838
16-01-2026 13:15||NIFTY27JAN2624100PE,0.1718907339449541
16-01-2026 13:15||NIFTY27JAN2624600PE,0.13795547826086957
16-01-2026 13:15||NIFTY27JAN2624700PE,0.13052296296296292
16-01-2026 13:20||NIFTY27JAN2625600CE,0.11057178861788616
16-01-2026 13:20||NIFTY27JAN2626100CE,0.10088170454545455
16-01-2026 13:20||NIFTY27JAN2624300PE,0.15791818181818182
16-01-2026 13:20||NIFTY27JAN2624700PE,0.12984284090909087
16-01-2026 13:20||NIFTY27JAN2625100PE,0.10959839285714283
16-01-2026 13:25||NIFTY27JAN2625200CE,0.13152347826086955
16-01-2026 13:25||NIFTY27JAN2625300CE,0.12203540540540539
16-01-2026 13:25||NIFTY27JAN2625500CE,0.11218424528301886
16-01-2026 13:25||NIFTY27JAN2625800CE,0.10357137614678898
16-01-2026 13:25||NIFTY27JAN2626400CE,0.10608346534653465
16-01-2026 13:25||NIFTY27JAN2626500CE,0.11588921052631578
16-01-2026 13:25||NIFTY27JAN2623900PE,0.18589793388429748
16-01-2026 13:25||NIFTY27JAN2624300PE,0.15719303797468354
16-01-2026 13:25||NIFTY27JAN2624400PE,0.14918046153846154
16-01-2026 13:30||NIFTY27JAN2625200CE,0.1366055737704918
16-01-2026 13:30||NIFTY27JAN2624000PE,0.1779614876033058
16-01-2026 13:30||NIFTY27JAN2624200PE,0.1626542016806723
16-01-2026 13:30||NIFTY27JAN2624400PE,0.14960759999999998
16-01-2026 13:30||NIFTY27JAN2624900PE,0.11911
16-01-2026 13:30||NIFTY27JAN2625000PE,0.11379106194690264
16-01-2026 13:35||NIFTY27JAN2625500CE,0.1117205504587156
16-01-2026 13:35||NIFTY27JAN2626100CE,0.10005631147540983
16-01-2026 13:35||NIFTY27JAN2626400CE,0.1068611111111111
16-01-2026 13:35||NIFTY27JAN2624400PE,0.15073815384615386
16-01-2026 13:35||NIFTY27JAN2624500PE,0.1416229230769231
16-01-2026 13:35||NIFTY27JAN2624900PE,0.1193425
16-01-2026 13:40||NIFTY27JAN2625200CE,0.1324207865168539
16-01-2026 13:40||NIFTY27JAN2625300CE,0.12299228070175437
16-01-2026 13:40||NIFTY27JAN2625900CE,0.10243277227722773
16-01-2026 13:40||NIFTY27JAN2626000CE,0.10105867346938774
16-01-2026 13:40||NIFTY27JAN2626200CE,0.10066446280991735
16-01-2026 13:40||NIFTY27JAN2626500CE,0.11628719008264464
16-01-2026 13:40||NIFTY27JAN2623900PE,0.1857844827586207
16-01-2026 13:40||NIFTY27JAN2624500PE,0.14448372549019606
16-01-2026 13:40||NIFTY27JAN2624700PE,0.13029775700934582
16-01-2026 13:45||NIFTY27JAN2623900PE,0.18477666666666664
16-01-2026 13:45||NIFTY27JAN2624100PE,0.1706105737704918
16-01-2026 13:45||NIFTY27JAN2624500PE,0.14431283783783785
16-01-2026 13:50||NIFTY27JAN2625900CE,0.0999828712871287
16-01-2026 13:50||NIFTY27JAN2626000CE,0.09952811764705881
16-01-2026 13:50||NIFTY27JAN2624700PE,0.13125495412844035
16-01-2026 13:55||NIFTY27JAN2625700CE,0.10072846774193546
16-01-2026 13:55||NIFTY27JAN2626100CE,0.09814757009345793
16-01-2026 13:55||NIFTY27JAN2623900PE,0.1847166972477064
16-01-2026 13:55||NIFTY27JAN2624200PE,0.1640197413793103
16-01-2026 13:55||NIFTY27JAN2624300PE,0.15649000000000002
16-01-2026 13:55||NIFTY27JAN2625000PE,0.11738705882352943
16-01-2026 14:00||NIFTY27JAN2626000CE,0.09881327102803736
16-01-2026 14:00||NIFTY27JAN2624500PE,0.14360211009174312
16-01-2026 14:00||NIFTY27JAN2624900PE,0.12131982300884954
16-01-2026 14:00||NIFTY27JAN2625000PE,0.11709507042253521
16-01-2026 14:00||NIFTY27JAN2625100PE,0.11181686046511627
16-01-2026 14:05||NIFTY27JAN2625500CE,0.10667797297297298
16-01-2026 14:05||NIFTY27JAN2625800CE,0.10056016129032258
16-01-2026 14:05||NIFTY27JAN2626100CE,0.09901416666666665
16-01-2026 14:05||NIFTY27JAN2624100PE,0.17104991935483865
16-01-2026 14:10||NIFTY27JAN2625500CE,0.10935796296296295
16-01-2026 14:10||NIFTY27JAN2626400CE,0.10733258620689656
16-01-2026 14:10||NIFTY27JAN2626500CE,0.1189048275862069
16-01-2026 14:10||NIFTY27JAN2624500PE,0.14355592592592592
16-01-2026 14:10||NIFTY27JAN2625100PE,0.11108280487804878
16-01-2026 14:15||NIFTY27JAN2625500CE,0.11176457627118641
16-01-2026 14:15||NIFTY27JAN2624300PE,0.15759211382113825
16-01-2026 14:15||NIFTY27JAN2624600PE,0.13746666666666665
16-01-2026 14:15||NIFTY27JAN2624900PE,0.1198634259259259
16-01-2026 14:20||NIFTY27JAN2626000CE,0.09894362903225808
16-01-2026 14:20||NIFTY27JAN2626300CE,0.10268651376146788
16-01-2026 14:20||NIFTY27JAN2624200PE,0.16521121951219514
16-01-2026 14:20||NIFTY27JAN2624800PE,0.1261377049180328
16-01-2026 14:20||NIFTY27JAN2625100PE,0.11039741935483868
16-01-2026 14:25||NIFTY27JAN2625500CE,0.10860807339449538
16-01-2026 14:25||NIFTY27JAN2626500CE,0.11711367924528303
16-01-2026 14:25||NIFTY27JAN2623900PE,0.1873485123966942
16-01-2026 14:25||NIFTY27JAN2624900PE,0.12028516483516481
16-01-2026 14:25||NIFTY27JAN2625100PE,0.11075573333333331
16-01-2026 14:30||NIFTY27JAN2626300CE,0.10163260273972603
16-01-2026 14:30||NIFTY27JAN2623800PE,0.18426499999999998
16-01-2026 14:30||NIFTY27JAN2624300PE,0.15859556451612902
16-01-2026 14:35||NIFTY27JAN2625300CE,0.11612196261682244
16-01-2026 14:35||NIFTY27JAN2625900CE,0.09860181818181818
16-01-2026 14:35||NIFTY27JAN2626100CE,0.09773017857142854
16-01-2026 14:35||NIFTY27JAN2626200CE,0.0992263551401869
16-01-2026 14:35||NIFTY27JAN2626300CE,0.10116629032258065
16-01-2026 14:35||NIFTY27JAN2626500CE,0.11259253968253966
16-01-2026 14:35||NIFTY27JAN2623800PE,0.19086075
16-01-2026 14:35||NIFTY27JAN2624800PE,0.12685106194690265
16-01-2026 14:35||NIFTY27JAN2624900PE,0.12003155172413789
16-01-2026 14:35||NIFTY27JAN2625000PE,0.11518166666666665
16-01-2026 14:40||NIFTY27JAN2625800CE,0.09888544715447156
16-01-2026 14:40||NIFTY27JAN2626500CE,0.11877666666666667
16-01-2026 14:40||NIFTY27JAN2624200PE,0.16515703703703702
16-01-2026 14:40||NIFTY27JAN2624600PE,0.13805524193548382
16-01-2026 14:40||NIFTY27JAN2624900PE,0.12064953488372093
16-01-2026 14:45||NIFTY27JAN2625300CE,0.11680402173913042
16-01-2026 14:45||NIFTY27JAN2625600CE,0.10403137614678899
16-01-2026 14:45||NIFTY27JAN2626300CE,0.1009120792079208
16-01-2026 14:45||NIFTY27JAN2626400CE,0.10582469565217391
16-01-2026 14:45||NIFTY27JAN2623900PE,0.1870127848101266
16-01-2026 14:45||NIFTY27JAN2624000PE,0.18075245283018868
16-01-2026 14:45||NIFTY27JAN2624100PE,0.17123493506493506
16-01-2026 14:45||NIFTY27JAN2625000PE,0.11591380952380952
16-01-2026 14:50||NIFTY27JAN2623900PE,0.18579093023255813
16-01-2026 14:50||NIFTY27JAN2624100PE,0.1723016
16-01-2026 14:50||NIFTY27JAN2624200PE,0.16428578947368422
16-01-2026 14:50||NIFTY27JAN2624300PE,0.15655566371681412
16-01-2026 14:50||NIFTY27JAN2624700PE,0.13169774193548384
16-01-2026 14:50||NIFTY27JAN2625100PE,0.11143801801801802
16-01-2026 14:55||NIFTY27JAN2625200CE,0.11880865384615383
16-01-2026 14:55||NIFTY27JAN2625300CE,0.11100040404040404
16-01-2026 14:55||NIFTY27JAN2625600CE,0.10357285714285716
16-01-2026 14:55||NIFTY27JAN2625700CE,0.10019287037037033
16-01-2026 14:55||NIFTY27JAN2625800CE,0.09818614035087718
16-01-2026 14:55||NIFTY27JAN2624200PE,0.1642427777777778
16-01-2026 14:55||NIFTY27JAN2624900PE,0.12062027397260273
16-01-2026 15:00||NIFTY27JAN2625500CE,0.105889918699187
16-01-2026 15:00||NIFTY27JAN2624000PE,0.17976073770491802
16-01-2026 15:00||NIFTY27JAN2624800PE,0.1269887878787879
16-01-2026 15:00||NIFTY27JAN2624900PE,0.12034217391304346
16-01-2026 15:05||NIFTY27JAN2626200CE,0.09802548387096771
16-01-2026 15:05||NIFTY27JAN2623900PE,0.18556313953488374
16-01-2026 15:05||NIFTY27JAN2624100PE,0.17090584070796458
16-01-2026 15:05||NIFTY27JAN2624200PE,0.16270546511627906
16-01-2026 15:05||NIFTY27JAN2624600PE,0.13764869918699188
16-01-2026 15:05||NIFTY27JAN2624900PE,0.12097847222222223
16-01-2026 15:10||NIFTY27JAN2625600CE,0.10328715447154471
16-01-2026 15:10||NIFTY27JAN2623900PE,0.1840876712328767
16-01-2026 15:10||NIFTY27JAN2624700PE,0.1322167088607595
16-01-2026 15:10||NIFTY27JAN2624800PE,0.1257222448979592
16-01-2026 15:10||NIFTY27JAN2625100PE,0.11140117117117114
16-01-2026 15:15||NIFTY27JAN2625300CE,0.1141155
16-01-2026 15:15||NIFTY27JAN2625500CE,0.10497523255813954
16-01-2026 15:15||NIFTY27JAN2626000CE,0.09716236842105264
16-01-2026 15:15||NIFTY27JAN2626100CE,0.09653050632911392
16-01-2026 15:15||NIFTY27JAN2626300CE,0.10114223140495868
16-01-2026 15:15||NIFTY27JAN2623800PE,0.1857084297520661
16-01-2026 15:15||NIFTY27JAN2624200PE,0.16328152777777777
16-01-2026 15:15||NIFTY27JAN2624400PE,0.1500186075949367
16-01-2026 15:15||NIFTY27JAN2624500PE,0.14288151785714284
16-01-2026 15:15||NIFTY27JAN2624700PE,0.13160986842105263
16-01-2026 15:15||NIFTY27JAN2624800PE,0.12564
16-01-2026 15:15||NIFTY27JAN2625000PE,0.11581932773109244
16-01-2026 15:20||NIFTY27JAN2625500CE,0.10559662162162162
16-01-2026 15:20||NIFTY27JAN2625900CE,0.09786886792452829
16-01-2026 15:20||NIFTY27JAN2626100CE,0.1005386046511628
16-01-2026 15:20||NIFTY27JAN2626400CE,0.10675093749999999
16-01-2026 15:20||NIFTY27JAN2626500CE,0.12412181818181818
16-01-2026 15:20||NIFTY27JAN2623900PE,0.18984244897959182
16-01-2026 15:20||NIFTY27JAN2624000PE,0.18107105263157894
16-01-2026 15:20||NIFTY27JAN2624200PE,0.1654748235294118
16-01-2026 15:20||NIFTY27JAN2624400PE,0.1511988095238095
16-01-2026 15:20||NIFTY27JAN2624600PE,0.13763406779661017
16-01-2026 15:20||NIFTY27JAN2624800PE,0.12647154929577462
16-01-2026 15:25||NIFTY27JAN2626400CE,0.11022448275862069
16-01-2026 15:25||NIFTY27JAN2626500CE,0.13783405063291138
19-01-2026 09:15||NIFTY27JAN2625400CE,0.10559956896551725
19-01-2026 09:15||NIFTY27JAN2625500CE,0.10357116279069767
19-01-2026 09:15||NIFTY27JAN2625900CE,0.1035143119266055
19-01-2026 09:15||NIFTY27JAN2626300CE,0.11092245614035087
19-01-2026 09:15||NIFTY27JAN2626400CE,0.13974999999999996
19-01-2026 09:15||NIFTY27JAN2624700PE,0.1357492561983471
19-01-2026 09:15||NIFTY27JAN2624900PE,0.12427204918032785
19-01-2026 09:20||NIFTY27JAN2625700CE,0.1106240909090909
19-01-2026 09:20||NIFTY27JAN2626100CE,0.1129246590909091
19-01-2026 09:20||NIFTY27JAN2626400CE,0.1310763157894737
19-01-2026 09:20||NIFTY27JAN2624600PE,0.14301729508196723
19-01-2026 09:25||NIFTY27JAN2625500CE,0.10916481927710843
19-01-2026 09:25||NIFTY27JAN2625600CE,0.11062260869565217
19-01-2026 09:25||NIFTY27JAN2625700CE,0.11229487179487177
19-01-2026 09:25||NIFTY27JAN2626100CE,0.11574148148148146
19-01-2026 09:25||NIFTY27JAN2626200CE,0.1187583673469388
19-01-2026 09:25||NIFTY27JAN2626400CE,0.13084169014084504
19-01-2026 09:25||NIFTY27JAN2624500PE,0.15200130841121495
19-01-2026 09:30||NIFTY27JAN2625400CE,0.10642368852459015
19-01-2026 09:30||NIFTY27JAN2625800CE,0.10576365853658534
19-01-2026 09:30||NIFTY27JAN2626500CE,0.133902
19-01-2026 09:30||NIFTY27JAN2623800PE,0.20653438596491225
19-01-2026 09:30||NIFTY27JAN2624000PE,0.19446866666666665
19-01-2026 09:30||NIFTY27JAN2624200PE,0.17886216494845364
19-01-2026 09:30||NIFTY27JAN2624300PE,0.1699481481481481
19-01-2026 09:30||NIFTY27JAN2624400PE,0.16121721649484538
19-01-2026 09:30||NIFTY27JAN2624800PE,0.13132921348314602
19-01-2026 09:35||NIFTY27JAN2625500CE,0.1147012
19-01-2026 09:35||NIFTY27JAN2625600CE,0.1124477
19-01-2026 09:35||NIFTY27JAN2626200CE,0.11978293103448275
19-01-2026 09:35||NIFTY27JAN2624500PE,0.15204830985915496
19-01-2026 09:35||NIFTY27JAN2624800PE,0.13105340909090907
19-01-2026 09:40||NIFTY27JAN2625700CE,0.1065380487804878
19-01-2026 09:40||NIFTY27JAN2626200CE,0.11938290322580647
19-01-2026 09:40||NIFTY27JAN2626300CE,0.12139910714285712
19-01-2026 09:40||NIFTY27JAN2626500CE,0.14000943925233644
19-01-2026 09:40||NIFTY27JAN2624100PE,0.18603539130434782
19-01-2026 09:40||NIFTY27JAN2624200PE,0.177689898989899
19-01-2026 09:40||NIFTY27JAN2624400PE,0.16237187499999997
19-01-2026 09:40||NIFTY27JAN2624500PE,0.15160246575342465
19-01-2026 09:40||NIFTY27JAN2624600PE,0.14345097345132743
19-01-2026 09:40||NIFTY27JAN2624900PE,0.12529861788617885
19-01-2026 09:45||NIFTY27JAN2626200CE,0.11654605263157897
19-01-2026 09:45||NIFTY27JAN2623900PE,0.20008567901234567
19-01-2026 09:45||NIFTY27JAN2624000PE,0.1933661403508772
19-01-2026 09:50||NIFTY27JAN2625300CE,0.10716586776859505
19-01-2026 09:50||NIFTY27JAN2625900CE,0.10641064220183485
19-01-2026 09:50||NIFTY27JAN2626200CE,0.11658567567567567
19-01-2026 09:50||NIFTY27JAN2623900PE,0.19891409090909093
19-01-2026 09:50||NIFTY27JAN2624700PE,0.13668345679012345
19-01-2026 09:50||NIFTY27JAN2624800PE,0.13033208695652174
19-01-2026 09:55||NIFTY27JAN2625400CE,0.10637634146341461
19-01-2026 09:55||NIFTY27JAN2625700CE,0.10496898876404494
19-01-2026 09:55||NIFTY27JAN2626400CE,0.12933564516129034
19-01-2026 09:55||NIFTY27JAN2624700PE,0.13570681818181818
19-01-2026 10:00||NIFTY27JAN2625700CE,0.10777977011494252
19-01-2026 10:00||NIFTY27JAN2625900CE,0.10827859813084113
19-01-2026 10:00||NIFTY27JAN2624400PE,0.1587247222222222
19-01-2026 10:00||NIFTY27JAN2625000PE,0.12000959016393441
19-01-2026 10:05||NIFTY27JAN2625200CE,0.11292374999999999
19-01-2026 10:05||NIFTY27JAN2625500CE,0.10834963302752292
19-01-2026 10:05||NIFTY27JAN2626100CE,0.1144723275862069
19-01-2026 10:05||NIFTY27JAN2626200CE,0.11948811881188119
19-01-2026 10:05||NIFTY27JAN2624500PE,0.14952819672131148
19-01-2026 10:05||NIFTY27JAN2624800PE,0.1296788073394495
19-01-2026 10:10||NIFTY27JAN2623800PE,0.1995388617886179
19-01-2026 10:10||NIFTY27JAN2624200PE,0.17517505747126433
19-01-2026 10:10||NIFTY27JAN2624400PE,0.15712915492957744
19-01-2026 10:10||NIFTY27JAN2625100PE,0.11458506493506494
19-01-2026 10:15||NIFTY27JAN2625500CE,0.10773972222222222
19-01-2026 10:15||NIFTY27JAN2625700CE,0.1067618032786885
19-01-2026 10:15||NIFTY27JAN2626200CE,0.11887916666666666
19-01-2026 10:15||NIFTY27JAN2626500CE,0.14262138888888887
19-01-2026 10:15||NIFTY27JAN2624200PE,0.17578
19-01-2026 10:15||NIFTY27JAN2624400PE,0.15811793103448277
19-01-2026 10:15||NIFTY27JAN2624700PE,0.1362366379310345
19-01-2026 10:15||NIFTY27JAN2624800PE,0.1303109900990099
19-01-2026 10:15||NIFTY27JAN2625100PE,0.11648883116883117
19-01-2026 10:20||NIFTY27JAN2625500CE,0.10588965909090907
19-01-2026 10:20||NIFTY27JAN2626300CE,0.12412467213114753
19-01-2026 10:20||NIFTY27JAN2623900PE,0.19900747663551394
19-01-2026 10:20||NIFTY27JAN2624100PE,0.18303611570247935
19-01-2026 10:25||NIFTY27JAN2625400CE,0.10784439024390244
19-01-2026 10:25||NIFTY27JAN2626100CE,0.11496869918699186
19-01-2026 10:25||NIFTY27JAN2626400CE,0.13066800000000003
19-01-2026 10:25||NIFTY27JAN2626500CE,0.1437085
19-01-2026 10:30||NIFTY27JAN2626200CE,0.11977114754098361
19-01-2026 10:30||NIFTY27JAN2623800PE,0.1950873846153846
19-01-2026 10:30||NIFTY27JAN2623900PE,0.1968256470588235
19-01-2026 10:30||NIFTY27JAN2624600PE,0.14332371681415929
19-01-2026 10:30||NIFTY27JAN2624700PE,0.13790472727272726
19-01-2026 10:30||NIFTY27JAN2624800PE,0.13107399999999997
19-01-2026 10:30||NIFTY27JAN2624900PE,0.12573330357142856
19-01-2026 10:35||NIFTY27JAN2625200CE,0.1143442857142857
19-01-2026 10:35||NIFTY27JAN2626300CE,0.12550674796747968
19-01-2026 10:35||NIFTY27JAN2623800PE,0.18945365384615384
19-01-2026 10:35||NIFTY27JAN2624700PE,0.13875965517241381
19-01-2026 10:35||NIFTY27JAN2624800PE,0.1304290789473684
19-01-2026 10:35||NIFTY27JAN2625000PE,0.12131983193277313
19-01-2026 10:40||NIFTY27JAN2625400CE,0.11044419354838708
19-01-2026 10:40||NIFTY27JAN2625700CE,0.10786284552845529
19-01-2026 10:40||NIFTY27JAN2623800PE,0.19476328125
19-01-2026 10:40||NIFTY27JAN2623900PE,0.19743142857142856
19-01-2026 10:40||NIFTY27JAN2624000PE,0.18999012658227848
19-01-2026 10:40||NIFTY27JAN2624700PE,0.13559026315789477
19-01-2026 10:45||NIFTY27JAN2625600CE,0.11075593495934961
19-01-2026 10:45||NIFTY27JAN2626200CE,0.12104955056179774
19-01-2026 10:45||NIFTY27JAN2624000PE,0.19172329545454547
19-01-2026 10:45||NIFTY27JAN2624700PE,0.13603148648648647
19-01-2026 10:50||NIFTY27JAN2625200CE,0.12194812499999998
19-01-2026 10:50||NIFTY27JAN2626200CE,0.12063393258426963
19-01-2026 10:50||NIFTY27JAN2625100PE,0.11605053571428571
19-01-2026 10:55||NIFTY27JAN2625400CE,0.1125088888888889
19-01-2026 10:55||NIFTY27JAN2625500CE,0.11144824561403509
19-01-2026 10:55||NIFTY27JAN2625900CE,0.10910860869565218
19-01-2026 10:55||NIFTY27JAN2626000CE,0.11245112068965517
19-01-2026 10:55||NIFTY27JAN2624100PE,0.1847401724137931
19-01-2026 10:55||NIFTY27JAN2624200PE,0.1752647524752475
19-01-2026 10:55||NIFTY27JAN2624500PE,0.14995999999999998
19-01-2026 11:00||NIFTY27JAN2625400CE,0.10822569767441861
19-01-2026 11:00||NIFTY27JAN2625600CE,0.11151605263157893
19-01-2026 11:00||NIFTY27JAN2625700CE,0.10716476635514019
19-01-2026 11:00||NIFTY27JAN2625800CE,0.10724724489795918
19-01-2026 11:00||NIFTY27JAN2626300CE,0.12270377049180328
19-01-2026 11:00||NIFTY27JAN2626500CE,0.13969521008403363
19-01-2026 11:00||NIFTY27JAN2623900PE,0.19980453488372094
19-01-2026 11:00||NIFTY27JAN2624400PE,0.15999811475409836
19-01-2026 11:05||NIFTY27JAN2625600CE,0.10615488636363635
19-01-2026 11:05||NIFTY27JAN2626100CE,0.11344620967741935
19-01-2026 11:05||NIFTY27JAN2623800PE,0.20110859649122811
19-01-2026 11:05||NIFTY27JAN2623900PE,0.19751765432098764
19-01-2026 11:05||NIFTY27JAN2624200PE,0.1773177777777777
19-01-2026 11:05||NIFTY27JAN2624500PE,0.15212225806451612
19-01-2026 11:05||NIFTY27JAN2625000PE,0.1219434426229508
19-01-2026 11:10||NIFTY27JAN2625800CE,0.10445917431192658
19-01-2026 11:10||NIFTY27JAN2624300PE,0.16898570093457943
19-01-2026 11:15||NIFTY27JAN2624400PE,0.16033963963963963
19-01-2026 11:15||NIFTY27JAN2624500PE,0.15164482142857144
19-01-2026 11:15||NIFTY27JAN2624600PE,0.14357771428571428
19-01-2026 11:15||NIFTY27JAN2624700PE,0.13729732142857143
19-01-2026 11:15||NIFTY27JAN2624900PE,0.12784942857142853
19-01-2026 11:15||NIFTY27JAN2625100PE,0.11751154545454542
19-01-2026 11:20||NIFTY27JAN2625400CE,0.10963038461538462
19-01-2026 11:20||NIFTY27JAN2625500CE,0.10883166666666667
19-01-2026 11:20||NIFTY27JAN2625600CE,0.10726698113207546
19-01-2026 11:20||NIFTY27JAN2625700CE,0.10642131313131313
19-01-2026 11:20||NIFTY27JAN2626200CE,0.11871586206896552
19-01-2026 11:20||NIFTY27JAN2626300CE,0.12404087719298243
19-01-2026 11:20||NIFTY27JAN2626500CE,0.13750141414141415
19-01-2026 11:20||NIFTY27JAN2623800PE,0.2033505172413793
19-01-2026 11:20||NIFTY27JAN2624200PE,0.17630551724137933
19-01-2026 11:20||NIFTY27JAN2624300PE,0.1669007142857143
19-01-2026 11:20||NIFTY27JAN2624500PE,0.1501498823529412
19-01-2026 11:20||NIFTY27JAN2624900PE,0.12617153846153847
19-01-2026 11:25||NIFTY27JAN2625300CE,0.11819150442477874
19-01-2026 11:25||NIFTY27JAN2625400CE,0.11363556962025317
19-01-2026 11:25||NIFTY27JAN2624900PE,0.12508447368421055
19-01-2026 11:30||NIFTY27JAN2625500CE,0.1139970754716981
19-01-2026 11:30||NIFTY27JAN2625700CE,0.10971566037735848
19-01-2026 11:30||NIFTY27JAN2626500CE,0.14657917808219176
19-01-2026 11:30||NIFTY27JAN2624100PE,0.18311522935779817
19-01-2026 11:30||NIFTY27JAN2624600PE,0.14291786516853933
19-01-2026 11:30||NIFTY27JAN2624900PE,0.12519
19-01-2026 11:30||NIFTY27JAN2625000PE,0.11976690265486725
19-01-2026 11:35||NIFTY27JAN2625800CE,0.1084194214876033
19-01-2026 11:35||NIFTY27JAN2626000CE,0.1120229166666667
19-01-2026 11:35||NIFTY27JAN2626200CE,0.11898142857142856
19-01-2026 11:35||NIFTY27JAN2626300CE,0.12379424528301886
19-01-2026 11:35||NIFTY27JAN2626400CE,0.13056790476190475
19-01-2026 11:35||NIFTY27JAN2626500CE,0.14353855263157894
19-01-2026 11:35||NIFTY27JAN2623900PE,0.19964429752066112
19-01-2026 11:35||NIFTY27JAN2624600PE,0.14322443181818179
19-01-2026 11:40||NIFTY27JAN2623800PE,0.20026401639344263
19-01-2026 11:40||NIFTY27JAN2624100PE,0.18497762376237623
19-01-2026 11:40||NIFTY27JAN2624200PE,0.17587274336283182
19-01-2026 11:40||NIFTY27JAN2624400PE,0.15979274336283183
19-01-2026 11:40||NIFTY27JAN2624500PE,0.1506613043478261
19-01-2026 11:40||NIFTY27JAN2625100PE,0.11559017857142855
19-01-2026 11:45||NIFTY27JAN2625400CE,0.11402830645161291
19-01-2026 11:45||NIFTY27JAN2624300PE,0.1683670093457944
19-01-2026 11:50||NIFTY27JAN2625200CE,0.11410982142857141
19-01-2026 11:50||NIFTY27JAN2626300CE,0.12265902439024388
19-01-2026 11:50||NIFTY27JAN2624600PE,0.14444367816091952
19-01-2026 11:55||NIFTY27JAN2625900CE,0.10681879032258064
19-01-2026 11:55||NIFTY27JAN2626200CE,0.11790364485981307
19-01-2026 11:55||NIFTY27JAN2623800PE,0.20029731707317078
19-01-2026 11:55||NIFTY27JAN2624300PE,0.16936814285714286
19-01-2026 11:55||NIFTY27JAN2624500PE,0.15339133333333332
19-01-2026 11:55||NIFTY27JAN2624600PE,0.14469549295774647
19-01-2026 11:55||NIFTY27JAN2624700PE,0.13719371794871793
19-01-2026 12:00||NIFTY27JAN2626100CE,0.11320310344827585
19-01-2026 12:00||NIFTY27JAN2626500CE,0.1427557471264368
19-01-2026 12:00||NIFTY27JAN2624200PE,0.1779722123893805
19-01-2026 12:00||NIFTY27JAN2624300PE,0.1694382857142857
19-01-2026 12:00||NIFTY27JAN2624400PE,0.16022499999999998
19-01-2026 12:00||NIFTY27JAN2624500PE,0.15060774999999998
19-01-2026 12:00||NIFTY27JAN2624700PE,0.137703488372093
19-01-2026 12:00||NIFTY27JAN2625000PE,0.12213795081967213
19-01-2026 12:05||NIFTY27JAN2625200CE,0.11806672727272728
19-01-2026 12:05||NIFTY27JAN2625400CE,0.11101798245614034
19-01-2026 12:05||NIFTY27JAN2625500CE,0.10872283185840705
19-01-2026 12:05||NIFTY27JAN2625700CE,0.10597479338842974
19-01-2026 12:05||NIFTY27JAN2626100CE,0.11419086419753083
19-01-2026 12:05||NIFTY27JAN2626200CE,0.11946938775510205
19-01-2026 12:05||NIFTY27JAN2626400CE,0.13003230769230767
19-01-2026 12:05||NIFTY27JAN2626500CE,0.14450064102564103
19-01-2026 12:05||NIFTY27JAN2623900PE,0.1997536111111111
19-01-2026 12:05||NIFTY27JAN2624400PE,0.1611879746835443
19-01-2026 12:05||NIFTY27JAN2624500PE,0.15087292307692307
19-01-2026 12:10||NIFTY27JAN2625600CE,0.10722204918032786
19-01-2026 12:10||NIFTY27JAN2626400CE,0.13024409090909092
19-01-2026 12:10||NIFTY27JAN2623900PE,0.19782277777777776
19-01-2026 12:15||NIFTY27JAN2623900PE,0.1992264788732394
19-01-2026 12:15||NIFTY27JAN2624100PE,0.18506075000000002
19-01-2026 12:15||NIFTY27JAN2624300PE,0.16923528925619835
19-01-2026 12:20||NIFTY27JAN2625300CE,0.11592647540983606
19-01-2026 12:20||NIFTY27JAN2626200CE,0.1183007258064516
19-01-2026 12:20||NIFTY27JAN2623800PE,0.19729344827586204
19-01-2026 12:20||NIFTY27JAN2624400PE,0.1606058536585366
19-01-2026 12:20||NIFTY27JAN2625100PE,0.11560008928571427
19-01-2026 12:25||NIFTY27JAN2625700CE,0.1041648387096774
19-01-2026 12:25||NIFTY27JAN2626500CE,0.136004875
19-01-2026 12:25||NIFTY27JAN2623800PE,0.20388151898734175
19-01-2026 12:30||NIFTY27JAN2625400CE,0.10916878048780489
19-01-2026 12:30||NIFTY27JAN2626500CE,0.14243232558139535
19-01-2026 12:30||NIFTY27JAN2623900PE,0.2002561157024793
19-01-2026 12:30||NIFTY27JAN2624300PE,0.16938208333333335
19-01-2026 12:30||NIFTY27JAN2624500PE,0.15161347107438014
19-01-2026 12:30||NIFTY27JAN2625000PE,0.12119655172413792
19-01-2026 12:35||NIFTY27JAN2625300CE,0.11365917355371902
19-01-2026 12:35||NIFTY27JAN2624100PE,0.1849110344827586
19-01-2026 12:35||NIFTY27JAN2624200PE,0.17656362831858405
19-01-2026 12:35||NIFTY27JAN2624400PE,0.15972433333333336
19-01-2026 12:35||NIFTY27JAN2624700PE,0.1370025
19-01-2026 12:35||NIFTY27JAN2625000PE,0.12056402298850573
19-01-2026 12:40||NIFTY27JAN2625700CE,0.10564715517241381
19-01-2026 12:40||NIFTY27JAN2625800CE,0.10603543103448276
19-01-2026 12:40||NIFTY27JAN2626400CE,0.1297512643678161
19-01-2026 12:40||NIFTY27JAN2623800PE,0.2004811214953271
19-01-2026 12:45||NIFTY27JAN2626000CE,0.11179349999999999
19-01-2026 12:45||NIFTY27JAN2626100CE,0.11519879310344829
19-01-2026 12:45||NIFTY27JAN2626400CE,0.1308738636363636
19-01-2026 12:50||NIFTY27JAN2625900CE,0.10763850467289719
19-01-2026 12:50||NIFTY27JAN2626500CE,0.1370951
19-01-2026 12:50||NIFTY27JAN2623800PE,0.20544459999999998
19-01-2026 12:50||NIFTY27JAN2624200PE,0.17776967213114755
19-01-2026 12:55||NIFTY27JAN2625700CE,0.1065089814814815
19-01-2026 12:55||NIFTY27JAN2626000CE,0.11028794392523364
19-01-2026 12:55||NIFTY27JAN2623900PE,0.20001764705882352
19-01-2026 12:55||NIFTY27JAN2624100PE,0.1863071186440678
19-01-2026 12:55||NIFTY27JAN2624300PE,0.1708342727272727
19-01-2026 12:55||NIFTY27JAN2624400PE,0.1596653424657534
19-01-2026 12:55||NIFTY27JAN2624500PE,0.15147414414414412
19-01-2026 12:55||NIFTY27JAN2624700PE,0.13670114942528735
19-01-2026 12:55||NIFTY27JAN2625100PE,0.1160082474226804
19-01-2026 13:00||NIFTY27JAN2625400CE,0.10911204918032785
19-01-2026 13:00||NIFTY27JAN2625600CE,0.10526825000000001
19-01-2026 13:00||NIFTY27JAN2625900CE,0.10538759259259257
19-01-2026 13:00||NIFTY27JAN2626200CE,0.11728174311926606
19-01-2026 13:00||NIFTY27JAN2626500CE,0.13963495327102804
19-01-2026 13:00||NIFTY27JAN2623900PE,0.2042728125
19-01-2026 13:00||NIFTY27JAN2624000PE,0.1955769298245614
19-01-2026 13:00||NIFTY27JAN2624400PE,0.16230069444444445
19-01-2026 13:00||NIFTY27JAN2624700PE,0.13891954545454543
19-01-2026 13:05||NIFTY27JAN2625700CE,0.1033237037037037
19-01-2026 13:05||NIFTY27JAN2624600PE,0.14625126436781608
19-01-2026 13:05||NIFTY27JAN2625100PE,0.11775907216494846
19-01-2026 13:10||NIFTY27JAN2626200CE,0.11683514851485148
19-01-2026 13:10||NIFTY27JAN2626300CE,0.1223883620689655
19-01-2026 13:10||NIFTY27JAN2623800PE,0.20392241379310344
19-01-2026 13:10||NIFTY27JAN2623900PE,0.20241910891089107
19-01-2026 13:10||NIFTY27JAN2624400PE,0.16355511904761902
19-01-2026 13:10||NIFTY27JAN2624500PE,0.1535329906542056
19-01-2026 13:10||NIFTY27JAN2624600PE,0.14424974683544303
19-01-2026 13:15||NIFTY27JAN2625800CE,0.10356967741935483
19-01-2026 13:20||NIFTY27JAN2625200CE,0.11643394495412841
19-01-2026 13:20||NIFTY27JAN2625400CE,0.11050139534883721
19-01-2026 13:20||NIFTY27JAN2624400PE,0.16143431192660546
19-01-2026 13:20||NIFTY27JAN2624800PE,0.13223631578947367
19-01-2026 13:20||NIFTY27JAN2624900PE,0.12557565217391306
19-01-2026 13:20||NIFTY27JAN2625000PE,0.11995389610389612
19-01-2026 13:25||NIFTY27JAN2625300CE,0.11485196428571426
19-01-2026 13:25||NIFTY27JAN2625400CE,0.11228790123456789
19-01-2026 13:25||NIFTY27JAN2625900CE,0.10622813008130082
19-01-2026 13:25||NIFTY27JAN2626200CE,0.11753757009345793
19-01-2026 13:25||NIFTY27JAN2626500CE,0.14178655172413793
19-01-2026 13:25||NIFTY27JAN2623900PE,0.2041489344262295
19-01-2026 13:25||NIFTY27JAN2625000PE,0.12045059523809526
19-01-2026 13:30||NIFTY27JAN2625800CE,0.10440694444444441
19-01-2026 13:30||NIFTY27JAN2626100CE,0.11190375000000001
19-01-2026 13:30||NIFTY27JAN2626300CE,0.12166837606837604
19-01-2026 13:30||NIFTY27JAN2626500CE,0.14294058139534882
19-01-2026 13:30||NIFTY27JAN2624300PE,0.17210113821138212
19-01-2026 13:30||NIFTY27JAN2624900PE,0.12651732394366194
19-01-2026 13:30||NIFTY27JAN2625100PE,0.11659706422018348
19-01-2026 13:35||NIFTY27JAN2626200CE,0.1163790476190476
19-01-2026 13:35||NIFTY27JAN2626400CE,0.12821300000000002
19-01-2026 13:35||NIFTY27JAN2624400PE,0.16241138211382117
19-01-2026 13:35||NIFTY27JAN2624900PE,0.12656670454545452
19-01-2026 13:40||NIFTY27JAN2625300CE,0.12136631578947367
19-01-2026 13:40||NIFTY27JAN2625400CE,0.11573102040816328
19-01-2026 13:40||NIFTY27JAN2625600CE,0.10857806722689076
19-01-2026 13:40||NIFTY27JAN2625800CE,0.10627848484848484
19-01-2026 13:40||NIFTY27JAN2625900CE,0.10713258620689654
19-01-2026 13:40||NIFTY27JAN2624800PE,0.13205426229508196
19-01-2026 13:45||NIFTY27JAN2625500CE,0.10931123966942148
19-01-2026 13:45||NIFTY27JAN2626500CE,0.13746040322580644
19-01-2026 13:45||NIFTY27JAN2624300PE,0.17323455284552844
19-01-2026 13:45||NIFTY27JAN2624700PE,0.1399317886178862
19-01-2026 13:45||NIFTY27JAN2625100PE,0.11776701298701298
19-01-2026 13:50||NIFTY27JAN2625400CE,0.11756648148148145
19-01-2026 13:50||NIFTY27JAN2625700CE,0.10869206896551724
19-01-2026 13:50||NIFTY27JAN2626200CE,0.1160529213483146
19-01-2026 13:50||NIFTY27JAN2623900PE,0.2046067741935484
19-01-2026 13:50||NIFTY27JAN2624200PE,0.18225357723577235
19-01-2026 13:50||NIFTY27JAN2625100PE,0.11805012987012986
19-01-2026 13:55||NIFTY27JAN2625600CE,0.10973716814159289
19-01-2026 13:55||NIFTY27JAN2625700CE,0.10768942857142856
19-01-2026 13:55||NIFTY27JAN2625800CE,0.10545115942028982
19-01-2026 13:55||NIFTY27JAN2625900CE,0.10538807692307692
19-01-2026 13:55||NIFTY27JAN2626200CE,0.11282659090909089
19-01-2026 13:55||NIFTY27JAN2624500PE,0.15738459999999999
19-01-2026 13:55||NIFTY27JAN2624600PE,0.14770790123456787
19-01-2026 14:00||NIFTY27JAN2625300CE,0.11235801652892562
19-01-2026 14:00||NIFTY27JAN2625800CE,0.10187645569620253
19-01-2026 14:00||NIFTY27JAN2625900CE,0.10172217948717949
19-01-2026 14:00||NIFTY27JAN2626100CE,0.10708471698113206
19-01-2026 14:00||NIFTY27JAN2624100PE,0.19378121951219512
19-01-2026 14:00||NIFTY27JAN2624600PE,0.15089965517241377
19-01-2026 14:05||NIFTY27JAN2625400CE,0.11083471544715448
19-01-2026 14:05||NIFTY27JAN2626500CE,0.1283946551724138
19-01-2026 14:05||NIFTY27JAN2623800PE,0.21362782178217823
19-01-2026 14:05||NIFTY27JAN2624200PE,0.1866281481481481
19-01-2026 14:05||NIFTY27JAN2624500PE,0.15942543859649122
19-01-2026 14:05||NIFTY27JAN2625000PE,0.12380157024793387
19-01-2026 14:10||NIFTY27JAN2625200CE,0.12379258928571427
19-01-2026 14:10||NIFTY27JAN2626100CE,0.10620623853211007
19-01-2026 14:10||NIFTY27JAN2624400PE,0.16912342105263156
19-01-2026 14:10||NIFTY27JAN2624500PE,0.15722741935483875
19-01-2026 14:10||NIFTY27JAN2625100PE,0.11917434210526315
19-01-2026 14:15||NIFTY27JAN2626400CE,0.11861909836065573
19-01-2026 14:15||NIFTY27JAN2623800PE,0.20935542056074763
19-01-2026 14:15||NIFTY27JAN2624100PE,0.19487208695652175
19-01-2026 14:15||NIFTY27JAN2624200PE,0.18587106060606057
19-01-2026 14:15||NIFTY27JAN2624500PE,0.15916777777777777
19-01-2026 14:15||NIFTY27JAN2624700PE,0.14364245614035084
19-01-2026 14:15||NIFTY27JAN2624800PE,0.13649999999999998
19-01-2026 14:15||NIFTY27JAN2625100PE,0.11928951612903227
19-01-2026 14:20||NIFTY27JAN2625800CE,0.10206575000000001
19-01-2026 14:20||NIFTY27JAN2626000CE,0.1048689534883721
19-01-2026 14:20||NIFTY27JAN2624200PE,0.18599454545454544
19-01-2026 14:20||NIFTY27JAN2624500PE,0.15903959459459463
19-01-2026 14:25||NIFTY27JAN2625700CE,0.10310826446280993
19-01-2026 14:25||NIFTY27JAN2625900CE,0.10194348214285713
19-01-2026 14:25||NIFTY27JAN2626000CE,0.10412567901234568
19-01-2026 14:25||NIFTY27JAN2626500CE,0.1337299193548387
19-01-2026 14:25||NIFTY27JAN2624000PE,0.2022339837398374
19-01-2026 14:25||NIFTY27JAN2625100PE,0.11885302083333332
19-01-2026 14:30||NIFTY27JAN2624100PE,0.1930580991735537
19-01-2026 14:30||NIFTY27JAN2624300PE,0.17640611111111112
19-01-2026 14:30||NIFTY27JAN2624700PE,0.14344089108910887
19-01-2026 14:30||NIFTY27JAN2624800PE,0.1363228947368421
19-01-2026 14:30||NIFTY27JAN2625000PE,0.12465654761904761
19-01-2026 14:35||NIFTY27JAN2625800CE,0.10066009174311925
19-01-2026 14:35||NIFTY27JAN2626100CE,0.10446213114754098
19-01-2026 14:35||NIFTY27JAN2626300CE,0.11286061403508768
19-01-2026 14:35||NIFTY27JAN2626400CE,0.11859210526315787
19-01-2026 14:35||NIFTY27JAN2623800PE,0.20935016393442624
19-01-2026 14:35||NIFTY27JAN2624300PE,0.17663481481481477
19-01-2026 14:35||NIFTY27JAN2625000PE,0.12493689655172412
19-01-2026 14:40||NIFTY27JAN2625200CE,0.11548660714285712
19-01-2026 14:40||NIFTY27JAN2624000PE,0.20213598130841123
19-01-2026 14:40||NIFTY27JAN2624300PE,0.17798534246575343
19-01-2026 14:40||NIFTY27JAN2624700PE,0.14359065420560746
19-01-2026 14:45||NIFTY27JAN2625800CE,0.09996301886792454
19-01-2026 14:45||NIFTY27JAN2626000CE,0.10250121495327102
19-01-2026 14:45||NIFTY27JAN2623900PE,0.2092756666666667
19-01-2026 14:45||NIFTY27JAN2624100PE,0.19381529411764706
19-01-2026 14:45||NIFTY27JAN2624400PE,0.16932123809523808
19-01-2026 14:45||NIFTY27JAN2624600PE,0.15233110169491526
19-01-2026 14:45||NIFTY27JAN2624800PE,0.13744322314049587
19-01-2026 14:50||NIFTY27JAN2625700CE,0.09927869918699186
19-01-2026 14:50||NIFTY27JAN2624000PE,0.20522723809523807
19-01-2026 14:50||NIFTY27JAN2624200PE,0.18737735537190084
19-01-2026 14:50||NIFTY27JAN2624500PE,0.16146776859504128
19-01-2026 14:50||NIFTY27JAN2625100PE,0.12087517857142857
19-01-2026 14:55||NIFTY27JAN2625300CE,0.09878789473684209
19-01-2026 14:55||NIFTY27JAN2625400CE,0.09979181034482759
19-01-2026 14:55||NIFTY27JAN2626000CE,0.10102549019607841
19-01-2026 14:55||NIFTY27JAN2626100CE,0.10188921739130435
19-01-2026 14:55||NIFTY27JAN2623800PE,0.20997927419354837
19-01-2026 14:55||NIFTY27JAN2624400PE,0.17082570093457944
19-01-2026 15:00||NIFTY27JAN2625600CE,0.09724512195121951
19-01-2026 15:00||NIFTY27JAN2626000CE,0.09879301886792452
19-01-2026 15:00||NIFTY27JAN2626300CE,0.11061146341463415
19-01-2026 15:00||NIFTY27JAN2624300PE,0.17877055555555554
19-01-2026 15:00||NIFTY27JAN2625000PE,0.12686245901639345
19-01-2026 15:05||NIFTY27JAN2625700CE,0.09457934426229507
19-01-2026 15:05||NIFTY27JAN2626000CE,0.09854643835616438
19-01-2026 15:05||NIFTY27JAN2626400CE,0.11777154471544715
19-01-2026 15:05||NIFTY27JAN2623900PE,0.2094931451612903
19-01-2026 15:10||NIFTY27JAN2625800CE,0.09397907407407408
19-01-2026 15:10||NIFTY27JAN2626100CE,0.10108434426229508
19-01-2026 15:10||NIFTY27JAN2624100PE,0.19338710743801651
19-01-2026 15:10||NIFTY27JAN2624300PE,0.17581295238095238
19-01-2026 15:10||NIFTY27JAN2624800PE,0.1386570731707317
19-01-2026 15:15||NIFTY27JAN2625300CE,0.09717805309734512
19-01-2026 15:15||NIFTY27JAN2625400CE,0.09762482758620689
19-01-2026 15:15||NIFTY27JAN2626200CE,0.10698918699186992
19-01-2026 15:15||NIFTY27JAN2624200PE,0.18389991666666666
19-01-2026 15:15||NIFTY27JAN2624400PE,0.16803905263157892
19-01-2026 15:15||NIFTY27JAN2624500PE,0.15983154929577464
19-01-2026 15:15||NIFTY27JAN2624600PE,0.15042419047619046
19-01-2026 15:15||NIFTY27JAN2624700PE,0.14288693877551023
19-01-2026 15:20||NIFTY27JAN2625200CE,0.09019760416666667
19-01-2026 15:20||NIFTY27JAN2625800CE,0.09546675675675677
19-01-2026 15:20||NIFTY27JAN2626400CE,0.1198901
19-01-2026 15:20||NIFTY27JAN2626500CE,0.13592336206896552
19-01-2026 15:20||NIFTY27JAN2624500PE,0.15805337209302325
19-01-2026 15:25||NIFTY27JAN2625800CE,0.09789702702702703
19-01-2026 15:25||NIFTY27JAN2626300CE,0.11374718309859157
19-01-2026 15:25||NIFTY27JAN2624300PE,0.17520886956521742
19-01-2026 15:25||NIFTY27JAN2624400PE,0.16487784615384612
19-01-2026 15:25||NIFTY27JAN2624700PE,0.14308666666666667
20-01-2026 09:15||NIFTY27JAN2625200CE,0.09982499999999998
20-01-2026 09:15||NIFTY27JAN2625500CE,0.09954522727272726
20-01-2026 09:15||NIFTY27JAN2626200CE,0.11087330357142855
20-01-2026 09:15||NIFTY27JAN2626300CE,0.11987973684210529
20-01-2026 09:15||NIFTY27JAN2626400CE,0.12736593749999997
20-01-2026 09:15||NIFTY27JAN2623900PE,0.20628525773195877
20-01-2026 09:15||NIFTY27JAN2624000PE,0.19831493150684934
20-01-2026 09:15||NIFTY27JAN2624100PE,0.18818761061946898
20-01-2026 09:15||NIFTY27JAN2624400PE,0.16590802325581397
20-01-2026 09:15||NIFTY27JAN2624600PE,0.15038733333333332
20-01-2026 09:20||NIFTY27JAN2625200CE,0.10441533333333332
20-01-2026 09:20||NIFTY27JAN2625400CE,0.10360192307692306
20-01-2026 09:20||NIFTY27JAN2625500CE,0.10176474999999997
20-01-2026 09:20||NIFTY27JAN2625800CE,0.10190706422018346
20-01-2026 09:20||NIFTY27JAN2626300CE,0.12300236363636363
20-01-2026 09:20||NIFTY27JAN2626500CE,0.13843778761061945
20-01-2026 09:20||NIFTY27JAN2623800PE,0.21048339285714285
20-01-2026 09:20||NIFTY27JAN2624000PE,0.19534249999999997
20-01-2026 09:20||NIFTY27JAN2624700PE,0.14247768518518517
20-01-2026 09:25||NIFTY27JAN2625400CE,0.10867
20-01-2026 09:25||NIFTY27JAN2623900PE,0.20276513888888886
20-01-2026 09:25||NIFTY27JAN2625000PE,0.12592377049180328
20-01-2026 09:30||NIFTY27JAN2625700CE,0.10400977272727271
20-01-2026 09:30||NIFTY27JAN2626100CE,0.11421452830188678
20-01-2026 09:30||NIFTY27JAN2626300CE,0.1287732075471698
20-01-2026 09:30||NIFTY27JAN2623900PE,0.2025904494382022
20-01-2026 09:30||NIFTY27JAN2624400PE,0.16203471544715448
20-01-2026 09:30||NIFTY27JAN2624800PE,0.1348504838709677
20-01-2026 09:35||NIFTY27JAN2625200CE,0.11771223214285714
20-01-2026 09:35||NIFTY27JAN2625700CE,0.10854543209876541
20-01-2026 09:35||NIFTY27JAN2625800CE,0.10825807017543862
20-01-2026 09:35||NIFTY27JAN2626200CE,0.12202169014084507
20-01-2026 09:35||NIFTY27JAN2624500PE,0.15289357723577238
20-01-2026 09:40||NIFTY27JAN2625900CE,0.11067983471074379
20-01-2026 09:40||NIFTY27JAN2626100CE,0.11904412371134021
20-01-2026 09:40||NIFTY27JAN2626200CE,0.12513790697674418
20-01-2026 09:40||NIFTY27JAN2626400CE,0.13837067226890756
20-01-2026 09:40||NIFTY27JAN2623800PE,0.2081282786885246
20-01-2026 09:40||NIFTY27JAN2624100PE,0.1867673394495413
20-01-2026 09:40||NIFTY27JAN2625000PE,0.12409311475409836
20-01-2026 09:45||NIFTY27JAN2625500CE,0.1101641935483871
20-01-2026 09:45||NIFTY27JAN2626200CE,0.1254483076923077
20-01-2026 09:45||NIFTY27JAN2626300CE,0.13287999999999997
20-01-2026 09:45||NIFTY27JAN2624800PE,0.13281516853932582
20-01-2026 09:50||NIFTY27JAN2625200CE,0.11852556701030927
20-01-2026 09:50||NIFTY27JAN2624100PE,0.18823108108108105
20-01-2026 09:50||NIFTY27JAN2624800PE,0.13301404494382024
20-01-2026 09:50||NIFTY27JAN2625100PE,0.1195498198198198
20-01-2026 09:55||NIFTY27JAN2623900PE,0.20457436781609192
20-01-2026 09:55||NIFTY27JAN2624100PE,0.18665402298850572
20-01-2026 09:55||NIFTY27JAN2625000PE,0.1241596694214876
20-01-2026 10:00||NIFTY27JAN2625200CE,0.12003231578947368
20-01-2026 10:00||NIFTY27JAN2625400CE,0.1137333606557377
20-01-2026 10:00||NIFTY27JAN2625700CE,0.10980580645161289
20-01-2026 10:00||NIFTY27JAN2626000CE,0.11601380165289255
20-01-2026 10:00||NIFTY27JAN2626200CE,0.1259668604651163
20-01-2026 10:00||NIFTY27JAN2623900PE,0.20334876404494379
20-01-2026 10:00||NIFTY27JAN2624600PE,0.14524
20-01-2026 10:00||NIFTY27JAN2624700PE,0.13739620689655174
20-01-2026 10:05||NIFTY27JAN2626100CE,0.11913535087719299
20-01-2026 10:05||NIFTY27JAN2626200CE,0.12492753086419751
20-01-2026 10:05||NIFTY27JAN2626500CE,0.1543776404494382
20-01-2026 10:10||NIFTY27JAN2626500CE,0.1530305617977528
20-01-2026 10:10||NIFTY27JAN2624900PE,0.1266329508196721
20-01-2026 10:10||NIFTY27JAN2625100PE,0.11775681818181817
20-01-2026 10:15||NIFTY27JAN2625800CE,0.10801453703703702
20-01-2026 10:15||NIFTY27JAN2626300CE,0.12919951612903224
20-01-2026 10:15||NIFTY27JAN2624000PE,0.19640065040650406
20-01-2026 10:20||NIFTY27JAN2625700CE,0.10724850467289719
20-01-2026 10:20||NIFTY27JAN2626000CE,0.11332233870967742
20-01-2026 10:20||NIFTY27JAN2624100PE,0.18761357723577235
20-01-2026 10:25||NIFTY27JAN2625800CE,0.10703236111111111
20-01-2026 10:25||NIFTY27JAN2626200CE,0.12188147540983608
20-01-2026 10:25||NIFTY27JAN2626400CE,0.1343605833333333
20-01-2026 10:25||NIFTY27JAN2623800PE,0.2070500826446281
20-01-2026 10:25||NIFTY27JAN2624700PE,0.13859166666666664
20-01-2026 10:25||NIFTY27JAN2625000PE,0.12289950819672132
20-01-2026 10:30||NIFTY27JAN2625500CE,0.1093989256198347
20-01-2026 10:30||NIFTY27JAN2625700CE,0.10712244897959183
20-01-2026 10:30||NIFTY27JAN2625800CE,0.10935969230769231
20-01-2026 10:30||NIFTY27JAN2623900PE,0.20447017391304345
20-01-2026 10:30||NIFTY27JAN2624000PE,0.1958007920792079
20-01-2026 10:30||NIFTY27JAN2624300PE,0.1707914864864865
20-01-2026 10:30||NIFTY27JAN2624600PE,0.1454166393442623
20-01-2026 10:35||NIFTY27JAN2625200CE,0.11072263636363636
20-01-2026 10:35||NIFTY27JAN2625400CE,0.11001371900826448
20-01-2026 10:35||NIFTY27JAN2625900CE,0.10880632075471697
20-01-2026 10:35||NIFTY27JAN2624300PE,0.17002407407407405
20-01-2026 10:35||NIFTY27JAN2624700PE,0.1382949074074074
20-01-2026 10:40||NIFTY27JAN2625800CE,0.1075730476190476
20-01-2026 10:40||NIFTY27JAN2626000CE,0.11288091666666666
20-01-2026 10:40||NIFTY27JAN2624000PE,0.19693596330275226
20-01-2026 10:40||NIFTY27JAN2624300PE,0.17049459459459462
20-01-2026 10:45||NIFTY27JAN2625900CE,0.10751510869565217
20-01-2026 10:45||NIFTY27JAN2626200CE,0.12046034482758619
20-01-2026 10:45||NIFTY27JAN2626400CE,0.13396093457943925
20-01-2026 10:45||NIFTY27JAN2624900PE,0.12695314516129036
20-01-2026 10:50||NIFTY27JAN2625300CE,0.10918999999999997
20-01-2026 10:50||NIFTY27JAN2626200CE,0.12124089887640449
20-01-2026 10:50||NIFTY27JAN2623800PE,0.206293119266055
20-01-2026 10:50||NIFTY27JAN2624100PE,0.188379837398374
20-01-2026 10:55||NIFTY27JAN2625300CE,0.10988454545454544
20-01-2026 10:55||NIFTY27JAN2625400CE,0.10688515151515153
20-01-2026 10:55||NIFTY27JAN2625900CE,0.10842495412844037
20-01-2026 10:55||NIFTY27JAN2626400CE,0.13548440366972478
20-01-2026 10:55||NIFTY27JAN2624200PE,0.17918959349593497
20-01-2026 10:55||NIFTY27JAN2624500PE,0.1538615306122449
20-01-2026 10:55||NIFTY27JAN2624600PE,0.14454311320754715
20-01-2026 10:55||NIFTY27JAN2624700PE,0.1374632075471698
20-01-2026 10:55||NIFTY27JAN2624800PE,0.1315
20-01-2026 11:00||NIFTY27JAN2625300CE,0.10909385714285715
20-01-2026 11:00||NIFTY27JAN2623800PE,0.20113236111111107
20-01-2026 11:00||NIFTY27JAN2624000PE,0.1964190163934426
20-01-2026 11:00||NIFTY27JAN2624400PE,0.1609732183908046
20-01-2026 11:05||NIFTY27JAN2625400CE,0.10848259999999998
20-01-2026 11:05||NIFTY27JAN2625500CE,0.10671139130434784
20-01-2026 11:05||NIFTY27JAN2625800CE,0.10677596774193547
20-01-2026 11:05||NIFTY27JAN2626300CE,0.12928717741935483
20-01-2026 11:05||NIFTY27JAN2623800PE,0.2002764864864865
20-01-2026 11:05||NIFTY27JAN2624400PE,0.160125375
20-01-2026 11:05||NIFTY27JAN2624500PE,0.1502393846153846
20-01-2026 11:10||NIFTY27JAN2625200CE,0.11417135135135134
20-01-2026 11:10||NIFTY27JAN2625600CE,0.10598181818181816
20-01-2026 11:10||NIFTY27JAN2624500PE,0.15008369863013699
20-01-2026 11:10||NIFTY27JAN2624900PE,0.12483105691056912
20-01-2026 11:15||NIFTY27JAN2625300CE,0.11240660377358491
20-01-2026 11:15||NIFTY27JAN2625600CE,0.10789215909090909
20-01-2026 11:15||NIFTY27JAN2623800PE,0.20337981651376147
20-01-2026 11:15||NIFTY27JAN2624300PE,0.16712
20-01-2026 11:15||NIFTY27JAN2624700PE,0.13507870967741933
20-01-2026 11:15||NIFTY27JAN2625000PE,0.11966876033057851
20-01-2026 11:20||NIFTY27JAN2625700CE,0.10705
20-01-2026 11:20||NIFTY27JAN2626200CE,0.12407560975609755
20-01-2026 11:20||NIFTY27JAN2624500PE,0.14918981651376145
20-01-2026 11:25||NIFTY27JAN2625200CE,0.11651246376811591
20-01-2026 11:25||NIFTY27JAN2625300CE,0.11307469387755102
20-01-2026 11:25||NIFTY27JAN2625700CE,0.1076988679245283
20-01-2026 11:25||NIFTY27JAN2626100CE,0.11794959016393443
20-01-2026 11:25||NIFTY27JAN2624000PE,0.1940491056910569
20-01-2026 11:25||NIFTY27JAN2624300PE,0.1667881481481481
20-01-2026 11:25||NIFTY27JAN2624900PE,0.12303044943820224
20-01-2026 11:30||NIFTY27JAN2625200CE,0.11526157894736841
20-01-2026 11:30||NIFTY27JAN2625700CE,0.10555439393939393
20-01-2026 11:30||NIFTY27JAN2625800CE,0.10749892857142856
20-01-2026 11:30||NIFTY27JAN2626000CE,0.11361125
20-01-2026 11:30||NIFTY27JAN2623900PE,0.2018530327868852
20-01-2026 11:30||NIFTY27JAN2624200PE,0.17595626016260163
20-01-2026 11:30||NIFTY27JAN2624900PE,0.12348258426966292
20-01-2026 11:35||NIFTY27JAN2625900CE,0.10910794392523362
20-01-2026 11:35||NIFTY27JAN2626300CE,0.12887975409836067
20-01-2026 11:35||NIFTY27JAN2626500CE,0.14484053097345131
20-01-2026 11:35||NIFTY27JAN2623800PE,0.20735774999999995
20-01-2026 11:40||NIFTY27JAN2625300CE,0.11375598360655736
20-01-2026 11:40||NIFTY27JAN2623800PE,0.20263988235294114
20-01-2026 11:40||NIFTY27JAN2624000PE,0.19538070796460172
20-01-2026 11:40||NIFTY27JAN2624100PE,0.18534293103448277
20-01-2026 11:40||NIFTY27JAN2624700PE,0.13522009900990098
20-01-2026 11:40||NIFTY27JAN2624800PE,0.12807793103448278
20-01-2026 11:40||NIFTY27JAN2625100PE,0.1141810714285714
20-01-2026 11:45||NIFTY27JAN2625600CE,0.10573305785123968
20-01-2026 11:45||NIFTY27JAN2625800CE,0.10573677083333334
20-01-2026 11:45||NIFTY27JAN2625900CE,0.10805358974358974
20-01-2026 11:45||NIFTY27JAN2626000CE,0.1121717543859649
20-01-2026 11:45||NIFTY27JAN2623900PE,0.20205990654205608
20-01-2026 11:45||NIFTY27JAN2624500PE,0.1503091869918699
20-01-2026 11:50||NIFTY27JAN2625400CE,0.10771290322580646
20-01-2026 11:50||NIFTY27JAN2625700CE,0.10345322314049586
20-01-2026 11:50||NIFTY27JAN2626300CE,0.1283799193548387
20-01-2026 11:50||NIFTY27JAN2624200PE,0.1773317073170732
20-01-2026 11:50||NIFTY27JAN2624600PE,0.1427998
20-01-2026 11:50||NIFTY27JAN2624700PE,0.13492392857142857
20-01-2026 11:50||NIFTY27JAN2624900PE,0.12282557377049179
20-01-2026 11:55||NIFTY27JAN2625800CE,0.10425387755102042
20-01-2026 11:55||NIFTY27JAN2625900CE,0.10721076923076923
20-01-2026 11:55||NIFTY27JAN2623800PE,0.20213063291139236
20-01-2026 11:55||NIFTY27JAN2623900PE,0.2028394444444444
20-01-2026 11:55||NIFTY27JAN2624000PE,0.19539150943396225
20-01-2026 11:55||NIFTY27JAN2624100PE,0.1857047787610619
20-01-2026 12:00||NIFTY27JAN2625800CE,0.104494
20-01-2026 12:00||NIFTY27JAN2625900CE,0.10736329113924048
20-01-2026 12:00||NIFTY27JAN2623800PE,0.20234693181818184
20-01-2026 12:00||NIFTY27JAN2624400PE,0.1597531967213115
20-01-2026 12:00||NIFTY27JAN2624600PE,0.14374698795180724
20-01-2026 12:00||NIFTY27JAN2624700PE,0.13571666666666668
20-01-2026 12:05||NIFTY27JAN2625800CE,0.10542972602739727
20-01-2026 12:05||NIFTY27JAN2624700PE,0.13644857142857142
20-01-2026 12:05||NIFTY27JAN2624900PE,0.12416174418604652
20-01-2026 12:10||NIFTY27JAN2624200PE,0.1763368292682927
20-01-2026 12:10||NIFTY27JAN2624500PE,0.15165696202531645
20-01-2026 12:10||NIFTY27JAN2624600PE,0.14219235955056178
20-01-2026 12:10||NIFTY27JAN2624700PE,0.13474222222222218
20-01-2026 12:10||NIFTY27JAN2624800PE,0.12896192307692309
20-01-2026 12:10||NIFTY27JAN2624900PE,0.12253012820512821
20-01-2026 12:15||NIFTY27JAN2625400CE,0.1057920325203252
20-01-2026 12:15||NIFTY27JAN2626400CE,0.14077653225806452
20-01-2026 12:15||NIFTY27JAN2624300PE,0.16650735537190084
20-01-2026 12:15||NIFTY27JAN2624500PE,0.14894081395348838
20-01-2026 12:15||NIFTY27JAN2625000PE,0.11886030612244901
20-01-2026 12:15||NIFTY27JAN2625100PE,0.11458460674157302
20-01-2026 12:20||NIFTY27JAN2625200CE,0.11263721153846153
20-01-2026 12:20||NIFTY27JAN2625300CE,0.11008030612244896
20-01-2026 12:20||NIFTY27JAN2625700CE,0.10396658227848102
20-01-2026 12:20||NIFTY27JAN2625800CE,0.10671691588785047
20-01-2026 12:20||NIFTY27JAN2625900CE,0.10988274336283184
20-01-2026 12:20||NIFTY27JAN2623900PE,0.20216530612244896
20-01-2026 12:20||NIFTY27JAN2624000PE,0.19408731481481478
20-01-2026 12:20||NIFTY27JAN2624100PE,0.1834164912280702
20-01-2026 12:25||NIFTY27JAN2625700CE,0.1050827397260274
20-01-2026 12:25||NIFTY27JAN2626000CE,0.11424159090909092
20-01-2026 12:25||NIFTY27JAN2623800PE,0.20073611111111112
20-01-2026 12:25||NIFTY27JAN2625000PE,0.11878936170212763
20-01-2026 12:25||NIFTY27JAN2625100PE,0.11407962264150942
20-01-2026 12:30||NIFTY27JAN2625300CE,0.11156820754716981
20-01-2026 12:30||NIFTY27JAN2626000CE,0.11473550561797753
20-01-2026 12:30||NIFTY27JAN2623800PE,0.18641419354838712
20-01-2026 12:30||NIFTY27JAN2623900PE,0.1992618181818182
20-01-2026 12:30||NIFTY27JAN2624900PE,0.12192464285714286
20-01-2026 12:30||NIFTY27JAN2625000PE,0.11888685714285714
20-01-2026 12:30||NIFTY27JAN2625100PE,0.11365769230769229
20-01-2026 12:35||NIFTY27JAN2625200CE,0.11138846846846845
20-01-2026 12:35||NIFTY27JAN2625500CE,0.1061600826446281
20-01-2026 12:35||NIFTY27JAN2625700CE,0.10506151515151516
20-01-2026 12:35||NIFTY27JAN2625800CE,0.10740387931034484
20-01-2026 12:35||NIFTY27JAN2626200CE,0.12677234782608696
20-01-2026 12:35||NIFTY27JAN2626300CE,0.13507094827586208
20-01-2026 12:35||NIFTY27JAN2623800PE,0.1737269565217391
20-01-2026 12:35||NIFTY27JAN2624200PE,0.1746486178861789
20-01-2026 12:35||NIFTY27JAN2625000PE,0.11806757142857142
20-01-2026 12:40||NIFTY27JAN2625400CE,0.10885837398373985
20-01-2026 12:40||NIFTY27JAN2626100CE,0.1207269918699187
20-01-2026 12:40||NIFTY27JAN2623800PE,0.18859432432432435
20-01-2026 12:40||NIFTY27JAN2624000PE,0.19243147540983607
20-01-2026 12:40||NIFTY27JAN2624300PE,0.16528402298850572
20-01-2026 12:40||NIFTY27JAN2624600PE,0.14073594827586206
20-01-2026 12:40||NIFTY27JAN2624700PE,0.13324310344827586
20-01-2026 12:45||NIFTY27JAN2623800PE,0.1992437837837838
20-01-2026 12:45||NIFTY27JAN2624300PE,0.16592325000000002
20-01-2026 12:45||NIFTY27JAN2624400PE,0.15566730434782608
20-01-2026 12:45||NIFTY27JAN2625100PE,0.1140161607142857
20-01-2026 12:50||NIFTY27JAN2625600CE,0.10622258064516128
20-01-2026 12:50||NIFTY27JAN2626000CE,0.11535475409836067
20-01-2026 12:50||NIFTY27JAN2626200CE,0.127257868852459
20-01-2026 12:50||NIFTY27JAN2624200PE,0.17433555555555552
20-01-2026 12:55||NIFTY27JAN2625400CE,0.10877688073394495
20-01-2026 12:55||NIFTY27JAN2624900PE,0.12168999999999998
20-01-2026 13:00||NIFTY27JAN2625800CE,0.10702086206896552
20-01-2026 13:00||NIFTY27JAN2625900CE,0.1103937931034483
20-01-2026 13:00||NIFTY27JAN2626400CE,0.14173462962962963
20-01-2026 13:00||NIFTY27JAN2623900PE,0.20100911290322585
20-01-2026 13:00||NIFTY27JAN2624200PE,0.1753687837837838
20-01-2026 13:00||NIFTY27JAN2625100PE,0.11373196428571426
20-01-2026 13:05||NIFTY27JAN2625300CE,0.10929508771929825
20-01-2026 13:05||NIFTY27JAN2625400CE,0.1070359595959596
20-01-2026 13:05||NIFTY27JAN2625600CE,0.10498713114754096
20-01-2026 13:05||NIFTY27JAN2626500CE,0.15458434426229506
20-01-2026 13:05||NIFTY27JAN2624200PE,0.17544146067415728
20-01-2026 13:05||NIFTY27JAN2624900PE,0.12238924731182797
20-01-2026 13:10||NIFTY27JAN2626000CE,0.11440988764044945
20-01-2026 13:10||NIFTY27JAN2626400CE,0.14205731481481482
20-01-2026 13:10||NIFTY27JAN2624000PE,0.1938882113821138
20-01-2026 13:10||NIFTY27JAN2624400PE,0.15725048387096774
20-01-2026 13:10||NIFTY27JAN2624700PE,0.1344756097560976
20-01-2026 13:10||NIFTY27JAN2625000PE,0.11772628571428573
20-01-2026 13:15||NIFTY27JAN2625200CE,0.10852258928571426
20-01-2026 13:15||NIFTY27JAN2626000CE,0.11440325581395348
20-01-2026 13:15||NIFTY27JAN2626200CE,0.12684476744186046
20-01-2026 13:15||NIFTY27JAN2623900PE,0.20151585365853658
20-01-2026 13:15||NIFTY27JAN2624600PE,0.14119613636363634
20-01-2026 13:15||NIFTY27JAN2624900PE,0.12331050505050506
20-01-2026 13:15||NIFTY27JAN2625000PE,0.1166655172413793
20-01-2026 13:20||NIFTY27JAN2625700CE,0.10573634146341462
20-01-2026 13:20||NIFTY27JAN2626100CE,0.11969315789473683
20-01-2026 13:20||NIFTY27JAN2626200CE,0.12647765432098762
20-01-2026 13:20||NIFTY27JAN2624200PE,0.17530203252032522
20-01-2026 13:20||NIFTY27JAN2624600PE,0.14159965909090907
20-01-2026 13:20||NIFTY27JAN2625000PE,0.11978333333333332
20-01-2026 13:25||NIFTY27JAN2625800CE,0.1070259259259259
20-01-2026 13:25||NIFTY27JAN2623800PE,0.20468250000000002
20-01-2026 13:25||NIFTY27JAN2624100PE,0.18531613636363634
20-01-2026 13:25||NIFTY27JAN2624700PE,0.13526772727272726
20-01-2026 13:25||NIFTY27JAN2625000PE,0.11958704225352111
20-01-2026 13:30||NIFTY27JAN2626000CE,0.11634129032258061
20-01-2026 13:30||NIFTY27JAN2624100PE,0.1849740449438202
20-01-2026 13:30||NIFTY27JAN2624700PE,0.13578057471264365
20-01-2026 13:30||NIFTY27JAN2624900PE,0.12328214876033058
20-01-2026 13:35||NIFTY27JAN2625800CE,0.10975422018348623
20-01-2026 13:35||NIFTY27JAN2625100PE,0.11485819819819817
20-01-2026 13:40||NIFTY27JAN2623800PE,0.20509758064516126
20-01-2026 13:40||NIFTY27JAN2624600PE,0.14151314606741572
20-01-2026 13:40||NIFTY27JAN2625000PE,0.11918644628099173
20-01-2026 13:45||NIFTY27JAN2624000PE,0.19427829545454545
20-01-2026 13:45||NIFTY27JAN2624400PE,0.15703199999999998
20-01-2026 13:45||NIFTY27JAN2624600PE,0.14083186046511628
20-01-2026 13:50||NIFTY27JAN2625200CE,0.11534083333333335
20-01-2026 13:50||NIFTY27JAN2625400CE,0.11045632183908044
20-01-2026 13:50||NIFTY27JAN2626000CE,0.11991353448275864
20-01-2026 13:50||NIFTY27JAN2626100CE,0.12621059405940593
20-01-2026 13:50||NIFTY27JAN2624000PE,0.19605291139240505
20-01-2026 13:50||NIFTY27JAN2624100PE,0.18460544444444443
20-01-2026 13:50||NIFTY27JAN2624200PE,0.17484879120879124
20-01-2026 13:50||NIFTY27JAN2624300PE,0.16517299999999996
20-01-2026 13:50||NIFTY27JAN2624500PE,0.14837243697478994
20-01-2026 13:55||NIFTY27JAN2625200CE,0.11437639999999999
20-01-2026 13:55||NIFTY27JAN2625400CE,0.1098555294117647
20-01-2026 13:55||NIFTY27JAN2625600CE,0.10798459016393443
20-01-2026 13:55||NIFTY27JAN2624400PE,0.1576385981308411
20-01-2026 14:00||NIFTY27JAN2625200CE,0.1154051851851852
20-01-2026 14:00||NIFTY27JAN2626100CE,0.1260959322033898
20-01-2026 14:00||NIFTY27JAN2624100PE,0.18587148514851484
20-01-2026 14:00||NIFTY27JAN2624200PE,0.17533976744186047
20-01-2026 14:00||NIFTY27JAN2624800PE,0.1293307894736842
20-01-2026 14:00||NIFTY27JAN2624900PE,0.12327450549450551
20-01-2026 14:00||NIFTY27JAN2625000PE,0.11838624999999998
20-01-2026 14:00||NIFTY27JAN2625100PE,0.11349298507462686
20-01-2026 14:05||NIFTY27JAN2625200CE,0.11655361702127658
20-01-2026 14:05||NIFTY27JAN2626100CE,0.12671603773584905
20-01-2026 14:05||NIFTY27JAN2626400CE,0.14836619834710746
20-01-2026 14:05||NIFTY27JAN2623800PE,0.206163738317757
20-01-2026 14:05||NIFTY27JAN2625100PE,0.11538906666666666
20-01-2026 14:10||NIFTY27JAN2625500CE,0.10891280991735537
20-01-2026 14:10||NIFTY27JAN2625700CE,0.1093655140186916
20-01-2026 14:10||NIFTY27JAN2626100CE,0.12621714285714283
20-01-2026 14:10||NIFTY27JAN2626200CE,0.13348528301886792
20-01-2026 14:10||NIFTY27JAN2626300CE,0.14232641025641024
20-01-2026 14:10||NIFTY27JAN2624000PE,0.1944001652892562
20-01-2026 14:10||NIFTY27JAN2624200PE,0.1756156603773585
20-01-2026 14:10||NIFTY27JAN2624500PE,0.14995204545454546
20-01-2026 14:10||NIFTY27JAN2624900PE,0.12455136363636364
20-01-2026 14:10||NIFTY27JAN2625000PE,0.11964670103092782
20-01-2026 14:15||NIFTY27JAN2625200CE,0.11938105263157894
20-01-2026 14:15||NIFTY27JAN2625400CE,0.11090859154929576
20-01-2026 14:15||NIFTY27JAN2626000CE,0.12220674796747967
20-01-2026 14:15||NIFTY27JAN2626300CE,0.14073162790697674
20-01-2026 14:15||NIFTY27JAN2626500CE,0.1590439240506329
20-01-2026 14:15||NIFTY27JAN2623800PE,0.20832149999999997
20-01-2026 14:15||NIFTY27JAN2624100PE,0.1843818691588785
20-01-2026 14:15||NIFTY27JAN2624500PE,0.1504462962962963
20-01-2026 14:15||NIFTY27JAN2624600PE,0.14156639999999998
20-01-2026 14:15||NIFTY27JAN2624900PE,0.12371204545454546
20-01-2026 14:20||NIFTY27JAN2625400CE,0.11405051282051282
20-01-2026 14:20||NIFTY27JAN2625700CE,0.11006247706422016
20-01-2026 14:20||NIFTY27JAN2626500CE,0.1625454794520548
20-01-2026 14:25||NIFTY27JAN2625400CE,0.11088447368421053
20-01-2026 14:25||NIFTY27JAN2625900CE,0.11560368852459016
20-01-2026 14:25||NIFTY27JAN2624100PE,0.1856344444444444
20-01-2026 14:25||NIFTY27JAN2624600PE,0.14210067796610165
20-01-2026 14:30||NIFTY27JAN2625400CE,0.10684545454545454
20-01-2026 14:30||NIFTY27JAN2625500CE,0.10863050505050505
20-01-2026 14:30||NIFTY27JAN2625800CE,0.11122636363636364
20-01-2026 14:30||NIFTY27JAN2626000CE,0.12096825581395348
20-01-2026 14:30||NIFTY27JAN2626400CE,0.1462713043478261
20-01-2026 14:30||NIFTY27JAN2626500CE,0.15994425742574256
20-01-2026 14:30||NIFTY27JAN2624000PE,0.19626674796747967
20-01-2026 14:30||NIFTY27JAN2624600PE,0.14487574074074072
20-01-2026 14:35||NIFTY27JAN2625600CE,0.10680713114754099
20-01-2026 14:35||NIFTY27JAN2626000CE,0.11998770270270269
20-01-2026 14:35||NIFTY27JAN2626300CE,0.13833544715447155
20-01-2026 14:35||NIFTY27JAN2624600PE,0.14779666666666666
20-01-2026 14:35||NIFTY27JAN2624800PE,0.1324666393442623
20-01-2026 14:40||NIFTY27JAN2625200CE,0.11044910714285713
20-01-2026 14:40||NIFTY27JAN2625500CE,0.10599327586206896
20-01-2026 14:40||NIFTY27JAN2623800PE,0.20907499999999998
20-01-2026 14:45||NIFTY27JAN2625500CE,0.10546296296296294
20-01-2026 14:45||NIFTY27JAN2626000CE,0.11962623529411764
20-01-2026 14:45||NIFTY27JAN2626100CE,0.12544905172413795
20-01-2026 14:45||NIFTY27JAN2624600PE,0.14619660550458713
20-01-2026 14:50||NIFTY27JAN2625500CE,0.10215621621621622
20-01-2026 14:50||NIFTY27JAN2625900CE,0.11497762295081966
20-01-2026 14:50||NIFTY27JAN2624000PE,0.1980424705882353
20-01-2026 14:50||NIFTY27JAN2624200PE,0.17905801652892564
20-01-2026 14:50||NIFTY27JAN2624900PE,0.12732639344262295
20-01-2026 14:50||NIFTY27JAN2625100PE,0.11967581818181816
20-01-2026 14:55||NIFTY27JAN2626000CE,0.12186074766355141
20-01-2026 14:55||NIFTY27JAN2623900PE,0.20598591836734692
20-01-2026 14:55||NIFTY27JAN2624000PE,0.19523054794520545
20-01-2026 14:55||NIFTY27JAN2624100PE,0.1853829464285714
20-01-2026 15:00||NIFTY27JAN2625600CE,0.10429693548387096
20-01-2026 15:00||NIFTY27JAN2626100CE,0.12529671874999998
20-01-2026 15:00||NIFTY27JAN2626200CE,0.1359397435897436
20-01-2026 15:00||NIFTY27JAN2626400CE,0.1521429508196721
20-01-2026 15:00||NIFTY27JAN2624800PE,0.13297225806451612
20-01-2026 15:05||NIFTY27JAN2625200CE,0.10125603603603602
20-01-2026 15:05||NIFTY27JAN2626100CE,0.13055288888888888
20-01-2026 15:05||NIFTY27JAN2626200CE,0.14131406250000003
20-01-2026 15:05||NIFTY27JAN2623900PE,0.20434550458715595
20-01-2026 15:05||NIFTY27JAN2624300PE,0.16717460674157303
20-01-2026 15:05||NIFTY27JAN2625000PE,0.12589311320754717
20-01-2026 15:10||NIFTY27JAN2625300CE,0.10459194690265486
20-01-2026 15:10||NIFTY27JAN2625400CE,0.10542517241379311
20-01-2026 15:10||NIFTY27JAN2625900CE,0.12145755813953488
20-01-2026 15:10||NIFTY27JAN2626100CE,0.139968115942029
20-01-2026 15:10||NIFTY27JAN2624300PE,0.1684821590909091
20-01-2026 15:10||NIFTY27JAN2625100PE,0.12210639999999999
20-01-2026 15:15||NIFTY27JAN2625700CE,0.11551471264367814
20-01-2026 15:15||NIFTY27JAN2625900CE,0.12709328125
20-01-2026 15:15||NIFTY27JAN2626000CE,0.13364437499999998
20-01-2026 15:15||NIFTY27JAN2626200CE,0.14762351648351646
20-01-2026 15:15||NIFTY27JAN2624000PE,0.19848647540983608
20-01-2026 15:15||NIFTY27JAN2624200PE,0.1764913953488372
20-01-2026 15:15||NIFTY27JAN2624500PE,0.15228831460674158
20-01-2026 15:15||NIFTY27JAN2624800PE,0.13348221311475408
20-01-2026 15:15||NIFTY27JAN2625000PE,0.12485895833333334
20-01-2026 15:15||NIFTY27JAN2625100PE,0.11987185185185181
20-01-2026 15:20||NIFTY27JAN2625500CE,0.1192212295081967
20-01-2026 15:20||NIFTY27JAN2625700CE,0.12609643678160917
20-01-2026 15:20||NIFTY27JAN2626400CE,0.16389942622950818
20-01-2026 15:20||NIFTY27JAN2623800PE,0.21546022988505747
20-01-2026 15:20||NIFTY27JAN2624200PE,0.1774069662921348
20-01-2026 15:20||NIFTY27JAN2624500PE,0.15210910112359552
20-01-2026 15:25||NIFTY27JAN2625200CE,0.1235586956521739
20-01-2026 15:25||NIFTY27JAN2625300CE,0.13111321428571426
20-01-2026 15:25||NIFTY27JAN2625900CE,0.13363243243243242
20-01-2026 15:25||NIFTY27JAN2626200CE,0.15153405405405404
20-01-2026 15:25||NIFTY27JAN2623800PE,0.2152437078651685
20-01-2026 15:25||NIFTY27JAN2625100PE,0.11034113402061857
21-01-2026 09:15||NIFTY27JAN2625200CE,0.13427175675675676
21-01-2026 09:15||NIFTY27JAN2625400CE,0.1285205785123967
21-01-2026 09:15||NIFTY27JAN2625900CE,0.1346891011235955
21-01-2026 09:15||NIFTY27JAN2626200CE,0.15303528089887639
21-01-2026 09:20||NIFTY27JAN2623900PE,0.21742648148148144
21-01-2026 09:20||NIFTY27JAN2624300PE,0.17579199999999998
21-01-2026 09:20||NIFTY27JAN2624400PE,0.16186123076923076
21-01-2026 09:25||NIFTY27JAN2625300CE,0.1334095833333333
21-01-2026 09:25||NIFTY27JAN2625600CE,0.12401584905660379
21-01-2026 09:25||NIFTY27JAN2625800CE,0.1270687603305785
21-01-2026 09:25||NIFTY27JAN2624000PE,0.2112551724137931
21-01-2026 09:25||NIFTY27JAN2624300PE,0.18394303797468353
21-01-2026 09:25||NIFTY27JAN2624400PE,0.17009666666666667
21-01-2026 09:25||NIFTY27JAN2625100PE,0.1127599107142857
21-01-2026 09:30||NIFTY27JAN2625300CE,0.12878392156862745
21-01-2026 09:30||NIFTY27JAN2625700CE,0.11802595041322314
21-01-2026 09:30||NIFTY27JAN2623800PE,0.22966584070796459
21-01-2026 09:30||NIFTY27JAN2623900PE,0.22388070175438593
21-01-2026 09:30||NIFTY27JAN2624000PE,0.21212256410256408
21-01-2026 09:30||NIFTY27JAN2624400PE,0.17478810344827586
21-01-2026 09:35||NIFTY27JAN2625200CE,0.12850528301886793
21-01-2026 09:35||NIFTY27JAN2625300CE,0.12122571428571428
21-01-2026 09:35||NIFTY27JAN2625600CE,0.11812806451612903
21-01-2026 09:35||NIFTY27JAN2626200CE,0.14976609756097561
21-01-2026 09:35||NIFTY27JAN2623900PE,0.22173068965517242
21-01-2026 09:35||NIFTY27JAN2624200PE,0.1927782258064516
21-01-2026 09:40||NIFTY27JAN2625200CE,0.12779804878048778
21-01-2026 09:40||NIFTY27JAN2625900CE,0.12867886178861787
21-01-2026 09:40||NIFTY27JAN2626300CE,0.157050375
21-01-2026 09:40||NIFTY27JAN2626400CE,0.1680348695652174
21-01-2026 09:40||NIFTY27JAN2624400PE,0.17144472972972974
21-01-2026 09:40||NIFTY27JAN2625100PE,0.11416258928571427
21-01-2026 09:45||NIFTY27JAN2625200CE,0.12013935483870967
21-01-2026 09:45||NIFTY27JAN2625600CE,0.11832783783783783
21-01-2026 09:45||NIFTY27JAN2626000CE,0.13643796296296293
21-01-2026 09:45||NIFTY27JAN2626300CE,0.1595510227272727
21-01-2026 09:45||NIFTY27JAN2623800PE,0.22304314516129028
21-01-2026 09:45||NIFTY27JAN2624100PE,0.19864834862385317
21-01-2026 09:45||NIFTY27JAN2624400PE,0.16824040540540539
21-01-2026 09:50||NIFTY27JAN2625400CE,0.11868513888888889
21-01-2026 09:50||NIFTY27JAN2625600CE,0.11651399999999999
21-01-2026 09:50||NIFTY27JAN2625800CE,0.12476647540983607
21-01-2026 09:50||NIFTY27JAN2624700PE,0.13972652892561988
21-01-2026 09:50||NIFTY27JAN2624900PE,0.12371735537190083
21-01-2026 09:55||NIFTY27JAN2625400CE,0.11489226415094339
21-01-2026 09:55||NIFTY27JAN2626000CE,0.13705353535353537
21-01-2026 09:55||NIFTY27JAN2626100CE,0.14519074074074073
21-01-2026 09:55||NIFTY27JAN2626200CE,0.15412535087719295
21-01-2026 09:55||NIFTY27JAN2626500CE,0.1820576404494382
21-01-2026 09:55||NIFTY27JAN2624100PE,0.1941637
21-01-2026 09:55||NIFTY27JAN2624200PE,0.18380447368421055
21-01-2026 09:55||NIFTY27JAN2624400PE,0.16382757009345794
21-01-2026 09:55||NIFTY27JAN2624800PE,0.13039540983606557
21-01-2026 10:00||NIFTY27JAN2625300CE,0.1163173214285714
21-01-2026 10:00||NIFTY27JAN2625400CE,0.11660242424242424
21-01-2026 10:00||NIFTY27JAN2626500CE,0.1826211235955056
21-01-2026 10:00||NIFTY27JAN2624000PE,0.20341203703703703
21-01-2026 10:00||NIFTY27JAN2625000PE,0.1180572950819672
21-01-2026 10:05||NIFTY27JAN2625200CE,0.12328558558558554
21-01-2026 10:05||NIFTY27JAN2625600CE,0.11907570175438595
21-01-2026 10:05||NIFTY27JAN2625700CE,0.12268588785046727
21-01-2026 10:05||NIFTY27JAN2625800CE,0.12712392405063289
21-01-2026 10:10||NIFTY27JAN2625800CE,0.12793193181818183
21-01-2026 10:10||NIFTY27JAN2626100CE,0.1469858426966292
21-01-2026 10:10||NIFTY27JAN2624000PE,0.200902972972973
21-01-2026 10:10||NIFTY27JAN2624400PE,0.161979837398374
21-01-2026 10:15||NIFTY27JAN2625500CE,0.11645782258064515
21-01-2026 10:15||NIFTY27JAN2626100CE,0.14871269662921346
21-01-2026 10:15||NIFTY27JAN2624000PE,0.20124850574712638
21-01-2026 10:15||NIFTY27JAN2624200PE,0.18025827868852456
21-01-2026 10:15||NIFTY27JAN2624500PE,0.15401704347826084
21-01-2026 10:15||NIFTY27JAN2624600PE,0.1443216379310345
21-01-2026 10:20||NIFTY27JAN2625700CE,0.12357853932584272
21-01-2026 10:25||NIFTY27JAN2625700CE,0.1268975280898876
21-01-2026 10:25||NIFTY27JAN2626200CE,0.16021
21-01-2026 10:25||NIFTY27JAN2624300PE,0.1703682113821138
21-01-2026 10:25||NIFTY27JAN2625000PE,0.11912081967213117
21-01-2026 10:30||NIFTY27JAN2625200CE,0.11812731958762886
21-01-2026 10:30||NIFTY27JAN2625900CE,0.1388478409090909
21-01-2026 10:30||NIFTY27JAN2626300CE,0.1694757
21-01-2026 10:30||NIFTY27JAN2626400CE,0.17939060344827584
21-01-2026 10:30||NIFTY27JAN2624200PE,0.1787798148148148
21-01-2026 10:30||NIFTY27JAN2624700PE,0.1384301724137931
21-01-2026 10:30||NIFTY27JAN2624800PE,0.12940643564356435
21-01-2026 10:35||NIFTY27JAN2625500CE,0.12160121739130436
21-01-2026 10:35||NIFTY27JAN2625600CE,0.12547228070175437
21-01-2026 10:35||NIFTY27JAN2625800CE,0.13573946902654865
21-01-2026 10:35||NIFTY27JAN2625900CE,0.14446370370370368
21-01-2026 10:35||NIFTY27JAN2624400PE,0.1612639516129032
21-01-2026 10:35||NIFTY27JAN2625100PE,0.11966249999999999
21-01-2026 10:40||NIFTY27JAN2625200CE,0.1225464210526316
21-01-2026 10:40||NIFTY27JAN2625400CE,0.12193915094339622
21-01-2026 10:40||NIFTY27JAN2626300CE,0.1783658333333333
21-01-2026 10:40||NIFTY27JAN2624200PE,0.17872229357798164
21-01-2026 10:40||NIFTY27JAN2624800PE,0.1365586301369863
21-01-2026 10:45||NIFTY27JAN2625700CE,0.13606719101123596
21-01-2026 10:45||NIFTY27JAN2626400CE,0.186531125
21-01-2026 10:45||NIFTY27JAN2626500CE,0.19799417391304353
21-01-2026 10:45||NIFTY27JAN2624700PE,0.14508843478260872
21-01-2026 10:45||NIFTY27JAN2624800PE,0.13929378787878788
21-01-2026 10:50||NIFTY27JAN2625400CE,0.13396592592592593
21-01-2026 10:50||NIFTY27JAN2625700CE,0.14453172413793103
21-01-2026 10:50||NIFTY27JAN2625900CE,0.15397459770114943
21-01-2026 10:50||NIFTY27JAN2626400CE,0.1948560227272727
21-01-2026 10:50||NIFTY27JAN2624100PE,0.19042754098360656
21-01-2026 10:50||NIFTY27JAN2624300PE,0.1712972580645161
21-01-2026 10:50||NIFTY27JAN2624400PE,0.16253700934579438
21-01-2026 10:50||NIFTY27JAN2624500PE,0.15428228070175437
21-01-2026 10:55||NIFTY27JAN2625300CE,0.13054848837209304
21-01-2026 10:55||NIFTY27JAN2625900CE,0.1602356179775281
21-01-2026 10:55||NIFTY27JAN2626200CE,0.18094758064516128
21-01-2026 10:55||NIFTY27JAN2623900PE,0.21111560975609756
21-01-2026 10:55||NIFTY27JAN2624300PE,0.1699733962264151
21-01-2026 10:55||NIFTY27JAN2624800PE,0.1398183333333333
21-01-2026 10:55||NIFTY27JAN2625000PE,0.1314453125
21-01-2026 10:55||NIFTY27JAN2625100PE,0.12885304347826085
21-01-2026 11:00||NIFTY27JAN2625300CE,0.13391943661971828
21-01-2026 11:00||NIFTY27JAN2624000PE,0.20215574712643677
21-01-2026 11:00||NIFTY27JAN2624300PE,0.1711320547945205
21-01-2026 11:00||NIFTY27JAN2624600PE,0.1472867213114754
21-01-2026 11:00||NIFTY27JAN2624800PE,0.1352836111111111
21-01-2026 11:00||NIFTY27JAN2625100PE,0.11843533333333332
21-01-2026 11:05||NIFTY27JAN2625200CE,0.1386956
21-01-2026 11:05||NIFTY27JAN2624000PE,0.20168271604938268
21-01-2026 11:05||NIFTY27JAN2624100PE,0.19073678260869562
21-01-2026 11:05||NIFTY27JAN2624400PE,0.16288219512195123
21-01-2026 11:05||NIFTY27JAN2625000PE,0.11799113207547168
21-01-2026 11:10||NIFTY27JAN2625200CE,0.13903144927536226
21-01-2026 11:10||NIFTY27JAN2625300CE,0.1376318947368421
21-01-2026 11:10||NIFTY27JAN2625500CE,0.139176694214876
21-01-2026 11:10||NIFTY27JAN2625900CE,0.15721918032786883
21-01-2026 11:10||NIFTY27JAN2626100CE,0.1717985046728972
21-01-2026 11:10||NIFTY27JAN2624800PE,0.12900550458715596
21-01-2026 11:15||NIFTY27JAN2625400CE,0.13535942622950817
21-01-2026 11:15||NIFTY27JAN2624300PE,0.17326040322580644
21-01-2026 11:15||NIFTY27JAN2625100PE,0.11224410714285711
21-01-2026 11:20||NIFTY27JAN2625800CE,0.14637093457943925
21-01-2026 11:20||NIFTY27JAN2626000CE,0.1585850505050505
21-01-2026 11:20||NIFTY27JAN2626100CE,0.16540990099009906
21-01-2026 11:20||NIFTY27JAN2626400CE,0.1874809482758621
21-01-2026 11:20||NIFTY27JAN2626500CE,0.19797707070707077
21-01-2026 11:20||NIFTY27JAN2623900PE,0.21387121495327102
21-01-2026 11:25||NIFTY27JAN2624600PE,0.15072140186915886
21-01-2026 11:25||NIFTY27JAN2624800PE,0.13544024590163936
21-01-2026 11:30||NIFTY27JAN2625400CE,0.12963693548387095
21-01-2026 11:30||NIFTY27JAN2625800CE,0.1439507476635514
21-01-2026 11:30||NIFTY27JAN2626000CE,0.1572001886792453
21-01-2026 11:30||NIFTY27JAN2626500CE,0.196506261682243
21-01-2026 11:30||NIFTY27JAN2623900PE,0.21869532258064517
21-01-2026 11:30||NIFTY27JAN2624000PE,0.20747401869158882
21-01-2026 11:30||NIFTY27JAN2624100PE,0.19662236842105257
21-01-2026 11:30||NIFTY27JAN2624400PE,0.16938233870967742
21-01-2026 11:35||NIFTY27JAN2626100CE,0.16412776859504133
21-01-2026 11:35||NIFTY27JAN2626300CE,0.17950450819672134
21-01-2026 11:35||NIFTY27JAN2623900PE,0.21603579545454546
21-01-2026 11:35||NIFTY27JAN2624600PE,0.15175074468085106
21-01-2026 11:40||NIFTY27JAN2625200CE,0.13206558441558436
21-01-2026 11:40||NIFTY27JAN2625700CE,0.13907209677419358
21-01-2026 11:40||NIFTY27JAN2624800PE,0.13668516129032257
21-01-2026 11:40||NIFTY27JAN2625100PE,0.12030259740259741
21-01-2026 11:45||NIFTY27JAN2625200CE,0.13232799999999997
21-01-2026 11:45||NIFTY27JAN2625400CE,0.13053983606557376
21-01-2026 11:45||NIFTY27JAN2624600PE,0.1510160638297872
21-01-2026 11:45||NIFTY27JAN2625100PE,0.1188416883116883
21-01-2026 11:50||NIFTY27JAN2624000PE,0.20736666666666662
21-01-2026 11:50||NIFTY27JAN2624100PE,0.19639040816326533
21-01-2026 11:50||NIFTY27JAN2624300PE,0.17673475409836065
21-01-2026 11:55||NIFTY27JAN2624000PE,0.20666827586206896
21-01-2026 11:55||NIFTY27JAN2624600PE,0.1501673
21-01-2026 11:55||NIFTY27JAN2624700PE,0.14328384615384615
21-01-2026 11:55||NIFTY27JAN2624900PE,0.126359173553719
21-01-2026 12:00||NIFTY27JAN2625600CE,0.13190008130081304
21-01-2026 12:00||NIFTY27JAN2625900CE,0.1456766972477064
21-01-2026 12:00||NIFTY27JAN2624100PE,0.19818639999999998
21-01-2026 12:00||NIFTY27JAN2624200PE,0.18658379999999997
21-01-2026 12:00||NIFTY27JAN2624700PE,0.1428765
21-01-2026 12:00||NIFTY27JAN2624800PE,0.1341927192982456
21-01-2026 12:05||NIFTY27JAN2625500CE,0.13103203252032522
21-01-2026 12:05||NIFTY27JAN2626200CE,0.16426959677419356
21-01-2026 12:05||NIFTY27JAN2623800PE,0.21975259259259255
21-01-2026 12:05||NIFTY27JAN2624100PE,0.19784884615384615
21-01-2026 12:10||NIFTY27JAN2625900CE,0.14142935779816515
21-01-2026 12:10||NIFTY27JAN2626500CE,0.18487745901639344
21-01-2026 12:10||NIFTY27JAN2624100PE,0.19804215384615384
21-01-2026 12:10||NIFTY27JAN2624200PE,0.18594760000000005
21-01-2026 12:10||NIFTY27JAN2625000PE,0.11773551401869159
21-01-2026 12:15||NIFTY27JAN2625400CE,0.12791325842696627
21-01-2026 12:15||NIFTY27JAN2625700CE,0.13371657534246575
21-01-2026 12:15||NIFTY27JAN2623800PE,0.2225029629629629
21-01-2026 12:15||NIFTY27JAN2624200PE,0.1906309433962264
21-01-2026 12:20||NIFTY27JAN2625400CE,0.12426919540229883
21-01-2026 12:20||NIFTY27JAN2625600CE,0.12700982142857142
21-01-2026 12:20||NIFTY27JAN2625700CE,0.13273760869565215
21-01-2026 12:20||NIFTY27JAN2626300CE,0.16459790322580647
21-01-2026 12:20||NIFTY27JAN2624200PE,0.19634237288135586
21-01-2026 12:20||NIFTY27JAN2625000PE,0.12427598130841122
21-01-2026 12:25||NIFTY27JAN2625700CE,0.12964263888888888
21-01-2026 12:25||NIFTY27JAN2626500CE,0.18190096774193548
21-01-2026 12:25||NIFTY27JAN2624000PE,0.21294296296296292
21-01-2026 12:25||NIFTY27JAN2624500PE,0.16469578947368418
21-01-2026 12:25||NIFTY27JAN2624600PE,0.15402648148148146
21-01-2026 12:25||NIFTY27JAN2624700PE,0.1450269298245614
21-01-2026 12:30||NIFTY27JAN2625300CE,0.13004844262295082
21-01-2026 12:30||NIFTY27JAN2625800CE,0.13200121951219515
21-01-2026 12:30||NIFTY27JAN2624100PE,0.20812139240506328
21-01-2026 12:30||NIFTY27JAN2624200PE,0.19686779999999998
21-01-2026 12:35||NIFTY27JAN2625600CE,0.12761862903225804
21-01-2026 12:35||NIFTY27JAN2626400CE,0.1663448387096774
21-01-2026 12:35||NIFTY27JAN2624000PE,0.21947229999999998
21-01-2026 12:35||NIFTY27JAN2624100PE,0.2100115
21-01-2026 12:40||NIFTY27JAN2625200CE,0.1458087234042553
21-01-2026 12:40||NIFTY27JAN2625400CE,0.13400619834710742
21-01-2026 12:40||NIFTY27JAN2625900CE,0.13581089430894308
21-01-2026 12:40||NIFTY27JAN2624500PE,0.17293024793388428
21-01-2026 12:40||NIFTY27JAN2624700PE,0.15461385964912278
21-01-2026 12:40||NIFTY27JAN2624800PE,0.14518155172413796
21-01-2026 12:45||NIFTY27JAN2625300CE,0.13815721153846153
21-01-2026 12:45||NIFTY27JAN2625800CE,0.1308847222222222
21-01-2026 12:45||NIFTY27JAN2626200CE,0.1482247580645161
21-01-2026 12:45||NIFTY27JAN2623800PE,0.22999179775280898
21-01-2026 12:45||NIFTY27JAN2624400PE,0.18672813008130082
21-01-2026 12:50||NIFTY27JAN2625200CE,0.14276
21-01-2026 12:50||NIFTY27JAN2625500CE,0.12862964912280703
21-01-2026 12:50||NIFTY27JAN2625600CE,0.12752199999999997
21-01-2026 12:50||NIFTY27JAN2623800PE,0.23624090909090906
21-01-2026 12:50||NIFTY27JAN2624100PE,0.21853322580645165
21-01-2026 12:55||NIFTY27JAN2625300CE,0.13484887755102043
21-01-2026 12:55||NIFTY27JAN2625400CE,0.13022185840707962
21-01-2026 12:55||NIFTY27JAN2625600CE,0.1253834426229508
21-01-2026 12:55||NIFTY27JAN2625700CE,0.12594276190476192
21-01-2026 12:55||NIFTY27JAN2625800CE,0.12761637362637362
21-01-2026 12:55||NIFTY27JAN2625900CE,0.13138403508771926
21-01-2026 12:55||NIFTY27JAN2626500CE,0.172249837398374
21-01-2026 13:00||NIFTY27JAN2626100CE,0.1392017741935484
21-01-2026 13:00||NIFTY27JAN2624600PE,0.17551956896551724
21-01-2026 13:00||NIFTY27JAN2624700PE,0.16537991379310343
21-01-2026 13:05||NIFTY27JAN2625600CE,0.12362825688073394
21-01-2026 13:05||NIFTY27JAN2626300CE,0.15292408695652177
21-01-2026 13:05||NIFTY27JAN2626400CE,0.16026631578947367
21-01-2026 13:05||NIFTY27JAN2623800PE,0.23957675438596485
21-01-2026 13:05||NIFTY27JAN2623900PE,0.23572789473684203
21-01-2026 13:05||NIFTY27JAN2624100PE,0.21936803278688524
21-01-2026 13:10||NIFTY27JAN2625800CE,0.1251611235955056
21-01-2026 13:10||NIFTY27JAN2626200CE,0.1460219444444444
21-01-2026 13:15||NIFTY27JAN2625400CE,0.12743393258426963
21-01-2026 13:15||NIFTY27JAN2625800CE,0.12603325842696628
21-01-2026 13:15||NIFTY27JAN2624400PE,0.18877064516129033
21-01-2026 13:20||NIFTY27JAN2625400CE,0.12477460674157302
21-01-2026 13:20||NIFTY27JAN2626200CE,0.14870301075268816
21-01-2026 13:20||NIFTY27JAN2623800PE,0.23584862068965518
21-01-2026 13:20||NIFTY27JAN2623900PE,0.2328451724137931
21-01-2026 13:20||NIFTY27JAN2624600PE,0.17064631147540982
21-01-2026 13:20||NIFTY27JAN2624800PE,0.15353611570247933
21-01-2026 13:25||NIFTY27JAN2625200CE,0.1335996052631579
21-01-2026 13:25||NIFTY27JAN2625700CE,0.1236211382113821
21-01-2026 13:25||NIFTY27JAN2626000CE,0.13620927419354834
21-01-2026 13:25||NIFTY27JAN2626300CE,0.1557472222222222
21-01-2026 13:25||NIFTY27JAN2624200PE,0.2078516379310345
21-01-2026 13:25||NIFTY27JAN2624300PE,0.19737486956521738
21-01-2026 13:25||NIFTY27JAN2624900PE,0.1477911304347826
21-01-2026 13:25||NIFTY27JAN2625000PE,0.1406656140350877
21-01-2026 13:30||NIFTY27JAN2625200CE,0.13935898550724637
21-01-2026 13:30||NIFTY27JAN2625300CE,0.13109877551020407
21-01-2026 13:30||NIFTY27JAN2625800CE,0.12712849315068495
21-01-2026 13:30||NIFTY27JAN2626200CE,0.1505510714285714
21-01-2026 13:30||NIFTY27JAN2626300CE,0.15762326086956518
21-01-2026 13:30||NIFTY27JAN2624000PE,0.2251831460674157
21-01-2026 13:30||NIFTY27JAN2624400PE,0.18521544715447155
21-01-2026 13:35||NIFTY27JAN2625800CE,0.1313911111111111
21-01-2026 13:35||NIFTY27JAN2626300CE,0.15889972222222223
21-01-2026 13:35||NIFTY27JAN2623800PE,0.23540918032786887
21-01-2026 13:35||NIFTY27JAN2624000PE,0.2215519540229885
21-01-2026 13:35||NIFTY27JAN2624700PE,0.16130447368421053
21-01-2026 13:35||NIFTY27JAN2624800PE,0.15333590909090908
21-01-2026 13:40||NIFTY27JAN2625300CE,0.1315464150943396
21-01-2026 13:40||NIFTY27JAN2625800CE,0.12968205479452055
21-01-2026 13:40||NIFTY27JAN2626200CE,0.15213620370370368
21-01-2026 13:40||NIFTY27JAN2624600PE,0.16706669421487602
21-01-2026 13:40||NIFTY27JAN2624800PE,0.15320019607843136
21-01-2026 13:45||NIFTY27JAN2625400CE,0.12531219512195121
21-01-2026 13:45||NIFTY27JAN2625900CE,0.13439089430894308
21-01-2026 13:45||NIFTY27JAN2624800PE,0.15230675675675676
21-01-2026 13:50||NIFTY27JAN2626100CE,0.14620685483870968
21-01-2026 13:50||NIFTY27JAN2625100PE,0.13231696428571427
21-01-2026 13:55||NIFTY27JAN2625500CE,0.12323262295081967
21-01-2026 13:55||NIFTY27JAN2625700CE,0.1272260655737705
21-01-2026 13:55||NIFTY27JAN2624300PE,0.19129834782608698
21-01-2026 13:55||NIFTY27JAN2624400PE,0.18081905172413795
21-01-2026 14:00||NIFTY27JAN2625200CE,0.12463422680412371
21-01-2026 14:00||NIFTY27JAN2623800PE,0.23035699186991868
21-01-2026 14:00||NIFTY27JAN2624200PE,0.19862373983739837
21-01-2026 14:00||NIFTY27JAN2624600PE,0.16332178861788618
21-01-2026 14:00||NIFTY27JAN2625000PE,0.13827805555555553
21-01-2026 14:05||NIFTY27JAN2625400CE,0.12278532110091744
21-01-2026 14:05||NIFTY27JAN2626100CE,0.14825972222222217
21-01-2026 14:05||NIFTY27JAN2626500CE,0.18363436781609194
21-01-2026 14:05||NIFTY27JAN2624500PE,0.16831241379310347
21-01-2026 14:05||NIFTY27JAN2625000PE,0.13241557692307693
21-01-2026 14:10||NIFTY27JAN2625200CE,0.1303369512195122
21-01-2026 14:10||NIFTY27JAN2626000CE,0.14074631147540978
21-01-2026 14:10||NIFTY27JAN2626400CE,0.16945017391304348
21-01-2026 14:10||NIFTY27JAN2626500CE,0.1863569696969697
21-01-2026 14:10||NIFTY27JAN2624000PE,0.21246118811881187
21-01-2026 14:10||NIFTY27JAN2624100PE,0.20205853448275862
21-01-2026 14:10||NIFTY27JAN2624400PE,0.17519826086956522
21-01-2026 14:10||NIFTY27JAN2624500PE,0.1634648148148148
21-01-2026 14:10||NIFTY27JAN2625000PE,0.12763416666666663
21-01-2026 14:15||NIFTY27JAN2625400CE,0.11867440366972479
21-01-2026 14:15||NIFTY27JAN2625800CE,0.12822669354838706
21-01-2026 14:15||NIFTY27JAN2626100CE,0.14739041095890412
21-01-2026 14:15||NIFTY27JAN2624700PE,0.14997999999999997
21-01-2026 14:20||NIFTY27JAN2625200CE,0.12441524390243902
21-01-2026 14:20||NIFTY27JAN2625600CE,0.12312137096774194
21-01-2026 14:20||NIFTY27JAN2626100CE,0.14594820224719102
21-01-2026 14:20||NIFTY27JAN2626500CE,0.18405
21-01-2026 14:20||NIFTY27JAN2624000PE,0.2098473148148148
21-01-2026 14:20||NIFTY27JAN2624300PE,0.18207854838709675
21-01-2026 14:20||NIFTY27JAN2624700PE,0.15161920454545452
21-01-2026 14:25||NIFTY27JAN2626500CE,0.1825181609195402
21-01-2026 14:25||NIFTY27JAN2623900PE,0.2191109917355372
21-01-2026 14:25||NIFTY27JAN2624800PE,0.14584384615384616
21-01-2026 14:25||NIFTY27JAN2624900PE,0.1340714159292035
21-01-2026 14:25||NIFTY27JAN2625100PE,0.12369810526315789
21-01-2026 14:30||NIFTY27JAN2625200CE,0.11330743589743589
21-01-2026 14:30||NIFTY27JAN2625300CE,0.11884265486725662
21-01-2026 14:30||NIFTY27JAN2626300CE,0.1611315322580645
21-01-2026 14:30||NIFTY27JAN2624500PE,0.1656349504950495
21-01-2026 14:30||NIFTY27JAN2624600PE,0.1568034693877551
21-01-2026 14:30||NIFTY27JAN2624800PE,0.1411444
21-01-2026 14:35||NIFTY27JAN2625200CE,0.12043414634146339
21-01-2026 14:35||NIFTY27JAN2625800CE,0.13171157303370787
21-01-2026 14:35||NIFTY27JAN2626100CE,0.14748324074074073
21-01-2026 14:35||NIFTY27JAN2624200PE,0.18848561797752805
21-01-2026 14:35||NIFTY27JAN2624700PE,0.1464830769230769
21-01-2026 14:35||NIFTY27JAN2624800PE,0.14041523076923076
21-01-2026 14:35||NIFTY27JAN2625100PE,0.11838403225806453
21-01-2026 14:40||NIFTY27JAN2625200CE,0.12431822222222222
21-01-2026 14:40||NIFTY27JAN2625400CE,0.12297149425287356
21-01-2026 14:40||NIFTY27JAN2625800CE,0.13054013698630137
21-01-2026 14:40||NIFTY27JAN2626200CE,0.15408696721311477
21-01-2026 14:40||NIFTY27JAN2624000PE,0.20706680327868848
21-01-2026 14:40||NIFTY27JAN2624200PE,0.18704459770114942
21-01-2026 14:40||NIFTY27JAN2624500PE,0.16298968749999998
21-01-2026 14:40||NIFTY27JAN2624600PE,0.15357483516483517
21-01-2026 14:40||NIFTY27JAN2624700PE,0.14531756410256408
21-01-2026 14:40||NIFTY27JAN2625100PE,0.1236925974025974
21-01-2026 14:45||NIFTY27JAN2625400CE,0.1204355172413793
21-01-2026 14:45||NIFTY27JAN2625900CE,0.13338200000000003
21-01-2026 14:45||NIFTY27JAN2626100CE,0.1456120879120879
21-01-2026 14:45||NIFTY27JAN2624500PE,0.16135363636363637
21-01-2026 14:50||NIFTY27JAN2625200CE,0.12321904109589042
21-01-2026 14:50||NIFTY27JAN2625300CE,0.12134229508196723
21-01-2026 14:50||NIFTY27JAN2625500CE,0.12054735537190082
21-01-2026 14:50||NIFTY27JAN2625800CE,0.12863345794392522
21-01-2026 14:50||NIFTY27JAN2626300CE,0.16027508064516127
21-01-2026 14:50||NIFTY27JAN2623900PE,0.21432064220183486
21-01-2026 14:50||NIFTY27JAN2624900PE,0.1338890322580645
21-01-2026 14:55||NIFTY27JAN2625300CE,0.11962640000000002
21-01-2026 14:55||NIFTY27JAN2625700CE,0.12428959016393444
21-01-2026 14:55||NIFTY27JAN2626100CE,0.14425403669724768
21-01-2026 14:55||NIFTY27JAN2624200PE,0.18603674796747968
21-01-2026 15:00||NIFTY27JAN2625200CE,0.11837181818181819
21-01-2026 15:00||NIFTY27JAN2625300CE,0.11655828125
21-01-2026 15:00||NIFTY27JAN2625600CE,0.11998861788617884
21-01-2026 15:00||NIFTY27JAN2626400CE,0.1676749193548387
21-01-2026 15:00||NIFTY27JAN2623900PE,0.21565336448598127
21-01-2026 15:00||NIFTY27JAN2624100PE,0.19647685950413224
21-01-2026 15:00||NIFTY27JAN2624500PE,0.1607480733944954
21-01-2026 15:00||NIFTY27JAN2624800PE,0.14006139344262294
21-01-2026 15:00||NIFTY27JAN2625000PE,0.1292229411764706
21-01-2026 15:05||NIFTY27JAN2626200CE,0.1513067889908257
21-01-2026 15:05||NIFTY27JAN2624300PE,0.17679445945945949
21-01-2026 15:05||NIFTY27JAN2625100PE,0.12367441441441442
21-01-2026 15:10||NIFTY27JAN2625700CE,0.12051064102564102
21-01-2026 15:10||NIFTY27JAN2625800CE,0.1253093396226415
21-01-2026 15:10||NIFTY27JAN2625900CE,0.13059227848101262
21-01-2026 15:10||NIFTY27JAN2626500CE,0.17981637096774195
21-01-2026 15:10||NIFTY27JAN2624300PE,0.17826549019607843
21-01-2026 15:10||NIFTY27JAN2624500PE,0.16187626262626265
21-01-2026 15:10||NIFTY27JAN2624600PE,0.15279956896551725
21-01-2026 15:15||NIFTY27JAN2625200CE,0.11452355769230767
21-01-2026 15:15||NIFTY27JAN2625300CE,0.11372044247787609
21-01-2026 15:15||NIFTY27JAN2625600CE,0.1172425
21-01-2026 15:15||NIFTY27JAN2625700CE,0.11998311688311689
21-01-2026 15:15||NIFTY27JAN2625900CE,0.12934151162790697
21-01-2026 15:15||NIFTY27JAN2626200CE,0.15147648936170213
21-01-2026 15:15||NIFTY27JAN2624200PE,0.18845710000000002
21-01-2026 15:15||NIFTY27JAN2624300PE,0.17529560606060604
21-01-2026 15:15||NIFTY27JAN2624800PE,0.14252045454545456
21-01-2026 15:15||NIFTY27JAN2624900PE,0.13388713043478262
21-01-2026 15:20||NIFTY27JAN2625400CE,0.11419223140495867
21-01-2026 15:20||NIFTY27JAN2625600CE,0.11554441860465117
21-01-2026 15:20||NIFTY27JAN2623800PE,0.21604310810810812
21-01-2026 15:20||NIFTY27JAN2624800PE,0.14198943396226416
21-01-2026 15:20||NIFTY27JAN2625100PE,0.12696887096774193
21-01-2026 15:25||NIFTY27JAN2626200CE,0.14607036697247705
21-01-2026 15:25||NIFTY27JAN2623800PE,0.21646111111111105
21-01-2026 15:25||NIFTY27JAN2624200PE,0.19287467889908255
21-01-2026 15:25||NIFTY27JAN2624500PE,0.16318834862385317
21-01-2026 15:25||NIFTY27JAN2624800PE,0.13955542372881352
21-01-2026 15:25||NIFTY27JAN2625100PE,0.12152499999999998
22-01-2026 09:15||NIFTY27JAN2625300CE,0.11621735537190081
22-01-2026 09:15||NIFTY27JAN2623800PE,0.23018438356164386
22-01-2026 09:15||NIFTY27JAN2625100PE,0.11840451612903224
22-01-2026 09:20||NIFTY27JAN2625200CE,0.11463328947368422
22-01-2026 09:20||NIFTY27JAN2626300CE,0.15212888888888884
22-01-2026 09:20||NIFTY27JAN2623900PE,0.23761565217391306
22-01-2026 09:20||NIFTY27JAN2624000PE,0.22706586206896553
22-01-2026 09:20||NIFTY27JAN2624300PE,0.19468950819672132
22-01-2026 09:20||NIFTY27JAN2624500PE,0.17464570093457943
22-01-2026 09:20||NIFTY27JAN2624800PE,0.13949322580645163
22-01-2026 09:25||NIFTY27JAN2625200CE,0.12544233766233764
22-01-2026 09:25||NIFTY27JAN2625500CE,0.1127837037037037
22-01-2026 09:25||NIFTY27JAN2625600CE,0.11310356521739132
22-01-2026 09:25||NIFTY27JAN2626200CE,0.14327147540983606
22-01-2026 09:25||NIFTY27JAN2624700PE,0.16661082644628097
22-01-2026 09:25||NIFTY27JAN2625000PE,0.1359294166666667
22-01-2026 09:30||NIFTY27JAN2625500CE,0.11394556818181818
22-01-2026 09:30||NIFTY27JAN2625800CE,0.12067729508196721
22-01-2026 09:30||NIFTY27JAN2626000CE,0.13170532710280372
22-01-2026 09:30||NIFTY27JAN2626300CE,0.15379601851851848
22-01-2026 09:30||NIFTY27JAN2624600PE,0.18895429752066112
22-01-2026 09:30||NIFTY27JAN2624800PE,0.16777785714285715
22-01-2026 09:30||NIFTY27JAN2624900PE,0.1515430088495575
22-01-2026 09:30||NIFTY27JAN2625100PE,0.13168247706422015
22-01-2026 09:35||NIFTY27JAN2624100PE,0.25887224719101115
22-01-2026 09:40||NIFTY27JAN2626000CE,0.13280532710280374
22-01-2026 09:40||NIFTY27JAN2626200CE,0.14653860655737705
22-01-2026 09:40||NIFTY27JAN2624100PE,0.2629576712328767
22-01-2026 09:40||NIFTY27JAN2624500PE,0.2190462096774193
22-01-2026 09:45||NIFTY27JAN2623900PE,0.278935617977528
22-01-2026 09:45||NIFTY27JAN2624200PE,0.24790713114754098
22-01-2026 09:50||NIFTY27JAN2625600CE,0.11830764150943396
22-01-2026 09:50||NIFTY27JAN2625800CE,0.12075982456140348
22-01-2026 09:50||NIFTY27JAN2625900CE,0.12547594827586206
22-01-2026 09:50||NIFTY27JAN2626300CE,0.15108204918032786
22-01-2026 09:50||NIFTY27JAN2626500CE,0.17820000000000003
22-01-2026 09:50||NIFTY27JAN2623900PE,0.2639218823529412
22-01-2026 09:50||NIFTY27JAN2624100PE,0.24416056603773584
22-01-2026 09:50||NIFTY27JAN2624900PE,0.159235
22-01-2026 09:50||NIFTY27JAN2625000PE,0.14291628318584068
22-01-2026 09:55||NIFTY27JAN2625200CE,0.11771187499999998
22-01-2026 09:55||NIFTY27JAN2625500CE,0.11091619834710743
22-01-2026 09:55||NIFTY27JAN2624700PE,0.17964075949367087
22-01-2026 09:55||NIFTY27JAN2624800PE,0.16529494505494505
22-01-2026 09:55||NIFTY27JAN2624900PE,0.14615910256410256
22-01-2026 10:00||NIFTY27JAN2625400CE,0.11597162790697674
22-01-2026 10:00||NIFTY27JAN2625600CE,0.11262857142857141
22-01-2026 10:00||NIFTY27JAN2626100CE,0.1335842696629213
22-01-2026 10:00||NIFTY27JAN2626500CE,0.17293657407407406
22-01-2026 10:00||NIFTY27JAN2624200PE,0.22341440366972473
22-01-2026 10:00||NIFTY27JAN2624700PE,0.16653988505747128
22-01-2026 10:00||NIFTY27JAN2625100PE,0.12884612612612614
22-01-2026 10:05||NIFTY27JAN2625400CE,0.11819444444444444
22-01-2026 10:05||NIFTY27JAN2625700CE,0.11172808695652174
22-01-2026 10:05||NIFTY27JAN2625800CE,0.11524655172413795
22-01-2026 10:05||NIFTY27JAN2626100CE,0.1330692045454545
22-01-2026 10:05||NIFTY27JAN2626400CE,0.15562368852459016
22-01-2026 10:05||NIFTY27JAN2624500PE,0.18598808988764046
22-01-2026 10:05||NIFTY27JAN2624800PE,0.15469915492957745
22-01-2026 10:05||NIFTY27JAN2625000PE,0.13370826923076923
22-01-2026 10:10||NIFTY27JAN2625300CE,0.11719036144578314
22-01-2026 10:10||NIFTY27JAN2625500CE,0.10616266666666666
22-01-2026 10:10||NIFTY27JAN2626200CE,0.13850452173913044
22-01-2026 10:10||NIFTY27JAN2626300CE,0.14682739130434785
22-01-2026 10:10||NIFTY27JAN2623800PE,0.24808406504065042
22-01-2026 10:10||NIFTY27JAN2624200PE,0.21724910891089108
22-01-2026 10:10||NIFTY27JAN2624300PE,0.20593415929203537
22-01-2026 10:10||NIFTY27JAN2624500PE,0.18242802325581395
22-01-2026 10:10||NIFTY27JAN2624800PE,0.1518678651685393
22-01-2026 10:15||NIFTY27JAN2625300CE,0.11521653846153845
22-01-2026 10:15||NIFTY27JAN2625400CE,0.11155476190476188
22-01-2026 10:15||NIFTY27JAN2623900PE,0.2418645794392523
22-01-2026 10:15||NIFTY27JAN2624400PE,0.18972852459016393
22-01-2026 10:15||NIFTY27JAN2625000PE,0.13321422535211266
22-01-2026 10:20||NIFTY27JAN2625400CE,0.11209846153846154
22-01-2026 10:20||NIFTY27JAN2625500CE,0.10438010869565217
22-01-2026 10:20||NIFTY27JAN2625600CE,0.10821728070175438
22-01-2026 10:20||NIFTY27JAN2625900CE,0.12179999999999999
22-01-2026 10:20||NIFTY27JAN2624000PE,0.23020413793103447
22-01-2026 10:20||NIFTY27JAN2625000PE,0.12964692307692305
22-01-2026 10:20||NIFTY27JAN2625100PE,0.12481749999999998
22-01-2026 10:25||NIFTY27JAN2625900CE,0.1237364772727273
22-01-2026 10:25||NIFTY27JAN2626300CE,0.1533481451612903
22-01-2026 10:25||NIFTY27JAN2623900PE,0.2295641
22-01-2026 10:25||NIFTY27JAN2624000PE,0.22060962025316455
22-01-2026 10:25||NIFTY27JAN2624200PE,0.2011764462809917
22-01-2026 10:25||NIFTY27JAN2625100PE,0.11924196721311474
22-01-2026 10:30||NIFTY27JAN2625800CE,0.1178282191780822
22-01-2026 10:30||NIFTY27JAN2626100CE,0.1376302419354839
22-01-2026 10:30||NIFTY27JAN2624300PE,0.18782638888888886
22-01-2026 10:35||NIFTY27JAN2625200CE,0.12273176470588233
22-01-2026 10:35||NIFTY27JAN2625300CE,0.11838367924528301
22-01-2026 10:35||NIFTY27JAN2625400CE,0.11533141414141414
22-01-2026 10:35||NIFTY27JAN2625800CE,0.11710245283018868
22-01-2026 10:35||NIFTY27JAN2625100PE,0.11636395833333334
22-01-2026 10:40||NIFTY27JAN2625800CE,0.12087467741935484
22-01-2026 10:40||NIFTY27JAN2625900CE,0.12528122807017542
22-01-2026 10:40||NIFTY27JAN2626000CE,0.1340572448979592
22-01-2026 10:40||NIFTY27JAN2624300PE,0.18499339449541283
22-01-2026 10:40||NIFTY27JAN2624600PE,0.15593174311926603
22-01-2026 10:40||NIFTY27JAN2625000PE,0.12580112676056338
22-01-2026 10:45||NIFTY27JAN2625400CE,0.11209820000000001
22-01-2026 10:45||NIFTY27JAN2625500CE,0.11136877192982456
22-01-2026 10:45||NIFTY27JAN2625700CE,0.11543488095238094
22-01-2026 10:45||NIFTY27JAN2625900CE,0.12605617647058823
22-01-2026 10:45||NIFTY27JAN2626400CE,0.16685286956521742
22-01-2026 10:45||NIFTY27JAN2626500CE,0.18068649122807015
22-01-2026 10:45||NIFTY27JAN2623900PE,0.22650275862068966
22-01-2026 10:45||NIFTY27JAN2625000PE,0.1315550980392157
22-01-2026 10:50||NIFTY27JAN2625300CE,0.10972198347107438
22-01-2026 10:50||NIFTY27JAN2625700CE,0.11724034482758618
22-01-2026 10:50||NIFTY27JAN2625900CE,0.1310941379310345
22-01-2026 10:50||NIFTY27JAN2626000CE,0.13676838383838383
22-01-2026 10:50||NIFTY27JAN2626300CE,0.15917944444444443
22-01-2026 10:50||NIFTY27JAN2623900PE,0.22529420454545454
22-01-2026 10:50||NIFTY27JAN2624400PE,0.17783313131313133
22-01-2026 10:50||NIFTY27JAN2624500PE,0.16734542056074764
22-01-2026 10:50||NIFTY27JAN2624600PE,0.154460625
22-01-2026 10:50||NIFTY27JAN2624900PE,0.1362155652173913
22-01-2026 10:50||NIFTY27JAN2625000PE,0.13400265625
22-01-2026 10:55||NIFTY27JAN2625900CE,0.13177120689655172
22-01-2026 10:55||NIFTY27JAN2624000PE,0.21520314049586775
22-01-2026 10:55||NIFTY27JAN2624200PE,0.19368516393442622
22-01-2026 10:55||NIFTY27JAN2624600PE,0.15750295454545452
22-01-2026 11:00||NIFTY27JAN2626300CE,0.16368416666666666
22-01-2026 11:00||NIFTY27JAN2624400PE,0.1761062037037037
22-01-2026 11:00||NIFTY27JAN2624800PE,0.14449842696629212
22-01-2026 11:05||NIFTY27JAN2625500CE,0.11560252173913042
22-01-2026 11:05||NIFTY27JAN2625600CE,0.11854653465346533
22-01-2026 11:05||NIFTY27JAN2625900CE,0.1349106481481481
22-01-2026 11:05||NIFTY27JAN2626200CE,0.15602915887850466
22-01-2026 11:05||NIFTY27JAN2624500PE,0.1660027868852459
22-01-2026 11:05||NIFTY27JAN2624800PE,0.14326250000000001
22-01-2026 11:10||NIFTY27JAN2625400CE,0.11862430894308942
22-01-2026 11:10||NIFTY27JAN2625800CE,0.1302130681818182
22-01-2026 11:10||NIFTY27JAN2626100CE,0.1495941379310345
22-01-2026 11:10||NIFTY27JAN2623800PE,0.2262162295081967
22-01-2026 11:10||NIFTY27JAN2624300PE,0.18187865168539324
22-01-2026 11:10||NIFTY27JAN2624600PE,0.15544504347826085
22-01-2026 11:10||NIFTY27JAN2624700PE,0.1473737
22-01-2026 11:10||NIFTY27JAN2625000PE,0.1284169298245614
22-01-2026 11:10||NIFTY27JAN2625100PE,0.12272471153846154
22-01-2026 11:15||NIFTY27JAN2625600CE,0.11900527777777777
22-01-2026 11:15||NIFTY27JAN2625800CE,0.13213521126760563
22-01-2026 11:15||NIFTY27JAN2626100CE,0.14882345679012346
22-01-2026 11:15||NIFTY27JAN2626200CE,0.15707755102040818
22-01-2026 11:15||NIFTY27JAN2626400CE,0.17271403508771926
22-01-2026 11:15||NIFTY27JAN2626500CE,0.18616357142857143
22-01-2026 11:15||NIFTY27JAN2623900PE,0.2220733802816901
22-01-2026 11:15||NIFTY27JAN2624300PE,0.18093112359550562
22-01-2026 11:20||NIFTY27JAN2625600CE,0.12042685393258426
22-01-2026 11:20||NIFTY27JAN2625900CE,0.13624494252873565
22-01-2026 11:20||NIFTY27JAN2623900PE,0.21890557692307688
22-01-2026 11:20||NIFTY27JAN2624700PE,0.14844559999999998
22-01-2026 11:20||NIFTY27JAN2624800PE,0.14093465517241383
22-01-2026 11:25||NIFTY27JAN2625800CE,0.12978707692307692
22-01-2026 11:25||NIFTY27JAN2625900CE,0.13579156249999996
22-01-2026 11:25||NIFTY27JAN2626500CE,0.18148
22-01-2026 11:25||NIFTY27JAN2623800PE,0.22934171428571426
22-01-2026 11:25||NIFTY27JAN2623900PE,0.22118285714285715
22-01-2026 11:25||NIFTY27JAN2624000PE,0.21001876106194683
22-01-2026 11:25||NIFTY27JAN2624500PE,0.1623083620689655
22-01-2026 11:25||NIFTY27JAN2624600PE,0.15237652173913044
22-01-2026 11:30||NIFTY27JAN2625800CE,0.12915470588235295
22-01-2026 11:30||NIFTY27JAN2626000CE,0.14104175000000002
22-01-2026 11:30||NIFTY27JAN2624300PE,0.1825469918699187
22-01-2026 11:35||NIFTY27JAN2625500CE,0.11856870967741935
22-01-2026 11:35||NIFTY27JAN2625900CE,0.13601177570093456
22-01-2026 11:35||NIFTY27JAN2624200PE,0.19109193181818182
22-01-2026 11:40||NIFTY27JAN2625200CE,0.12248154639175259
22-01-2026 11:40||NIFTY27JAN2626300CE,0.16712201834862386
22-01-2026 11:40||NIFTY27JAN2624200PE,0.18936011235955055
22-01-2026 11:40||NIFTY27JAN2624700PE,0.14608935483870966
22-01-2026 11:45||NIFTY27JAN2626500CE,0.18764557377049176
22-01-2026 11:45||NIFTY27JAN2623900PE,0.22124040983606558
22-01-2026 11:45||NIFTY27JAN2624400PE,0.1720712195121951
22-01-2026 11:45||NIFTY27JAN2625000PE,0.1316895327102804
22-01-2026 11:50||NIFTY27JAN2625200CE,0.12631711340206186
22-01-2026 11:50||NIFTY27JAN2625700CE,0.1286864220183486
22-01-2026 11:50||NIFTY27JAN2626200CE,0.16236818965517238
22-01-2026 11:50||NIFTY27JAN2626300CE,0.17215702970297028
22-01-2026 11:50||NIFTY27JAN2624500PE,0.16121983739837398
22-01-2026 11:50||NIFTY27JAN2624800PE,0.13906798387096775
22-01-2026 11:55||NIFTY27JAN2624000PE,0.20886443548387096
22-01-2026 11:55||NIFTY27JAN2625000PE,0.12691355140186916
22-01-2026 12:00||NIFTY27JAN2625600CE,0.12562849999999998
22-01-2026 12:00||NIFTY27JAN2625700CE,0.13068692307692306
22-01-2026 12:00||NIFTY27JAN2626100CE,0.1552836111111111
22-01-2026 12:00||NIFTY27JAN2626400CE,0.17873247933884298
22-01-2026 12:00||NIFTY27JAN2623800PE,0.22591819672131147
22-01-2026 12:00||NIFTY27JAN2624300PE,0.17907494382022474
22-01-2026 12:05||NIFTY27JAN2625600CE,0.1257281012658228
22-01-2026 12:05||NIFTY27JAN2625700CE,0.12963620253164557
22-01-2026 12:05||NIFTY27JAN2626000CE,0.14804942622950817
22-01-2026 12:05||NIFTY27JAN2626300CE,0.17116528455284552
22-01-2026 12:05||NIFTY27JAN2624300PE,0.17824719101123593
22-01-2026 12:10||NIFTY27JAN2625500CE,0.12395747967479676
22-01-2026 12:10||NIFTY27JAN2625800CE,0.13337341463414634
22-01-2026 12:10||NIFTY27JAN2626100CE,0.15224657534246575
22-01-2026 12:10||NIFTY27JAN2624000PE,0.20962213483146067
22-01-2026 12:10||NIFTY27JAN2624500PE,0.16075685393258426
22-01-2026 12:15||NIFTY27JAN2626100CE,0.15014011363636365
22-01-2026 12:15||NIFTY27JAN2626400CE,0.1737826548672566
22-01-2026 12:15||NIFTY27JAN2626500CE,0.18701671232876713
22-01-2026 12:15||NIFTY27JAN2623800PE,0.23115450450450448
22-01-2026 12:15||NIFTY27JAN2624000PE,0.21116643678160915
22-01-2026 12:15||NIFTY27JAN2624500PE,0.16244
22-01-2026 12:20||NIFTY27JAN2625900CE,0.13672188118811882
22-01-2026 12:20||NIFTY27JAN2626000CE,0.1441511304347826
22-01-2026 12:20||NIFTY27JAN2626500CE,0.18837436781609196
22-01-2026 12:20||NIFTY27JAN2624800PE,0.136238
22-01-2026 12:20||NIFTY27JAN2624900PE,0.12844973913043475
22-01-2026 12:25||NIFTY27JAN2625300CE,0.1194210655737705
22-01-2026 12:25||NIFTY27JAN2623900PE,0.2213025
22-01-2026 12:25||NIFTY27JAN2624200PE,0.19107550561797754
22-01-2026 12:25||NIFTY27JAN2624700PE,0.14599478260869564
22-01-2026 12:25||NIFTY27JAN2624800PE,0.13514637499999999
22-01-2026 12:30||NIFTY27JAN2625700CE,0.12318982456140348
22-01-2026 12:30||NIFTY27JAN2625800CE,0.12786731481481478
22-01-2026 12:30||NIFTY27JAN2625900CE,0.13487808080808084
22-01-2026 12:30||NIFTY27JAN2626400CE,0.17400390243902442
22-01-2026 12:30||NIFTY27JAN2624200PE,0.19113448275862072
22-01-2026 12:30||NIFTY27JAN2624400PE,0.170529746835443
22-01-2026 12:30||NIFTY27JAN2624500PE,0.16075886956521743
22-01-2026 12:30||NIFTY27JAN2625100PE,0.1225217857142857
22-01-2026 12:35||NIFTY27JAN2626100CE,0.14842603773584906
22-01-2026 12:35||NIFTY27JAN2626300CE,0.16535819047619046
22-01-2026 12:35||NIFTY27JAN2623800PE,0.22541209677419352
22-01-2026 12:35||NIFTY27JAN2624400PE,0.16947545454545454
22-01-2026 12:40||NIFTY27JAN2626200CE,0.15605942857142854
22-01-2026 12:40||NIFTY27JAN2624100PE,0.2001914516129032
22-01-2026 12:45||NIFTY27JAN2625200CE,0.11417098214285713
22-01-2026 12:45||NIFTY27JAN2625700CE,0.12128431034482759
22-01-2026 12:45||NIFTY27JAN2625800CE,0.12686707964601768
22-01-2026 12:45||NIFTY27JAN2626000CE,0.14011108108108106
22-01-2026 12:45||NIFTY27JAN2626100CE,0.14727121621621625
22-01-2026 12:45||NIFTY27JAN2626200CE,0.15761575757575755
22-01-2026 12:45||NIFTY27JAN2626300CE,0.16778425925925922
22-01-2026 12:45||NIFTY27JAN2626400CE,0.1752483673469388
22-01-2026 12:45||NIFTY27JAN2624700PE,0.1438437704918033
22-01-2026 12:45||NIFTY27JAN2624900PE,0.1300825287356322
22-01-2026 12:50||NIFTY27JAN2625900CE,0.13401663934426228
22-01-2026 12:50||NIFTY27JAN2626200CE,0.15907253968253965
22-01-2026 12:50||NIFTY27JAN2626300CE,0.16905025641025642
22-01-2026 12:50||NIFTY27JAN2624200PE,0.1868536206896552
22-01-2026 12:50||NIFTY27JAN2624300PE,0.17611217391304348
22-01-2026 12:50||NIFTY27JAN2624900PE,0.13009189189189188
22-01-2026 12:55||NIFTY27JAN2626100CE,0.15052333333333331
22-01-2026 12:55||NIFTY27JAN2626400CE,0.1775396296296296
22-01-2026 12:55||NIFTY27JAN2624400PE,0.16791479452054792
22-01-2026 12:55||NIFTY27JAN2625100PE,0.12084339285714285
22-01-2026 13:00||NIFTY27JAN2625700CE,0.12361977528089885
22-01-2026 13:00||NIFTY27JAN2624000PE,0.2056427642276423
22-01-2026 13:00||NIFTY27JAN2624400PE,0.1653424074074074
22-01-2026 13:00||NIFTY27JAN2624900PE,0.12761814814814812
22-01-2026 13:05||NIFTY27JAN2625300CE,0.11845556962025315
22-01-2026 13:05||NIFTY27JAN2625400CE,0.11616578947368421
22-01-2026 13:05||NIFTY27JAN2625700CE,0.12456269662921349
22-01-2026 13:05||NIFTY27JAN2623800PE,0.22183650406504063
22-01-2026 13:05||NIFTY27JAN2624100PE,0.19378909836065575
22-01-2026 13:05||NIFTY27JAN2624400PE,0.16328864864864864
22-01-2026 13:05||NIFTY27JAN2625000PE,0.12155041322314052
22-01-2026 13:10||NIFTY27JAN2625300CE,0.11940975903614459
22-01-2026 13:10||NIFTY27JAN2625500CE,0.11878409523809523
22-01-2026 13:10||NIFTY27JAN2626000CE,0.14562080645161288
22-01-2026 13:10||NIFTY27JAN2626500CE,0.19230967479674796
22-01-2026 13:10||NIFTY27JAN2624200PE,0.18273727272727272
22-01-2026 13:15||NIFTY27JAN2625200CE,0.11485342105263159
22-01-2026 13:15||NIFTY27JAN2625600CE,0.1205089344262295
22-01-2026 13:15||NIFTY27JAN2624200PE,0.18213067415730333
22-01-2026 13:15||NIFTY27JAN2624600PE,0.1465581739130435
22-01-2026 13:15||NIFTY27JAN2624700PE,0.13808851851851853
22-01-2026 13:20||NIFTY27JAN2625200CE,0.12043597402597402
22-01-2026 13:20||NIFTY27JAN2625500CE,0.1206161111111111
22-01-2026 13:20||NIFTY27JAN2626100CE,0.1546532584269663
22-01-2026 13:20||NIFTY27JAN2623900PE,0.21348572580645156
22-01-2026 13:20||NIFTY27JAN2624700PE,0.13786686046511626
22-01-2026 13:20||NIFTY27JAN2624900PE,0.12141425287356322
22-01-2026 13:25||NIFTY27JAN2625800CE,0.12987818181818184
22-01-2026 13:25||NIFTY27JAN2626100CE,0.15545319444444444
22-01-2026 13:25||NIFTY27JAN2626300CE,0.17242442622950818
22-01-2026 13:25||NIFTY27JAN2624900PE,0.1217912643678161
22-01-2026 13:25||NIFTY27JAN2625100PE,0.11667799999999998
22-01-2026 13:30||NIFTY27JAN2625800CE,0.12899974999999997
22-01-2026 13:30||NIFTY27JAN2625900CE,0.13688745614035086
22-01-2026 13:30||NIFTY27JAN2623800PE,0.21897267441860466
22-01-2026 13:30||NIFTY27JAN2624000PE,0.2048820408163265
22-01-2026 13:30||NIFTY27JAN2624100PE,0.19300551724137932
22-01-2026 13:30||NIFTY27JAN2624600PE,0.1444785227272727
22-01-2026 13:30||NIFTY27JAN2625100PE,0.11990580645161289
22-01-2026 13:35||NIFTY27JAN2625300CE,0.12444095238095239
22-01-2026 13:35||NIFTY27JAN2625500CE,0.12164483050847456
22-01-2026 13:35||NIFTY27JAN2625700CE,0.12714508333333333
22-01-2026 13:35||NIFTY27JAN2626000CE,0.14660275
22-01-2026 13:35||NIFTY27JAN2626100CE,0.15571341176470588
22-01-2026 13:35||NIFTY27JAN2626400CE,0.18093669421487601
22-01-2026 13:35||NIFTY27JAN2623800PE,0.2182439240506329
22-01-2026 13:35||NIFTY27JAN2623900PE,0.21130769911504427
22-01-2026 13:35||NIFTY27JAN2624400PE,0.16196183098591546
22-01-2026 13:35||NIFTY27JAN2624600PE,0.14464468354430382
22-01-2026 13:35||NIFTY27JAN2624700PE,0.13401139130434783
22-01-2026 13:40||NIFTY27JAN2625300CE,0.1268207692307692
22-01-2026 13:40||NIFTY27JAN2625400CE,0.11925089285714284
22-01-2026 13:40||NIFTY27JAN2625600CE,0.12226283333333333
22-01-2026 13:40||NIFTY27JAN2626000CE,0.1472526436781609
22-01-2026 13:40||NIFTY27JAN2626300CE,0.17002958904109589
22-01-2026 13:40||NIFTY27JAN2624000PE,0.2030625471698113
22-01-2026 13:40||NIFTY27JAN2624200PE,0.1818975
22-01-2026 13:40||NIFTY27JAN2624300PE,0.17196424528301887
22-01-2026 13:40||NIFTY27JAN2624400PE,0.15757681818181818
22-01-2026 13:40||NIFTY27JAN2624900PE,0.12211377049180328
22-01-2026 13:40||NIFTY27JAN2625100PE,0.1134821052631579
22-01-2026 13:45||NIFTY27JAN2625200CE,0.11876263157894736
22-01-2026 13:45||NIFTY27JAN2625800CE,0.13073193548387096
22-01-2026 13:45||NIFTY27JAN2626100CE,0.1531961320754717
22-01-2026 13:45||NIFTY27JAN2626300CE,0.1699501923076923
22-01-2026 13:45||NIFTY27JAN2624400PE,0.16093424657534247
22-01-2026 13:50||NIFTY27JAN2625200CE,0.11851168831168829
22-01-2026 13:50||NIFTY27JAN2626300CE,0.16801287671232876
22-01-2026 13:50||NIFTY27JAN2623800PE,0.2192279816513761
22-01-2026 13:55||NIFTY27JAN2625400CE,0.1165313157894737
22-01-2026 13:55||NIFTY27JAN2625500CE,0.11955212499999998
22-01-2026 13:55||NIFTY27JAN2625900CE,0.1345755172413793
22-01-2026 13:55||NIFTY27JAN2626000CE,0.14389724137931037
22-01-2026 13:55||NIFTY27JAN2626400CE,0.17855317757009345
22-01-2026 13:55||NIFTY27JAN2624500PE,0.15174672413793105
22-01-2026 13:55||NIFTY27JAN2624600PE,0.1415517543859649
22-01-2026 13:55||NIFTY27JAN2624800PE,0.12631762295081966
22-01-2026 14:00||NIFTY27JAN2625300CE,0.11174355932203389
22-01-2026 14:00||NIFTY27JAN2625500CE,0.11257435897435897
22-01-2026 14:00||NIFTY27JAN2625600CE,0.11616678260869566
22-01-2026 14:00||NIFTY27JAN2626500CE,0.18663945945945945
22-01-2026 14:00||NIFTY27JAN2623800PE,0.22223982758620686
22-01-2026 14:00||NIFTY27JAN2623900PE,0.21395804123711337
22-01-2026 14:00||NIFTY27JAN2624300PE,0.17233079545454547
22-01-2026 14:00||NIFTY27JAN2625000PE,0.11735426229508196
22-01-2026 14:05||NIFTY27JAN2625200CE,0.11091396396396395
22-01-2026 14:05||NIFTY27JAN2626200CE,0.15938090163934424
22-01-2026 14:05||NIFTY27JAN2626400CE,0.1783182692307692
22-01-2026 14:05||NIFTY27JAN2623800PE,0.21831149253731347
22-01-2026 14:05||NIFTY27JAN2624000PE,0.20260686440677966
22-01-2026 14:05||NIFTY27JAN2624200PE,0.18132897435897435
22-01-2026 14:05||NIFTY27JAN2624300PE,0.16986399999999996
22-01-2026 14:10||NIFTY27JAN2625900CE,0.13430651376146785
22-01-2026 14:10||NIFTY27JAN2623900PE,0.21091021978021982
22-01-2026 14:10||NIFTY27JAN2624200PE,0.17824045454545454
22-01-2026 14:10||NIFTY27JAN2625100PE,0.11387328947368422
22-01-2026 14:15||NIFTY27JAN2626500CE,0.18978730000000002
22-01-2026 14:15||NIFTY27JAN2623800PE,0.21800046874999998
22-01-2026 14:15||NIFTY27JAN2624600PE,0.14064293577981646
22-01-2026 14:15||NIFTY27JAN2625000PE,0.11554499999999998
22-01-2026 14:15||NIFTY27JAN2625100PE,0.10635072463768115
22-01-2026 14:20||NIFTY27JAN2625400CE,0.11805161290322577
22-01-2026 14:20||NIFTY27JAN2625700CE,0.1226818181818182
22-01-2026 14:20||NIFTY27JAN2625800CE,0.12908916666666664
22-01-2026 14:20||NIFTY27JAN2625900CE,0.13801914634146342
22-01-2026 14:20||NIFTY27JAN2626100CE,0.15230078947368422
22-01-2026 14:20||NIFTY27JAN2626200CE,0.16262086206896553
22-01-2026 14:20||NIFTY27JAN2623800PE,0.21643677419354837
22-01-2026 14:20||NIFTY27JAN2623900PE,0.2104322222222222
22-01-2026 14:20||NIFTY27JAN2624000PE,0.19923320754716978
22-01-2026 14:20||NIFTY27JAN2624100PE,0.18720318584070794
22-01-2026 14:20||NIFTY27JAN2624400PE,0.15615479674796748
22-01-2026 14:20||NIFTY27JAN2624900PE,0.1152940650406504
22-01-2026 14:25||NIFTY27JAN2626500CE,0.19045819444444445
22-01-2026 14:25||NIFTY27JAN2624200PE,0.17848017543859648
22-01-2026 14:25||NIFTY27JAN2624300PE,0.16603774999999998
22-01-2026 14:25||NIFTY27JAN2624600PE,0.13786722772277227
22-01-2026 14:25||NIFTY27JAN2624700PE,0.12768922413793107
22-01-2026 14:30||NIFTY27JAN2625600CE,0.11837182608695652
22-01-2026 14:30||NIFTY27JAN2625700CE,0.12060050505050506
22-01-2026 14:30||NIFTY27JAN2625900CE,0.13193252336448597
22-01-2026 14:30||NIFTY27JAN2626500CE,0.18219757575757575
22-01-2026 14:30||NIFTY27JAN2623800PE,0.22109023529411764
22-01-2026 14:30||NIFTY27JAN2624300PE,0.1706961363636364
22-01-2026 14:35||NIFTY27JAN2625500CE,0.11660360655737705
22-01-2026 14:35||NIFTY27JAN2624000PE,0.20496247706422013
22-01-2026 14:35||NIFTY27JAN2624800PE,0.12240846774193546
22-01-2026 14:40||NIFTY27JAN2625200CE,0.12771372727272726
22-01-2026 14:40||NIFTY27JAN2625400CE,0.11738037735849056
22-01-2026 14:40||NIFTY27JAN2626100CE,0.14217134831460673
22-01-2026 14:40||NIFTY27JAN2626500CE,0.1750570297029703
22-01-2026 14:40||NIFTY27JAN2623800PE,0.2237867326732673
22-01-2026 14:45||NIFTY27JAN2626100CE,0.13843095890410956
22-01-2026 14:45||NIFTY27JAN2624000PE,0.20678275229357795
22-01-2026 14:50||NIFTY27JAN2625400CE,0.1121412121212121
22-01-2026 14:50||NIFTY27JAN2625500CE,0.1099985185185185
22-01-2026 14:50||NIFTY27JAN2625600CE,0.1110080808080808
22-01-2026 14:50||NIFTY27JAN2626200CE,0.14584967213114755
22-01-2026 14:50||NIFTY27JAN2624400PE,0.16001678260869565
22-01-2026 14:50||NIFTY27JAN2624500PE,0.14826646551724143
22-01-2026 14:55||NIFTY27JAN2626100CE,0.13618574074074072
22-01-2026 14:55||NIFTY27JAN2626500CE,0.1757563414634146
22-01-2026 14:55||NIFTY27JAN2624300PE,0.1697194318181818
22-01-2026 14:55||NIFTY27JAN2625000PE,0.11030520661157026
22-01-2026 15:00||NIFTY27JAN2625600CE,0.10949101694915253
22-01-2026 15:00||NIFTY27JAN2626400CE,0.16127943089430893
22-01-2026 15:00||NIFTY27JAN2624300PE,0.16777595505617976
22-01-2026 15:00||NIFTY27JAN2624600PE,0.1370117741935484
22-01-2026 15:00||NIFTY27JAN2624900PE,0.11426520325203252
22-01-2026 15:05||NIFTY27JAN2625300CE,0.1165630701754386
22-01-2026 15:05||NIFTY27JAN2625400CE,0.11035515151515152
22-01-2026 15:05||NIFTY27JAN2625600CE,0.112465
22-01-2026 15:10||NIFTY27JAN2625600CE,0.10993972972972972
22-01-2026 15:10||NIFTY27JAN2626100CE,0.133310406504065
22-01-2026 15:10||NIFTY27JAN2623800PE,0.21455149425287356
22-01-2026 15:10||NIFTY27JAN2624000PE,0.20266883333333333
22-01-2026 15:10||NIFTY27JAN2624200PE,0.177747816091954
22-01-2026 15:10||NIFTY27JAN2625100PE,0.09825383928571428
22-01-2026 15:15||NIFTY27JAN2625400CE,0.11566743119266054
22-01-2026 15:15||NIFTY27JAN2625800CE,0.11216508620689655
22-01-2026 15:15||NIFTY27JAN2625900CE,0.11785356435643564
22-01-2026 15:15||NIFTY27JAN2626200CE,0.1389531304347826
22-01-2026 15:15||NIFTY27JAN2626300CE,0.1485824347826087
22-01-2026 15:15||NIFTY27JAN2623800PE,0.213144054054054
22-01-2026 15:15||NIFTY27JAN2624200PE,0.178663595505618
22-01-2026 15:15||NIFTY27JAN2624600PE,0.135731935483871
22-01-2026 15:20||NIFTY27JAN2625200CE,0.12812973684210524
22-01-2026 15:20||NIFTY27JAN2626400CE,0.16034920454545454
22-01-2026 15:20||NIFTY27JAN2624800PE,0.11947365853658537
22-01-2026 15:25||NIFTY27JAN2625200CE,0.13059884057971013
22-01-2026 15:25||NIFTY27JAN2625300CE,0.12398017699115042
22-01-2026 15:25||NIFTY27JAN2625600CE,0.11284130081300814
22-01-2026 15:25||NIFTY27JAN2625900CE,0.12054309999999999
22-01-2026 15:25||NIFTY27JAN2626000CE,0.12616899999999995
22-01-2026 15:25||NIFTY27JAN2626400CE,0.16498371428571434
22-01-2026 15:25||NIFTY27JAN2623800PE,0.22837566037735849
22-01-2026 15:25||NIFTY27JAN2624300PE,0.17048829545454547
22-01-2026 15:25||NIFTY27JAN2624700PE,0.1318041463414634
22-01-2026 15:25||NIFTY27JAN2625100PE,0.10533410714285713
23-01-2026 09:15||NIFTY27JAN2625500CE,0.11225272727272727
23-01-2026 09:15||NIFTY27JAN2626000CE,0.1298453846153846
23-01-2026 09:15||NIFTY27JAN2626100CE,0.13504719101123597
23-01-2026 09:15||NIFTY27JAN2626200CE,0.13917232142857142
23-01-2026 09:15||NIFTY27JAN2626300CE,0.1559615596330275
23-01-2026 09:15||NIFTY27JAN2626500CE,0.18057697478991597
23-01-2026 09:15||NIFTY27JAN2624100PE,0.2030888596491228
23-01-2026 09:15||NIFTY27JAN2624200PE,0.1890111214953271
23-01-2026 09:15||NIFTY27JAN2624300PE,0.18012333333333333
23-01-2026 09:20||NIFTY27JAN2625500CE,0.11368988764044942
23-01-2026 09:20||NIFTY27JAN2626200CE,0.14587489795918365
23-01-2026 09:20||NIFTY27JAN2626400CE,0.17479200000000003
23-01-2026 09:20||NIFTY27JAN2623900PE,0.23215611111111112
23-01-2026 09:20||NIFTY27JAN2624400PE,0.17238166666666663
23-01-2026 09:25||NIFTY27JAN2626100CE,0.13827094117647057
23-01-2026 09:25||NIFTY27JAN2626200CE,0.14763587301587297
23-01-2026 09:25||NIFTY27JAN2626400CE,0.1694970238095238
23-01-2026 09:25||NIFTY27JAN2623800PE,0.24185041666666668
23-01-2026 09:25||NIFTY27JAN2625100PE,0.11325142857142856
23-01-2026 09:30||NIFTY27JAN2625200CE,0.1263449107142857
23-01-2026 09:30||NIFTY27JAN2626300CE,0.15928573770491802
23-01-2026 09:30||NIFTY27JAN2623900PE,0.24063109375
23-01-2026 09:30||NIFTY27JAN2624000PE,0.22675212499999997
23-01-2026 09:30||NIFTY27JAN2624400PE,0.18189999999999998
23-01-2026 09:30||NIFTY27JAN2624500PE,0.16502714285714287
23-01-2026 09:30||NIFTY27JAN2624600PE,0.15201198113207548
23-01-2026 09:30||NIFTY27JAN2624700PE,0.14116105263157894
23-01-2026 09:35||NIFTY27JAN2625500CE,0.10767090909090908
23-01-2026 09:35||NIFTY27JAN2626100CE,0.13704870967741936
23-01-2026 09:35||NIFTY27JAN2623900PE,0.24040538461538458
23-01-2026 09:35||NIFTY27JAN2624000PE,0.22642412499999998
23-01-2026 09:35||NIFTY27JAN2624400PE,0.17771181818181817
23-01-2026 09:40||NIFTY27JAN2625400CE,0.11109634782608695
23-01-2026 09:40||NIFTY27JAN2625500CE,0.10778592592592592
23-01-2026 09:40||NIFTY27JAN2626000CE,0.12871999999999997
23-01-2026 09:45||NIFTY27JAN2626100CE,0.13901138888888884
23-01-2026 09:45||NIFTY27JAN2626400CE,0.1725107258064516
23-01-2026 09:45||NIFTY27JAN2623900PE,0.23764222222222223
23-01-2026 09:45||NIFTY27JAN2624100PE,0.213986218487395
23-01-2026 09:45||NIFTY27JAN2624300PE,0.18878358333333334
23-01-2026 09:45||NIFTY27JAN2624800PE,0.13549440000000001
23-01-2026 09:45||NIFTY27JAN2624900PE,0.12599913793103448
23-01-2026 09:50||NIFTY27JAN2625200CE,0.12439768115942029
23-01-2026 09:50||NIFTY27JAN2625300CE,0.11531061946902652
23-01-2026 09:50||NIFTY27JAN2625700CE,0.10776728395061727
23-01-2026 09:50||NIFTY27JAN2625800CE,0.11217391304347828
23-01-2026 09:50||NIFTY27JAN2623900PE,0.23613977272727274
23-01-2026 09:50||NIFTY27JAN2624200PE,0.20031541176470588
23-01-2026 09:50||NIFTY27JAN2624400PE,0.17389289256198345
23-01-2026 09:50||NIFTY27JAN2624700PE,0.14027850467289718
23-01-2026 09:55||NIFTY27JAN2625200CE,0.1170021052631579
23-01-2026 09:55||NIFTY27JAN2625700CE,0.10594681818181817
23-01-2026 09:55||NIFTY27JAN2626300CE,0.16199617977528089
23-01-2026 09:55||NIFTY27JAN2623800PE,0.2400580555555555
23-01-2026 09:55||NIFTY27JAN2624200PE,0.19881921348314605
23-01-2026 09:55||NIFTY27JAN2624800PE,0.13307200000000005
23-01-2026 09:55||NIFTY27JAN2625000PE,0.11792250000000001
23-01-2026 10:00||NIFTY27JAN2625900CE,0.11636956140350876
23-01-2026 10:00||NIFTY27JAN2626000CE,0.12820546296296295
23-01-2026 10:00||NIFTY27JAN2626100CE,0.1397598198198198
23-01-2026 10:00||NIFTY27JAN2626300CE,0.16205732558139535
23-01-2026 10:00||NIFTY27JAN2624700PE,0.13967037735849056
23-01-2026 10:05||NIFTY27JAN2626200CE,0.15027950819672128
23-01-2026 10:05||NIFTY27JAN2623800PE,0.2353690540540541
23-01-2026 10:05||NIFTY27JAN2624100PE,0.21185243902439022
23-01-2026 10:05||NIFTY27JAN2624600PE,0.1514963953488372
23-01-2026 10:05||NIFTY27JAN2624800PE,0.13140098591549293
23-01-2026 10:10||NIFTY27JAN2625300CE,0.1023650819672131
23-01-2026 10:10||NIFTY27JAN2623800PE,0.23687275862068963
23-01-2026 10:10||NIFTY27JAN2624000PE,0.22357719008264468
23-01-2026 10:10||NIFTY27JAN2624400PE,0.17431032786885248
23-01-2026 10:10||NIFTY27JAN2624600PE,0.15013285714285715
23-01-2026 10:10||NIFTY27JAN2624800PE,0.13074720930232558
23-01-2026 10:15||NIFTY27JAN2625700CE,0.10333651162790697
23-01-2026 10:15||NIFTY27JAN2625900CE,0.11830601769911502
23-01-2026 10:15||NIFTY27JAN2626000CE,0.13068919999999998
23-01-2026 10:15||NIFTY27JAN2626400CE,0.17502178861788617
23-01-2026 10:15||NIFTY27JAN2624700PE,0.1377094262295082
23-01-2026 10:20||NIFTY27JAN2625700CE,0.10518814814814814
23-01-2026 10:20||NIFTY27JAN2625800CE,0.1099501754385965
23-01-2026 10:20||NIFTY27JAN2626100CE,0.14125540983606558
23-01-2026 10:20||NIFTY27JAN2626500CE,0.18828188524590161
23-01-2026 10:25||NIFTY27JAN2625400CE,0.1046050806451613
23-01-2026 10:25||NIFTY27JAN2626000CE,0.12887509259259258
23-01-2026 10:25||NIFTY27JAN2623800PE,0.24055715447154472
23-01-2026 10:25||NIFTY27JAN2624400PE,0.1725804597701149
23-01-2026 10:25||NIFTY27JAN2624600PE,0.14720068965517238
23-01-2026 10:25||NIFTY27JAN2625100PE,0.10953032258064516
23-01-2026 10:30||NIFTY27JAN2624100PE,0.2098668965517241
23-01-2026 10:30||NIFTY27JAN2624400PE,0.1755777906976744
23-01-2026 10:30||NIFTY27JAN2624600PE,0.1491038028169014
23-01-2026 10:30||NIFTY27JAN2625100PE,0.10912619047619046
23-01-2026 10:35||NIFTY27JAN2625600CE,0.09987596774193548
23-01-2026 10:35||NIFTY27JAN2624000PE,0.22680192307692304
23-01-2026 10:35||NIFTY27JAN2624100PE,0.21150736842105264
23-01-2026 10:35||NIFTY27JAN2624200PE,0.19842238938053097
23-01-2026 10:35||NIFTY27JAN2624500PE,0.16190322314049585
23-01-2026 10:35||NIFTY27JAN2624900PE,0.1211102479338843
23-01-2026 10:35||NIFTY27JAN2625100PE,0.10951933333333333
23-01-2026 10:40||NIFTY27JAN2625300CE,0.10181049180327871
23-01-2026 10:40||NIFTY27JAN2625800CE,0.10482544715447155
23-01-2026 10:40||NIFTY27JAN2624000PE,0.22577885057471264
23-01-2026 10:40||NIFTY27JAN2624600PE,0.15148349056603772
23-01-2026 10:40||NIFTY27JAN2624800PE,0.13062388429752064
23-01-2026 10:45||NIFTY27JAN2625900CE,0.11459878048780488
23-01-2026 10:45||NIFTY27JAN2626200CE,0.14780780821917808
23-01-2026 10:45||NIFTY27JAN2626500CE,0.18675203252032518
23-01-2026 10:45||NIFTY27JAN2624100PE,0.21240027777777776
23-01-2026 10:45||NIFTY27JAN2625100PE,0.10756690721649484
23-01-2026 10:50||NIFTY27JAN2625400CE,0.0988715596330275
23-01-2026 10:50||NIFTY27JAN2625700CE,0.09962677419354839
23-01-2026 10:50||NIFTY27JAN2626200CE,0.1465322727272727
23-01-2026 10:50||NIFTY27JAN2626300CE,0.1614270754716981
23-01-2026 10:50||NIFTY27JAN2626400CE,0.17336707964601766
23-01-2026 10:50||NIFTY27JAN2623900PE,0.2360908943089431
23-01-2026 10:55||NIFTY27JAN2626200CE,0.15094140350877192
23-01-2026 10:55||NIFTY27JAN2623800PE,0.24078634146341463
23-01-2026 10:55||NIFTY27JAN2624600PE,0.14837935483870965
23-01-2026 10:55||NIFTY27JAN2624900PE,0.11985580645161288
23-01-2026 11:00||NIFTY27JAN2625400CE,0.09974229357798164
23-01-2026 11:00||NIFTY27JAN2625800CE,0.10698032520325203
23-01-2026 11:00||NIFTY27JAN2626100CE,0.13920942622950816
23-01-2026 11:00||NIFTY27JAN2625100PE,0.10440678571428569
23-01-2026 11:05||NIFTY27JAN2625600CE,0.09677672413793104
23-01-2026 11:05||NIFTY27JAN2625700CE,0.1004283
23-01-2026 11:05||NIFTY27JAN2626200CE,0.15123084112149532
23-01-2026 11:05||NIFTY27JAN2626500CE,0.1883846774193548
23-01-2026 11:05||NIFTY27JAN2624200PE,0.1977863888888889
23-01-2026 11:10||NIFTY27JAN2625300CE,0.10259779069767441
23-01-2026 11:10||NIFTY27JAN2626300CE,0.16338205479452053
23-01-2026 11:10||NIFTY27JAN2624000PE,0.2225559482758621
23-01-2026 11:10||NIFTY27JAN2624100PE,0.2088077777777778
23-01-2026 11:15||NIFTY27JAN2625300CE,0.10262350649350648
23-01-2026 11:15||NIFTY27JAN2625400CE,0.09881598130841121
23-01-2026 11:15||NIFTY27JAN2625500CE,0.09690080357142856
23-01-2026 11:15||NIFTY27JAN2625700CE,0.10072682242990653
23-01-2026 11:15||NIFTY27JAN2626300CE,0.16334296296296294
23-01-2026 11:15||NIFTY27JAN2624200PE,0.19569691588785046
23-01-2026 11:15||NIFTY27JAN2624800PE,0.12589716049382715
23-01-2026 11:15||NIFTY27JAN2624900PE,0.1155409
23-01-2026 11:20||NIFTY27JAN2626000CE,0.12870366972477063
23-01-2026 11:20||NIFTY27JAN2626300CE,0.16381424657534244
23-01-2026 11:20||NIFTY27JAN2624100PE,0.20867574074074072
23-01-2026 11:20||NIFTY27JAN2624400PE,0.17088935483870965
23-01-2026 11:20||NIFTY27JAN2624800PE,0.12465643678160918
23-01-2026 11:20||NIFTY27JAN2625100PE,0.10432892857142856
23-01-2026 11:25||NIFTY27JAN2625200CE,0.09916732142857142
23-01-2026 11:25||NIFTY27JAN2625800CE,0.10793078651685392
23-01-2026 11:25||NIFTY27JAN2626400CE,0.17484837209302326
23-01-2026 11:25||NIFTY27JAN2623800PE,0.23977587719298243
23-01-2026 11:25||NIFTY27JAN2623900PE,0.23183534482758622
23-01-2026 11:25||NIFTY27JAN2624900PE,0.11475315789473685
23-01-2026 11:30||NIFTY27JAN2625500CE,0.09424824074074072
23-01-2026 11:30||NIFTY27JAN2625800CE,0.10895275862068965
23-01-2026 11:30||NIFTY27JAN2626000CE,0.13084785714285713
23-01-2026 11:30||NIFTY27JAN2626200CE,0.15459050000000002
23-01-2026 11:30||NIFTY27JAN2626400CE,0.17915402298850575
23-01-2026 11:30||NIFTY27JAN2624700PE,0.134705
23-01-2026 11:30||NIFTY27JAN2624900PE,0.11815275862068966
23-01-2026 11:30||NIFTY27JAN2625000PE,0.11008839285714285
23-01-2026 11:35||NIFTY27JAN2625400CE,0.09405377049180327
23-01-2026 11:35||NIFTY27JAN2626000CE,0.1362007865168539
23-01-2026 11:35||NIFTY27JAN2624900PE,0.12195736842105265
23-01-2026 11:40||NIFTY27JAN2625500CE,0.09665376344086021
23-01-2026 11:40||NIFTY27JAN2626300CE,0.1710012396694215
23-01-2026 11:40||NIFTY27JAN2626500CE,0.19563815126050418
23-01-2026 11:40||NIFTY27JAN2623900PE,0.2274755737704918
23-01-2026 11:40||NIFTY27JAN2624300PE,0.17725766129032253
23-01-2026 11:40||NIFTY27JAN2624900PE,0.11879081081081079
23-01-2026 11:45||NIFTY27JAN2625300CE,0.10052975206611571
23-01-2026 11:45||NIFTY27JAN2626100CE,0.15268346774193547
23-01-2026 11:45||NIFTY27JAN2626400CE,0.1852017213114754
23-01-2026 11:50||NIFTY27JAN2625400CE,0.10076086956521739
23-01-2026 11:50||NIFTY27JAN2625500CE,0.10225353535353533
23-01-2026 11:50||NIFTY27JAN2625700CE,0.11087137931034481
23-01-2026 11:50||NIFTY27JAN2624100PE,0.19803346774193545
23-01-2026 11:50||NIFTY27JAN2624500PE,0.1498765322580645
23-01-2026 11:55||NIFTY27JAN2625700CE,0.11112
23-01-2026 11:55||NIFTY27JAN2626200CE,0.1653265322580645
23-01-2026 11:55||NIFTY27JAN2626500CE,0.19995333333333334
23-01-2026 11:55||NIFTY27JAN2624800PE,0.12155898876404493
23-01-2026 11:55||NIFTY27JAN2625100PE,0.10415276785714285
23-01-2026 12:00||NIFTY27JAN2625200CE,0.10430252252252252
23-01-2026 12:00||NIFTY27JAN2625800CE,0.11996826086956522
23-01-2026 12:00||NIFTY27JAN2625900CE,0.13215413793103448
23-01-2026 12:00||NIFTY27JAN2626400CE,0.1870072727272727
23-01-2026 12:00||NIFTY27JAN2624000PE,0.21003862385321098
23-01-2026 12:00||NIFTY27JAN2624300PE,0.17152112903225802
23-01-2026 12:00||NIFTY27JAN2624800PE,0.12060955056179776
23-01-2026 12:05||NIFTY27JAN2625300CE,0.10459309734513272
23-01-2026 12:05||NIFTY27JAN2625400CE,0.10320534482758621
23-01-2026 12:05||NIFTY27JAN2626400CE,0.18801625
23-01-2026 12:05||NIFTY27JAN2624600PE,0.13623491935483872
23-01-2026 12:10||NIFTY27JAN2625700CE,0.1120565322580645
23-01-2026 12:10||NIFTY27JAN2626200CE,0.16585418032786883
23-01-2026 12:10||NIFTY27JAN2626500CE,0.19985082644628097
23-01-2026 12:10||NIFTY27JAN2623900PE,0.2225035087719298
23-01-2026 12:10||NIFTY27JAN2624000PE,0.20814702970297025
23-01-2026 12:10||NIFTY27JAN2625000PE,0.10567803278688524
23-01-2026 12:15||NIFTY27JAN2625500CE,0.10330804878048783
23-01-2026 12:15||NIFTY27JAN2626100CE,0.15525395348837212
23-01-2026 12:15||NIFTY27JAN2626300CE,0.17702446280991732
23-01-2026 12:20||NIFTY27JAN2625200CE,0.11253225490196077
23-01-2026 12:20||NIFTY27JAN2625300CE,0.10754828571428571
23-01-2026 12:20||NIFTY27JAN2625400CE,0.10536333333333332
23-01-2026 12:20||NIFTY27JAN2625800CE,0.12110677419354837
23-01-2026 12:20||NIFTY27JAN2626100CE,0.15451297297297298
23-01-2026 12:20||NIFTY27JAN2624200PE,0.18343972222222218
23-01-2026 12:25||NIFTY27JAN2625400CE,0.10446093023255813
23-01-2026 12:25||NIFTY27JAN2625600CE,0.1063449180327869
23-01-2026 12:25||NIFTY27JAN2626400CE,0.1871133064516129
23-01-2026 12:25||NIFTY27JAN2624300PE,0.17170733333333332
23-01-2026 12:25||NIFTY27JAN2624500PE,0.14719329113924048
23-01-2026 12:25||NIFTY27JAN2624600PE,0.13381504347826087
23-01-2026 12:25||NIFTY27JAN2624900PE,0.10829346774193546
23-01-2026 12:30||NIFTY27JAN2625900CE,0.13045565573770493
23-01-2026 12:30||NIFTY27JAN2626100CE,0.15325578125
23-01-2026 12:30||NIFTY27JAN2626200CE,0.1657626956521739
23-01-2026 12:30||NIFTY27JAN2623800PE,0.22986524193548385
23-01-2026 12:30||NIFTY27JAN2624100PE,0.19777629629629628
23-01-2026 12:30||NIFTY27JAN2624200PE,0.18251101010101012
23-01-2026 12:30||NIFTY27JAN2624500PE,0.14588111111111113
23-01-2026 12:35||NIFTY27JAN2625300CE,0.1036435632183908
23-01-2026 12:35||NIFTY27JAN2626100CE,0.15221386363636363
23-01-2026 12:35||NIFTY27JAN2624100PE,0.19662988636363637
23-01-2026 12:35||NIFTY27JAN2624400PE,0.15833827868852463
23-01-2026 12:35||NIFTY27JAN2625100PE,0.09423705357142856
23-01-2026 12:40||NIFTY27JAN2625300CE,0.10000138888888888
23-01-2026 12:40||NIFTY27JAN2624500PE,0.1469279797979798
23-01-2026 12:40||NIFTY27JAN2624600PE,0.13164308641975306
23-01-2026 12:40||NIFTY27JAN2624900PE,0.10653032258064517
23-01-2026 12:45||NIFTY27JAN2625900CE,0.12848878048780488
23-01-2026 12:45||NIFTY27JAN2623800PE,0.22749999999999998
23-01-2026 12:45||NIFTY27JAN2623900PE,0.22023721739130434
23-01-2026 12:45||NIFTY27JAN2624600PE,0.13373511363636362
23-01-2026 12:50||NIFTY27JAN2625300CE,0.09664603773584905
23-01-2026 12:50||NIFTY27JAN2625600CE,0.10274728395061727
23-01-2026 12:50||NIFTY27JAN2625700CE,0.10700454545454546
23-01-2026 12:50||NIFTY27JAN2626000CE,0.13846990740740742
23-01-2026 12:50||NIFTY27JAN2626400CE,0.18388586206896554
23-01-2026 12:50||NIFTY27JAN2623800PE,0.22842674418604653
23-01-2026 12:50||NIFTY27JAN2624400PE,0.1594075
23-01-2026 12:50||NIFTY27JAN2624800PE,0.11550999999999999
23-01-2026 12:55||NIFTY27JAN2625400CE,0.09985231404958676
23-01-2026 12:55||NIFTY27JAN2625600CE,0.10305084337349397
23-01-2026 12:55||NIFTY27JAN2625800CE,0.1193315
23-01-2026 12:55||NIFTY27JAN2626400CE,0.18732269662921347
23-01-2026 12:55||NIFTY27JAN2624200PE,0.1838804838709677
23-01-2026 13:00||NIFTY27JAN2625700CE,0.1095863551401869
23-01-2026 13:00||NIFTY27JAN2626000CE,0.1422905376344086
23-01-2026 13:00||NIFTY27JAN2624900PE,0.10544104838709677
23-01-2026 13:05||NIFTY27JAN2625200CE,0.10095982142857143
23-01-2026 13:05||NIFTY27JAN2625900CE,0.13185783018867925
23-01-2026 13:05||NIFTY27JAN2623800PE,0.22796935185185183
23-01-2026 13:10||NIFTY27JAN2625800CE,0.1237375
23-01-2026 13:10||NIFTY27JAN2626000CE,0.14781342857142857
23-01-2026 13:10||NIFTY27JAN2623900PE,0.21814589285714284
23-01-2026 13:10||NIFTY27JAN2624000PE,0.2056605555555555
23-01-2026 13:10||NIFTY27JAN2624100PE,0.19260380530973448
23-01-2026 13:10||NIFTY27JAN2624700PE,0.12169660550458712
23-01-2026 13:10||NIFTY27JAN2625100PE,0.0955649107142857
23-01-2026 13:15||NIFTY27JAN2625300CE,0.09900696721311475
23-01-2026 13:15||NIFTY27JAN2625600CE,0.10871617886178862
23-01-2026 13:15||NIFTY27JAN2625900CE,0.1382219191919192
23-01-2026 13:15||NIFTY27JAN2626000CE,0.15345469135802464
23-01-2026 13:15||NIFTY27JAN2623800PE,0.22387906542056074
23-01-2026 13:15||NIFTY27JAN2624200PE,0.17909626016260163
23-01-2026 13:20||NIFTY27JAN2625700CE,0.11852435185185184
23-01-2026 13:20||NIFTY27JAN2626200CE,0.17650879032258063
23-01-2026 13:20||NIFTY27JAN2626500CE,0.20972829268292684
23-01-2026 13:20||NIFTY27JAN2624700PE,0.12205046511627907
23-01-2026 13:20||NIFTY27JAN2624800PE,0.11321742574257423
23-01-2026 13:25||NIFTY27JAN2625400CE,0.10361168539325843
23-01-2026 13:25||NIFTY27JAN2624100PE,0.1891916513761468
23-01-2026 13:25||NIFTY27JAN2624500PE,0.14082645161290322
23-01-2026 13:25||NIFTY27JAN2625000PE,0.10505781609195401
23-01-2026 13:30||NIFTY27JAN2625400CE,0.10931191011235954
23-01-2026 13:30||NIFTY27JAN2625700CE,0.12864397849462367
23-01-2026 13:30||NIFTY27JAN2626000CE,0.16067719101123595
23-01-2026 13:30||NIFTY27JAN2624700PE,0.12331386138613859
23-01-2026 13:30||NIFTY27JAN2624800PE,0.11630571428571429
23-01-2026 13:30||NIFTY27JAN2625000PE,0.11053178571428572
23-01-2026 13:35||NIFTY27JAN2625600CE,0.12307303278688522
23-01-2026 13:35||NIFTY27JAN2626000CE,0.1661116091954023
23-01-2026 13:35||NIFTY27JAN2626200CE,0.18901033057851238
23-01-2026 13:35||NIFTY27JAN2626500CE,0.22051729508196719
23-01-2026 13:35||NIFTY27JAN2623900PE,0.21163271428571426
23-01-2026 13:35||NIFTY27JAN2624100PE,0.1866463551401869
23-01-2026 13:35||NIFTY27JAN2624900PE,0.1127093103448276
23-01-2026 13:40||NIFTY27JAN2625700CE,0.1353863
23-01-2026 13:40||NIFTY27JAN2625800CE,0.14696655172413792
23-01-2026 13:40||NIFTY27JAN2626300CE,0.20209590909090908
23-01-2026 13:40||NIFTY27JAN2623900PE,0.21068698113207543
23-01-2026 13:40||NIFTY27JAN2624600PE,0.1310044318181818
23-01-2026 13:40||NIFTY27JAN2624900PE,0.11188102272727272
23-01-2026 13:45||NIFTY27JAN2625300CE,0.10979377049180328
23-01-2026 13:45||NIFTY27JAN2626100CE,0.18091016393442622
23-01-2026 13:45||NIFTY27JAN2626300CE,0.205318023255814
23-01-2026 13:45||NIFTY27JAN2623900PE,0.20901784615384614
23-01-2026 13:45||NIFTY27JAN2624000PE,0.19648662499999994
23-01-2026 13:45||NIFTY27JAN2624500PE,0.14138262499999998
23-01-2026 13:45||NIFTY27JAN2624600PE,0.12589637499999998
23-01-2026 13:45||NIFTY27JAN2625000PE,0.10828216666666667
23-01-2026 13:50||NIFTY27JAN2626400CE,0.21482827586206893
23-01-2026 13:50||NIFTY27JAN2624000PE,0.19609886363636364
23-01-2026 13:50||NIFTY27JAN2624500PE,0.13746988636363636
23-01-2026 13:50||NIFTY27JAN2625100PE,0.10213495495495495
23-01-2026 13:55||NIFTY27JAN2625500CE,0.12196790697674419
23-01-2026 13:55||NIFTY27JAN2625700CE,0.13740938053097343
23-01-2026 13:55||NIFTY27JAN2625800CE,0.14967074074074072
23-01-2026 13:55||NIFTY27JAN2626400CE,0.21253790123456787
23-01-2026 13:55||NIFTY27JAN2626500CE,0.2242486956521739
23-01-2026 14:00||NIFTY27JAN2625300CE,0.11303517857142856
23-01-2026 14:00||NIFTY27JAN2625400CE,0.11655420560747662
23-01-2026 14:00||NIFTY27JAN2625500CE,0.12208708860759493
23-01-2026 14:00||NIFTY27JAN2625800CE,0.14706109589041097
23-01-2026 14:00||NIFTY27JAN2624200PE,0.17106629629629627
23-01-2026 14:00||NIFTY27JAN2624300PE,0.15675843478260873
23-01-2026 14:05||NIFTY27JAN2626300CE,0.2010990243902439
23-01-2026 14:05||NIFTY27JAN2624200PE,0.17109636363636363
23-01-2026 14:05||NIFTY27JAN2624800PE,0.11185177419354836
23-01-2026 14:10||NIFTY27JAN2625800CE,0.1436381914893617
23-01-2026 14:10||NIFTY27JAN2626400CE,0.21206315068493148
23-01-2026 14:10||NIFTY27JAN2623900PE,0.21013943548387098
23-01-2026 14:15||NIFTY27JAN2625400CE,0.11486786516853932
23-01-2026 14:15||NIFTY27JAN2626400CE,0.2086405263157895
23-01-2026 14:15||NIFTY27JAN2625000PE,0.10293385245901639
23-01-2026 14:20||NIFTY27JAN2625400CE,0.1153990804597701
23-01-2026 14:20||NIFTY27JAN2625600CE,0.12488958333333333
23-01-2026 14:20||NIFTY27JAN2625800CE,0.14339242990654202
23-01-2026 14:20||NIFTY27JAN2626400CE,0.20595866666666665
23-01-2026 14:20||NIFTY27JAN2626500CE,0.21958245614035088
23-01-2026 14:20||NIFTY27JAN2624100PE,0.18439349593495935
23-01-2026 14:20||NIFTY27JAN2624800PE,0.11112604838709676
23-01-2026 14:25||NIFTY27JAN2625200CE,0.10773223214285714
23-01-2026 14:25||NIFTY27JAN2626200CE,0.1847788596491228
23-01-2026 14:25||NIFTY27JAN2626300CE,0.19744815217391304
23-01-2026 14:25||NIFTY27JAN2626400CE,0.20961936507936502
23-01-2026 14:25||NIFTY27JAN2624200PE,0.17139462809917355
23-01-2026 14:25||NIFTY27JAN2624400PE,0.14707473684210526
23-01-2026 14:25||NIFTY27JAN2624500PE,0.1344513
23-01-2026 14:30||NIFTY27JAN2625700CE,0.13263233644859815
23-01-2026 14:30||NIFTY27JAN2624600PE,0.12274537190082643
23-01-2026 14:35||NIFTY27JAN2625400CE,0.11206831775700934
23-01-2026 14:35||NIFTY27JAN2625600CE,0.12358689320388347
23-01-2026 14:35||NIFTY27JAN2625800CE,0.14224599999999998
23-01-2026 14:35||NIFTY27JAN2625900CE,0.15326046728971962
23-01-2026 14:35||NIFTY27JAN2626000CE,0.16516646464646464
23-01-2026 14:35||NIFTY27JAN2626300CE,0.19559546296296293
23-01-2026 14:35||NIFTY27JAN2623900PE,0.20930865168539325
23-01-2026 14:35||NIFTY27JAN2624500PE,0.13555466666666666
23-01-2026 14:35||NIFTY27JAN2624700PE,0.11416537735849057
23-01-2026 14:40||NIFTY27JAN2625200CE,0.10576443298969074
23-01-2026 14:40||NIFTY27JAN2625700CE,0.13109244897959185
23-01-2026 14:40||NIFTY27JAN2625800CE,0.14425262499999997
23-01-2026 14:40||NIFTY27JAN2626400CE,0.20752455284552848
23-01-2026 14:40||NIFTY27JAN2623900PE,0.20941516853932582
23-01-2026 14:40||NIFTY27JAN2624300PE,0.15933182608695656
23-01-2026 14:40||NIFTY27JAN2624400PE,0.14428912499999996
23-01-2026 14:40||NIFTY27JAN2625000PE,0.10017929203539822
23-01-2026 14:40||NIFTY27JAN2625100PE,0.09059927536231882
23-01-2026 14:45||NIFTY27JAN2625400CE,0.11168342857142854
23-01-2026 14:45||NIFTY27JAN2625600CE,0.1244855238095238
23-01-2026 14:45||NIFTY27JAN2626000CE,0.16358149532710278
23-01-2026 14:45||NIFTY27JAN2626200CE,0.1859603738317757
23-01-2026 14:45||NIFTY27JAN2624400PE,0.14489902777777777
23-01-2026 14:45||NIFTY27JAN2624700PE,0.11537175925925924
23-01-2026 14:45||NIFTY27JAN2625100PE,0.09148249999999998
23-01-2026 14:50||NIFTY27JAN2625200CE,0.10369333333333332
23-01-2026 14:50||NIFTY27JAN2625300CE,0.10591063636363633
23-01-2026 14:50||NIFTY27JAN2625500CE,0.11566116666666668
23-01-2026 14:50||NIFTY27JAN2623800PE,0.2219571544715447
23-01-2026 14:50||NIFTY27JAN2624500PE,0.13532418032786883
23-01-2026 14:50||NIFTY27JAN2624800PE,0.11022894308943089
23-01-2026 14:55||NIFTY27JAN2625200CE,0.1042575
23-01-2026 14:55||NIFTY27JAN2625900CE,0.15559008064516122
23-01-2026 14:55||NIFTY27JAN2626200CE,0.1884264893617021
23-01-2026 14:55||NIFTY27JAN2623900PE,0.20723424657534245
23-01-2026 14:55||NIFTY27JAN2624400PE,0.14567327102803737
23-01-2026 15:00||NIFTY27JAN2623900PE,0.2078976923076923
23-01-2026 15:00||NIFTY27JAN2624100PE,0.18336850000000002
23-01-2026 15:00||NIFTY27JAN2624300PE,0.15801694214876033
23-01-2026 15:00||NIFTY27JAN2624600PE,0.12583495412844034
23-01-2026 15:05||NIFTY27JAN2626200CE,0.19179305555555556
23-01-2026 15:05||NIFTY27JAN2623900PE,0.20666583333333333
23-01-2026 15:05||NIFTY27JAN2624800PE,0.11093080645161288
23-01-2026 15:10||NIFTY27JAN2625300CE,0.10874032786885245
23-01-2026 15:10||NIFTY27JAN2625700CE,0.13650596330275225
23-01-2026 15:10||NIFTY27JAN2626100CE,0.1800953982300885
23-01-2026 15:10||NIFTY27JAN2626200CE,0.1917025862068965
23-01-2026 15:10||NIFTY27JAN2626300CE,0.20577061946902653
23-01-2026 15:10||NIFTY27JAN2623800PE,0.22021141509433956
23-01-2026 15:10||NIFTY27JAN2624000PE,0.1952650847457627
23-01-2026 15:10||NIFTY27JAN2624200PE,0.16921430232558138
23-01-2026 15:10||NIFTY27JAN2624600PE,0.12379844036697246
23-01-2026 15:10||NIFTY27JAN2625000PE,0.10647241379310343
23-01-2026 15:15||NIFTY27JAN2624100PE,0.18118859649122807
23-01-2026 15:15||NIFTY27JAN2624200PE,0.16602679012345675
23-01-2026 15:15||NIFTY27JAN2625000PE,0.100457816091954
23-01-2026 15:20||NIFTY27JAN2625400CE,0.14192543103448277
23-01-2026 15:20||NIFTY27JAN2625500CE,0.15116631578947365
23-01-2026 15:20||NIFTY27JAN2625700CE,0.20063228571428568
23-01-2026 15:20||NIFTY27JAN2625900CE,0.20572639344262297
23-01-2026 15:20||NIFTY27JAN2626200CE,0.19482202127659573
23-01-2026 15:20||NIFTY27JAN2623800PE,0.30747702970297025
23-01-2026 15:20||NIFTY27JAN2623900PE,0.2754856034482758
23-01-2026 15:20||NIFTY27JAN2624800PE,0.1501510483870968
23-01-2026 15:25||NIFTY27JAN2625700CE,0.28380094594594596
23-01-2026 15:25||NIFTY27JAN2624500PE,0.2775427586206896
23-01-2026 15:25||NIFTY27JAN2624600PE,0.2619028448275862
27-01-2026 09:15||NIFTY27JAN2626200CE,0.5516829906542056
27-01-2026 09:15||NIFTY27JAN2626400CE,0.5521044247787609
27-01-2026 09:15||NIFTY27JAN2626500CE,0.3462512121212121
27-01-2026 09:20||NIFTY27JAN2625400CE,0.33457979591836734
27-01-2026 09:20||NIFTY27JAN2625500CE,0.3289522535211268
27-01-2026 09:20||NIFTY27JAN2625600CE,0.3912858888888888
27-01-2026 09:20||NIFTY27JAN2625700CE,0.5003910101010102
27-01-2026 09:20||NIFTY27JAN2626500CE,0.6643790566037735
27-01-2026 09:20||NIFTY27JAN2624400PE,0.4115278899082569
27-01-2026 09:20||NIFTY27JAN2624900PE,0.35889018691588787
27-01-2026 09:20||NIFTY27JAN2625100PE,0.36004026666666666
27-01-2026 09:25||NIFTY27JAN2625500CE,0.4337116470588236
27-01-2026 09:25||NIFTY27JAN2625900CE,0.6067853658536585
27-01-2026 09:25||NIFTY27JAN2626500CE,0.8689430985915492
27-01-2026 09:25||NIFTY27JAN2623900PE,0.6751516393442624
27-01-2026 09:25||NIFTY27JAN2624600PE,0.3637093548387097
27-01-2026 09:25||NIFTY27JAN2625100PE,0.2486577922077922
27-01-2026 09:30||NIFTY27JAN2625400CE,0.4182633018867925
27-01-2026 09:30||NIFTY27JAN2625600CE,0.46847766990291256
27-01-2026 09:30||NIFTY27JAN2625800CE,0.55461325
27-01-2026 09:30||NIFTY27JAN2626100CE,0.7036088617886179
27-01-2026 09:30||NIFTY27JAN2626400CE,0.8368325203252033
27-01-2026 09:30||NIFTY27JAN2624400PE,0.43210018518518517
27-01-2026 09:30||NIFTY27JAN2624800PE,0.31877422413793105
27-01-2026 09:30||NIFTY27JAN2624900PE,0.28268425742574255
27-01-2026 09:35||NIFTY27JAN2625700CE,0.4858988524590164
27-01-2026 09:35||NIFTY27JAN2626200CE,0.7428029629629628
27-01-2026 09:35||NIFTY27JAN2623800PE,0.7450100917431192
27-01-2026 09:35||NIFTY27JAN2624500PE,0.3977261111111111
27-01-2026 09:45||NIFTY27JAN2625600CE,0.3884483064516129
27-01-2026 09:45||NIFTY27JAN2626200CE,0.6602390588235294
27-01-2026 09:45||NIFTY27JAN2626300CE,0.7349846913580246
27-01-2026 09:45||NIFTY27JAN2623800PE,0.7928690277777776
27-01-2026 09:45||NIFTY27JAN2624000PE,0.7043922950819671
27-01-2026 09:45||NIFTY27JAN2624500PE,0.4709919266055046
27-01-2026 09:45||NIFTY27JAN2625000PE,0.2942944339622642
27-01-2026 09:50||NIFTY27JAN2626300CE,0.7124602298850574
27-01-2026 09:50||NIFTY27JAN2623800PE,0.8008506741573034
27-01-2026 09:50||NIFTY27JAN2624200PE,0.6263175609756096
27-01-2026 09:50||NIFTY27JAN2624800PE,0.37215762499999994
27-01-2026 09:50||NIFTY27JAN2624900PE,0.3512812389380531
27-01-2026 09:55||NIFTY27JAN2625700CE,0.40312762295081966
27-01-2026 09:55||NIFTY27JAN2626000CE,0.5545752892561984
27-01-2026 09:55||NIFTY27JAN2626200CE,0.6628685714285714
27-01-2026 09:55||NIFTY27JAN2624100PE,0.6789176635514018
27-01-2026 09:55||NIFTY27JAN2624700PE,0.4050786086956521
27-01-2026 09:55||NIFTY27JAN2624800PE,0.37893782051282054
27-01-2026 09:55||NIFTY27JAN2625000PE,0.34343778846153844
27-01-2026 10:00||NIFTY27JAN2625300CE,0.3099790909090909
27-01-2026 10:00||NIFTY27JAN2625400CE,0.3176791228070175
27-01-2026 10:00||NIFTY27JAN2625600CE,0.3615955769230769
27-01-2026 10:00||NIFTY27JAN2625800CE,0.46433173553719004
27-01-2026 10:00||NIFTY27JAN2626100CE,0.6158082786885246
27-01-2026 10:00||NIFTY27JAN2626400CE,0.754879135802469
27-01-2026 10:00||NIFTY27JAN2626500CE,0.7987942105263157
27-01-2026 10:00||NIFTY27JAN2624000PE,0.7282380165289256
27-01-2026 10:05||NIFTY27JAN2626400CE,0.7660494186046511
27-01-2026 10:05||NIFTY27JAN2623800PE,0.8210677876106193
27-01-2026 10:05||NIFTY27JAN2623900PE,0.7733947787610618
27-01-2026 10:05||NIFTY27JAN2624100PE,0.6762950476190476
27-01-2026 10:10||NIFTY27JAN2625300CE,0.3448553271028037
27-01-2026 10:10||NIFTY27JAN2625600CE,0.3734830275229358
27-01-2026 10:10||NIFTY27JAN2624200PE,0.6351256910569106
27-01-2026 10:10||NIFTY27JAN2624900PE,0.3397264516129032
27-01-2026 10:15||NIFTY27JAN2625800CE,0.4699932584269662
27-01-2026 10:20||NIFTY27JAN2625400CE,0.32461752293577983
27-01-2026 10:20||NIFTY27JAN2625800CE,0.4593775280898876
27-01-2026 10:20||NIFTY27JAN2623900PE,0.8049385483870967
27-01-2026 10:20||NIFTY27JAN2624500PE,0.4946425217391305
27-01-2026 10:20||NIFTY27JAN2624600PE,0.42952544303797474
27-01-2026 10:20||NIFTY27JAN2624800PE,0.37485807692307693
27-01-2026 10:20||NIFTY27JAN2625000PE,0.31996605042016807
27-01-2026 10:25||NIFTY27JAN2626000CE,0.569729593495935
27-01-2026 10:25||NIFTY27JAN2626300CE,0.7199745217391303
27-01-2026 10:25||NIFTY27JAN2626400CE,0.774714827586207
27-01-2026 10:25||NIFTY27JAN2624600PE,0.4459431818181818
27-01-2026 10:25||NIFTY27JAN2624900PE,0.3532086776859504
27-01-2026 10:30||NIFTY27JAN2625400CE,0.3003998113207548
27-01-2026 10:30||NIFTY27JAN2625600CE,0.3673900826446281
27-01-2026 10:30||NIFTY27JAN2625900CE,0.5261805691056911
27-01-2026 10:30||NIFTY27JAN2626200CE,0.6826056481481481
27-01-2026 10:30||NIFTY27JAN2624100PE,0.710530322580645
27-01-2026 10:30||NIFTY27JAN2624800PE,0.3993689041095891
27-01-2026 10:35||NIFTY27JAN2625200CE,0.31114478260869555
27-01-2026 10:35||NIFTY27JAN2625300CE,0.2991723214285714
27-01-2026 10:35||NIFTY27JAN2625700CE,0.43543534090909086
27-01-2026 10:35||NIFTY27JAN2624300PE,0.5840150434782609
27-01-2026 10:35||NIFTY27JAN2624400PE,0.5273519753086419
27-01-2026 10:35||NIFTY27JAN2624800PE,0.39257168539325843
27-01-2026 10:40||NIFTY27JAN2625200CE,0.32374557377049173
27-01-2026 10:40||NIFTY27JAN2625700CE,0.4705806756756757
27-01-2026 10:40||NIFTY27JAN2626100CE,0.6832107826086956
27-01-2026 10:40||NIFTY27JAN2626200CE,0.7375386363636364
27-01-2026 10:40||NIFTY27JAN2624400PE,0.49749386363636366
27-01-2026 10:45||NIFTY27JAN2625500CE,0.3842387804878049
27-01-2026 10:45||NIFTY27JAN2626200CE,0.778851511627907
27-01-2026 10:45||NIFTY27JAN2626400CE,0.8497316822429908
27-01-2026 10:45||NIFTY27JAN2624000PE,0.724089659090909
27-01-2026 10:45||NIFTY27JAN2624700PE,0.385337520661157
27-01-2026 10:45||NIFTY27JAN2624900PE,0.3794242452830188
27-01-2026 10:50||NIFTY27JAN2625200CE,0.33045848101265823
27-01-2026 10:50||NIFTY27JAN2625400CE,0.3530275714285714
27-01-2026 10:50||NIFTY27JAN2625700CE,0.5255653703703703
27-01-2026 10:50||NIFTY27JAN2623900PE,0.7698473846153846
27-01-2026 10:50||NIFTY27JAN2624000PE,0.7035269999999999
27-01-2026 10:50||NIFTY27JAN2624600PE,0.38375260162601627
27-01-2026 10:50||NIFTY27JAN2625000PE,0.3381305882352941
27-01-2026 10:55||NIFTY27JAN2625300CE,0.33560416666666665
27-01-2026 10:55||NIFTY27JAN2625400CE,0.3843116279069767
27-01-2026 10:55||NIFTY27JAN2625600CE,0.4790490909090909
27-01-2026 10:55||NIFTY27JAN2626400CE,0.9161729629629628
27-01-2026 10:55||NIFTY27JAN2623900PE,0.7616263461538461
27-01-2026 10:55||NIFTY27JAN2624400PE,0.47155024390243905
27-01-2026 10:55||NIFTY27JAN2624900PE,0.33713129411764703
27-01-2026 10:55||NIFTY27JAN2625000PE,0.29706354430379744
27-01-2026 11:00||NIFTY27JAN2625200CE,0.3452629411764706
27-01-2026 11:00||NIFTY27JAN2625300CE,0.3467555
27-01-2026 11:00||NIFTY27JAN2625400CE,0.40499903225806444
27-01-2026 11:00||NIFTY27JAN2626300CE,0.880169837398374
27-01-2026 11:00||NIFTY27JAN2623800PE,0.8415281249999998
27-01-2026 11:00||NIFTY27JAN2623900PE,0.7657613846153846
27-01-2026 11:00||NIFTY27JAN2624300PE,0.5321752459016394
27-01-2026 11:05||NIFTY27JAN2625300CE,0.37624114285714283
27-01-2026 11:05||NIFTY27JAN2625700CE,0.545089674796748
27-01-2026 11:05||NIFTY27JAN2623800PE,0.8444870114942528
27-01-2026 11:05||NIFTY27JAN2624100PE,0.6603369565217391
27-01-2026 11:05||NIFTY27JAN2624200PE,0.5829213749999999
27-01-2026 11:05||NIFTY27JAN2624900PE,0.30085148648648646
27-01-2026 11:10||NIFTY27JAN2625300CE,0.3697236363636363
27-01-2026 11:10||NIFTY27JAN2625500CE,0.4339803278688525
27-01-2026 11:10||NIFTY27JAN2625800CE,0.6005223577235772
27-01-2026 11:10||NIFTY27JAN2626500CE,0.9647340983606557
27-01-2026 11:10||NIFTY27JAN2624200PE,0.6120084705882353
27-01-2026 11:10||NIFTY27JAN2624400PE,0.4818947107438017
27-01-2026 11:10||NIFTY27JAN2624900PE,0.30629022727272726
27-01-2026 11:15||NIFTY27JAN2626400CE,0.9316365040650406
27-01-2026 11:15||NIFTY27JAN2624300PE,0.5571283606557377
27-01-2026 11:15||NIFTY27JAN2625000PE,0.30470008849557517
27-01-2026 11:15||NIFTY27JAN2625100PE,0.2840594230769231
27-01-2026 11:20||NIFTY27JAN2625300CE,0.3581065420560748
27-01-2026 11:20||NIFTY27JAN2626100CE,0.7635704032258065
27-01-2026 11:25||NIFTY27JAN2625600CE,0.4647585393258427
27-01-2026 11:25||NIFTY27JAN2626500CE,0.9526202586206897
27-01-2026 11:25||NIFTY27JAN2623800PE,0.8740332456140351
27-01-2026 11:25||NIFTY27JAN2624000PE,0.7649127619047618
27-01-2026 11:25||NIFTY27JAN2624200PE,0.6355252873563217
27-01-2026 11:25||NIFTY27JAN2624900PE,0.32367293577981654
27-01-2026 11:30||NIFTY27JAN2625600CE,0.44708415730337075
27-01-2026 11:30||NIFTY27JAN2625900CE,0.619539758064516
27-01-2026 11:30||NIFTY27JAN2626200CE,0.8001508870967743
27-01-2026 11:30||NIFTY27JAN2624200PE,0.6690830337078651
27-01-2026 11:30||NIFTY27JAN2625100PE,0.2448349107142857
27-01-2026 11:35||NIFTY27JAN2625200CE,0.37612464285714275
27-01-2026 11:35||NIFTY27JAN2624000PE,0.8028974324324325
27-01-2026 11:35||NIFTY27JAN2624900PE,0.33198311926605506
27-01-2026 11:40||NIFTY27JAN2626000CE,0.6450899999999999
27-01-2026 11:40||NIFTY27JAN2626300CE,0.8205678861788618
27-01-2026 11:40||NIFTY27JAN2623800PE,0.9262750000000001
27-01-2026 11:40||NIFTY27JAN2624000PE,0.8227524137931035
27-01-2026 11:45||NIFTY27JAN2626100CE,0.7034833606557376
27-01-2026 11:45||NIFTY27JAN2626400CE,0.8763713008130082
27-01-2026 11:45||NIFTY27JAN2624300PE,0.6350076315789472
27-01-2026 11:45||NIFTY27JAN2624400PE,0.5620786021505376
27-01-2026 11:45||NIFTY27JAN2624500PE,0.4969782828282829
27-01-2026 11:50||NIFTY27JAN2625700CE,0.47255193548387087
27-01-2026 11:50||NIFTY27JAN2626000CE,0.6394260185185183
27-01-2026 11:50||NIFTY27JAN2624700PE,0.41469983471074384
27-01-2026 11:50||NIFTY27JAN2624900PE,0.35923256198347103
27-01-2026 11:55||NIFTY27JAN2625200CE,0.34731499999999993
27-01-2026 11:55||NIFTY27JAN2625400CE,0.35731537190082646
27-01-2026 11:55||NIFTY27JAN2626500CE,0.9113726760563378
27-01-2026 11:55||NIFTY27JAN2623900PE,0.8898414912280702
27-01-2026 11:55||NIFTY27JAN2624000PE,0.8247126724137932
27-01-2026 11:55||NIFTY27JAN2624400PE,0.5758763636363636
27-01-2026 11:55||NIFTY27JAN2624500PE,0.49187254901960775
27-01-2026 11:55||NIFTY27JAN2624800PE,0.38390770491803283
27-01-2026 12:00||NIFTY27JAN2625500CE,0.39381471544715446
27-01-2026 12:00||NIFTY27JAN2626100CE,0.7095092741935484
27-01-2026 12:00||NIFTY27JAN2626400CE,0.8916684848484848
27-01-2026 12:00||NIFTY27JAN2626500CE,0.937457608695652
27-01-2026 12:00||NIFTY27JAN2624200PE,0.7145925862068966
27-01-2026 12:00||NIFTY27JAN2624300PE,0.6384946902654867
27-01-2026 12:00||NIFTY27JAN2624500PE,0.512891568627451
27-01-2026 12:00||NIFTY27JAN2625100PE,0.29505597402597394
27-01-2026 12:05||NIFTY27JAN2625900CE,0.6029804032258064
27-01-2026 12:05||NIFTY27JAN2626500CE,0.9536873611111111
27-01-2026 12:05||NIFTY27JAN2624500PE,0.5411130357142856
27-01-2026 12:05||NIFTY27JAN2624700PE,0.41923860655737705
27-01-2026 12:05||NIFTY27JAN2625100PE,0.3151087012987013
27-01-2026 12:10||NIFTY27JAN2625700CE,0.4927981451612903
27-01-2026 12:10||NIFTY27JAN2626400CE,0.9118996296296294
27-01-2026 12:10||NIFTY27JAN2624400PE,0.6024685245901639
27-01-2026 12:15||NIFTY27JAN2626000CE,0.6717909836065572
27-01-2026 12:15||NIFTY27JAN2626200CE,0.7990712295081966
27-01-2026 12:15||NIFTY27JAN2624500PE,0.5576942999999999
27-01-2026 12:15||NIFTY27JAN2624600PE,0.4852312931034482
27-01-2026 12:20||NIFTY27JAN2625300CE,0.3265265094339622
27-01-2026 12:20||NIFTY27JAN2625600CE,0.4403783064516129
27-01-2026 12:20||NIFTY27JAN2624000PE,0.8782531404958678
27-01-2026 12:20||NIFTY27JAN2624200PE,0.7544209090909091
27-01-2026 12:20||NIFTY27JAN2625000PE,0.36061663934426225
27-01-2026 12:25||NIFTY27JAN2625400CE,0.35997778688524584
27-01-2026 12:25||NIFTY27JAN2625900CE,0.6404533064516128
27-01-2026 12:25||NIFTY27JAN2624100PE,0.826603644859813
27-01-2026 12:25||NIFTY27JAN2624700PE,0.44510104838709674
27-01-2026 12:30||NIFTY27JAN2625300CE,0.32891698113207546
27-01-2026 12:35||NIFTY27JAN2625800CE,0.601969837398374
27-01-2026 12:35||NIFTY27JAN2626100CE,0.7893982113821139
27-01-2026 12:35||NIFTY27JAN2624100PE,0.843639722222222
27-01-2026 12:35||NIFTY27JAN2624400PE,0.6329601612903226
27-01-2026 12:35||NIFTY27JAN2624900PE,0.38465930232558143
27-01-2026 12:35||NIFTY27JAN2625100PE,0.33695853333333337
27-01-2026 12:40||NIFTY27JAN2625200CE,0.35010077922077926
27-01-2026 12:40||NIFTY27JAN2625900CE,0.6629875384615384
27-01-2026 12:40||NIFTY27JAN2626000CE,0.7516509649122807
27-01-2026 12:40||NIFTY27JAN2626300CE,0.9360774796747967
27-01-2026 12:40||NIFTY27JAN2624200PE,0.775779593495935
27-01-2026 12:40||NIFTY27JAN2624700PE,0.4510935087719297
27-01-2026 12:40||NIFTY27JAN2624800PE,0.4082452336448598
27-01-2026 12:40||NIFTY27JAN2624900PE,0.37129285714285715
27-01-2026 12:40||NIFTY27JAN2625100PE,0.353506
27-01-2026 12:45||NIFTY27JAN2625200CE,0.3645866233766234
27-01-2026 12:45||NIFTY27JAN2625700CE,0.5680236885245901
27-01-2026 12:45||NIFTY27JAN2625900CE,0.6995119607843137
27-01-2026 12:45||NIFTY27JAN2626200CE,0.8774269863013698
27-01-2026 12:50||NIFTY27JAN2625900CE,0.7204797260273973
27-01-2026 12:50||NIFTY27JAN2626200CE,0.9127779629629629
27-01-2026 12:50||NIFTY27JAN2626500CE,1.0785926612903227
27-01-2026 12:50||NIFTY27JAN2624600PE,0.5013431451612903
27-01-2026 12:50||NIFTY27JAN2625000PE,0.3548894736842106
27-01-2026 12:50||NIFTY27JAN2625100PE,0.3381806741573033
27-01-2026 12:55||NIFTY27JAN2625500CE,0.45630017391304345
27-01-2026 12:55||NIFTY27JAN2625600CE,0.5244117543859649
27-01-2026 12:55||NIFTY27JAN2625800CE,0.6652734710743802
27-01-2026 12:55||NIFTY27JAN2626200CE,0.9337721621621621
27-01-2026 12:55||NIFTY27JAN2623900PE,1.0069121782178216
27-01-2026 12:55||NIFTY27JAN2624000PE,0.9301546956521741
27-01-2026 13:00||NIFTY27JAN2625400CE,0.41116845528455287
27-01-2026 13:00||NIFTY27JAN2626000CE,0.800032258064516
27-01-2026 13:00||NIFTY27JAN2624100PE,0.8858386178861789
27-01-2026 13:00||NIFTY27JAN2624500PE,0.5758189189189189
27-01-2026 13:05||NIFTY27JAN2623900PE,1.0434251376146788
27-01-2026 13:05||NIFTY27JAN2624500PE,0.5944790566037736
27-01-2026 13:05||NIFTY27JAN2624800PE,0.40509365853658535
27-01-2026 13:10||NIFTY27JAN2624200PE,0.8218930275229358
27-01-2026 13:10||NIFTY27JAN2624500PE,0.6254217460317459
27-01-2026 13:10||NIFTY27JAN2624600PE,0.5169275
27-01-2026 13:10||NIFTY27JAN2624700PE,0.4520178761061946
27-01-2026 13:15||NIFTY27JAN2625200CE,0.4133791071428571
27-01-2026 13:15||NIFTY27JAN2626300CE,1.0490207258064514
27-01-2026 13:15||NIFTY27JAN2624400PE,0.6950769105691057
27-01-2026 13:15||NIFTY27JAN2625000PE,0.31079999999999997
27-01-2026 13:20||NIFTY27JAN2625700CE,0.6249010344827586
27-01-2026 13:20||NIFTY27JAN2625900CE,0.7782849180327869
27-01-2026 13:20||NIFTY27JAN2624000PE,1.0232804098360655
27-01-2026 13:20||NIFTY27JAN2624200PE,0.8718481308411213
27-01-2026 13:20||NIFTY27JAN2624600PE,0.5509858715596329
27-01-2026 13:20||NIFTY27JAN2624900PE,0.3596313821138211
27-01-2026 13:25||NIFTY27JAN2625700CE,0.6386935955056179
27-01-2026 13:25||NIFTY27JAN2623800PE,1.1832479838709675
27-01-2026 13:25||NIFTY27JAN2625100PE,0.3242403896103896
27-01-2026 13:30||NIFTY27JAN2625400CE,0.4508930081300813
27-01-2026 13:30||NIFTY27JAN2626300CE,1.082352361111111
27-01-2026 13:30||NIFTY27JAN2624100PE,0.9907397540983606
27-01-2026 13:30||NIFTY27JAN2624300PE,0.8157711627906977
27-01-2026 13:30||NIFTY27JAN2625100PE,0.43786948051948044
27-01-2026 13:35||NIFTY27JAN2625300CE,0.40447283018867924
27-01-2026 13:35||NIFTY27JAN2625600CE,0.5965222222222222
27-01-2026 13:35||NIFTY27JAN2626000CE,0.9092053271028037
27-01-2026 13:35||NIFTY27JAN2626200CE,1.0695929090909089
27-01-2026 13:35||NIFTY27JAN2626300CE,1.107855217391304
27-01-2026 13:35||NIFTY27JAN2626400CE,1.217258350515464
27-01-2026 13:35||NIFTY27JAN2623900PE,1.1425540366972475
27-01-2026 13:35||NIFTY27JAN2624300PE,0.8404679012345679
27-01-2026 13:35||NIFTY27JAN2624400PE,0.7401737168141591
27-01-2026 13:35||NIFTY27JAN2624600PE,0.5758184166666667
27-01-2026 13:35||NIFTY27JAN2624800PE,0.44126549180327873
27-01-2026 13:40||NIFTY27JAN2625500CE,0.5442759016393443
27-01-2026 13:40||NIFTY27JAN2626300CE,1.2217674999999997
27-01-2026 13:45||NIFTY27JAN2625300CE,0.4358045794392523
27-01-2026 13:45||NIFTY27JAN2625600CE,0.665371530612245
27-01-2026 13:45||NIFTY27JAN2625700CE,0.7330156043956045
27-01-2026 13:45||NIFTY27JAN2625800CE,0.8334337499999999
27-01-2026 13:45||NIFTY27JAN2625900CE,0.9169665094339623
27-01-2026 13:45||NIFTY27JAN2626000CE,1.0072699999999999
27-01-2026 13:45||NIFTY27JAN2626300CE,1.2532583076923078
27-01-2026 13:45||NIFTY27JAN2626400CE,1.320289387755102
27-01-2026 13:45||NIFTY27JAN2623800PE,1.2557411224489796
27-01-2026 13:45||NIFTY27JAN2623900PE,1.1614056249999998
27-01-2026 13:45||NIFTY27JAN2624100PE,1.0176645794392523
27-01-2026 13:45||NIFTY27JAN2624700PE,0.5022060975609756
27-01-2026 13:50||NIFTY27JAN2626200CE,1.1786530894308946
27-01-2026 13:50||NIFTY27JAN2623900PE,1.224461511627907
27-01-2026 13:50||NIFTY27JAN2624800PE,0.42046075000000005
27-01-2026 13:50||NIFTY27JAN2625000PE,0.3212273076923077
27-01-2026 13:55||NIFTY27JAN2625400CE,0.507382110091743
27-01-2026 13:55||NIFTY27JAN2625700CE,0.784607659574468
27-01-2026 13:55||NIFTY27JAN2623800PE,1.333929718309859
27-01-2026 13:55||NIFTY27JAN2624000PE,1.1559795918367348
27-01-2026 13:55||NIFTY27JAN2624100PE,1.0793534343434343
27-01-2026 13:55||NIFTY27JAN2624300PE,0.8843353164556963
27-01-2026 13:55||NIFTY27JAN2624400PE,0.7808171428571427
27-01-2026 13:55||NIFTY27JAN2624600PE,0.5833263636363635
27-01-2026 13:55||NIFTY27JAN2624900PE,0.38205438016528925
27-01-2026 14:00||NIFTY27JAN2623800PE,1.3635
27-01-2026 14:00||NIFTY27JAN2624300PE,0.9057366279069767
27-01-2026 14:00||NIFTY27JAN2624500PE,0.6872509166666667
27-01-2026 14:00||NIFTY27JAN2625000PE,0.30390908163265307
27-01-2026 14:00||NIFTY27JAN2625100PE,0.2121454807692307
27-01-2026 14:05||NIFTY27JAN2625400CE,0.5447146296296296
27-01-2026 14:05||NIFTY27JAN2625700CE,0.8388138613861386
27-01-2026 14:05||NIFTY27JAN2625800CE,0.929208712871287
27-01-2026 14:05||NIFTY27JAN2626100CE,1.205848947368421
27-01-2026 14:05||NIFTY27JAN2626200CE,1.272411898734177
27-01-2026 14:05||NIFTY27JAN2626400CE,1.4619466393442624
27-01-2026 14:05||NIFTY27JAN2624000PE,1.1854512068965517
27-01-2026 14:05||NIFTY27JAN2624800PE,0.4223548387096774
27-01-2026 14:10||NIFTY27JAN2625500CE,0.6626402803738318
27-01-2026 14:10||NIFTY27JAN2626000CE,1.155068113207547
27-01-2026 14:10||NIFTY27JAN2626200CE,1.345444534883721
27-01-2026 14:10||NIFTY27JAN2623900PE,1.3250627192982456
27-01-2026 14:10||NIFTY27JAN2624000PE,1.2240967391304347
27-01-2026 14:10||NIFTY27JAN2624600PE,0.6078478225806451
27-01-2026 14:15||NIFTY27JAN2625600CE,0.7900951666666668
27-01-2026 14:15||NIFTY27JAN2625800CE,0.9912008411214951
27-01-2026 14:15||NIFTY27JAN2624000PE,1.2919394736842105
27-01-2026 14:15||NIFTY27JAN2624400PE,0.8440548387096773
27-01-2026 14:15||NIFTY27JAN2624900PE,0.3653183486238532
27-01-2026 14:20||NIFTY27JAN2625500CE,0.7078387962962962
27-01-2026 14:20||NIFTY27JAN2626000CE,1.2348619801980198
27-01-2026 14:20||NIFTY27JAN2626100CE,1.3504150000000001
27-01-2026 14:20||NIFTY27JAN2626500CE,1.6708857723577237
27-01-2026 14:20||NIFTY27JAN2624100PE,1.208917438016529
27-01-2026 14:25||NIFTY27JAN2625700CE,0.9481207258064515
27-01-2026 14:25||NIFTY27JAN2623800PE,1.5554044247787608
27-01-2026 14:25||NIFTY27JAN2623900PE,1.4283495327102804
27-01-2026 14:25||NIFTY27JAN2624000PE,1.2986728260869564
27-01-2026 14:25||NIFTY27JAN2624200PE,1.084634603174603
27-01-2026 14:25||NIFTY27JAN2624300PE,1.0132428695652174
27-01-2026 14:25||NIFTY27JAN2624800PE,0.45620780701754376
27-01-2026 14:25||NIFTY27JAN2624900PE,0.372698076923077
27-01-2026 14:25||NIFTY27JAN2625000PE,0.30776593750000003
27-01-2026 14:30||NIFTY27JAN2626400CE,1.7053991743119266
27-01-2026 14:30||NIFTY27JAN2624000PE,1.373429722222222
27-01-2026 14:30||NIFTY27JAN2624200PE,1.1946662745098042
27-01-2026 14:30||NIFTY27JAN2624600PE,0.7077952419354838
27-01-2026 14:30||NIFTY27JAN2625100PE,0.17455018181818177
27-01-2026 14:35||NIFTY27JAN2626200CE,1.5575630337078648
27-01-2026 14:35||NIFTY27JAN2624000PE,1.4785663636363635
27-01-2026 14:35||NIFTY27JAN2624200PE,1.297048596491228
27-01-2026 14:35||NIFTY27JAN2624900PE,0.39760119999999993
27-01-2026 14:35||NIFTY27JAN2625000PE,0.2971930612244898
27-01-2026 14:40||NIFTY27JAN2626200CE,1.5691677011494252
27-01-2026 14:40||NIFTY27JAN2626400CE,1.7888149295774645
27-01-2026 14:40||NIFTY27JAN2624000PE,1.5654408333333332
27-01-2026 14:40||NIFTY27JAN2624800PE,0.5223499065420559
27-01-2026 14:45||NIFTY27JAN2625400CE,0.5677676612903225
27-01-2026 14:45||NIFTY27JAN2626400CE,1.8244413636363637
27-01-2026 14:45||NIFTY27JAN2626500CE,1.8860845614035089
27-01-2026 14:45||NIFTY27JAN2624000PE,1.659446818181818
27-01-2026 14:45||NIFTY27JAN2624200PE,1.4337504166666666
27-01-2026 14:45||NIFTY27JAN2624700PE,0.743069262295082
27-01-2026 14:50||NIFTY27JAN2625200CE,0.3511979464285714
27-01-2026 14:50||NIFTY27JAN2625900CE,1.2653938211382114
27-01-2026 14:50||NIFTY27JAN2623800PE,1.9567567441860467
27-01-2026 14:50||NIFTY27JAN2624000PE,1.8520594285714282
27-01-2026 14:50||NIFTY27JAN2624200PE,1.6008022988505748
27-01-2026 14:50||NIFTY27JAN2624800PE,0.6217204109589041
27-01-2026 14:55||NIFTY27JAN2625500CE,0.7229708943089431
27-01-2026 14:55||NIFTY27JAN2625800CE,1.1701160162601625
27-01-2026 14:55||NIFTY27JAN2626400CE,1.9922541121495325
27-01-2026 14:55||NIFTY27JAN2623800PE,2.2079045882352943
27-01-2026 14:55||NIFTY27JAN2624000PE,1.9427187499999998
27-01-2026 14:55||NIFTY27JAN2624800PE,0.6917621590909091
27-01-2026 15:00||NIFTY27JAN2625400CE,0.5628824074074072
27-01-2026 15:00||NIFTY27JAN2624100PE,1.8667034883720932
27-01-2026 15:00||NIFTY27JAN2624700PE,0.9064717073170733
27-01-2026 15:00||NIFTY27JAN2625100PE,0.19663124999999998
27-01-2026 15:05||NIFTY27JAN2626300CE,2.1399350806451616
27-01-2026 15:05||NIFTY27JAN2624000PE,2.2535587096774194
27-01-2026 15:05||NIFTY27JAN2624100PE,2.14309375
27-01-2026 15:05||NIFTY27JAN2624200PE,1.937697699115044
27-01-2026 15:05||NIFTY27JAN2624500PE,1.3406077419354836
27-01-2026 15:10||NIFTY27JAN2625400CE,0.6275782242990654
27-01-2026 15:10||NIFTY27JAN2625600CE,1.0158670833333332
27-01-2026 15:10||NIFTY27JAN2625800CE,1.3925335294117647
27-01-2026 15:10||NIFTY27JAN2626000CE,1.6633935211267603
27-01-2026 15:10||NIFTY27JAN2623900PE,2.5679302
27-01-2026 15:10||NIFTY27JAN2624000PE,2.6976064999999996
27-01-2026 15:10||NIFTY27JAN2624900PE,0.6315215740740739
27-01-2026 15:15||NIFTY27JAN2625900CE,1.8401561061946903
27-01-2026 15:15||NIFTY27JAN2626000CE,2.2447554347826086
27-01-2026 15:15||NIFTY27JAN2626400CE,2.445941232876712
27-01-2026 15:15||NIFTY27JAN2625000PE,0.5876623333333334
27-01-2026 15:20||NIFTY27JAN2625500CE,0.9512167889908255
27-01-2026 15:20||NIFTY27JAN2626000CE,2.7596001754385964
27-01-2026 15:20||NIFTY27JAN2626300CE,2.554864375
27-01-2026 15:20||NIFTY27JAN2626400CE,2.8208933333333337
27-01-2026 15:20||NIFTY27JAN2623800PE,3.162951111111111
27-01-2026 15:20||NIFTY27JAN2623900PE,4.043359647058823
27-01-2026 15:20||NIFTY27JAN2624900PE,0.8503143103448276
27-01-2026 15:25||NIFTY27JAN2626100CE,2.731889710144928
27-01-2026 15:25||NIFTY27JAN2626300CE,2.9291237499999996
27-01-2026 15:25||NIFTY27JAN2626400CE,3.7253133333333333
27-01-2026 15:25||NIFTY27JAN2626500CE,3.5292955769230767
27-01-2026 15:25||NIFTY27JAN2623800PE,4.011463461538463
27-01-2026 15:25||NIFTY27JAN2624900PE,1.1898371428571428
27-01-2026 15:25||NIFTY27JAN2625100PE,0.4214993220338983
